time_index,S,cash,q
0,100.0,8.916037278572539,0.0
0,100.0,8.916037278572539,0.0
0,100.0,8.916037278572539,0.0
0,100.0,8.916037278572539,0.0
0,100.0,8.916037278572539,0.0
0,100.0,8.916037278572539,0.0
0,100.0,8.916037278572539,0.0
0,100.0,8.916037278572539,0.0
0,100.0,8.916037278572539,0.0
0,100.0,8.916037278572539,0.0
0,100.0,8.916037278572539,0.0
0,100.0,8.916037278572539,0.0
0,100.0,8.916037278572539,0.0
0,100.0,8.916037278572539,0.0
0,100.0,8.916037278572539,0.0
0,100.0,8.916037278572539,0.0
0,100.0,8.916037278572539,0.0
0,100.0,8.916037278572539,0.0
0,100.0,8.916037278572539,0.0
0,100.0,8.916037278572539,0.0
0,100.0,8.916037278572539,0.0
0,100.0,8.916037278572539,0.0
0,100.0,8.916037278572539,0.0
0,100.0,8.916037278572539,0.0
0,100.0,8.916037278572539,0.0
0,100.0,8.916037278572539,0.0
0,100.0,8.916037278572539,0.0
0,100.0,8.916037278572539,0.0
0,100.0,8.916037278572539,0.0
0,100.0,8.916037278572539,0.0
0,100.0,8.916037278572539,0.0
0,100.0,8.916037278572539,0.0
0,100.0,8.916037278572539,0.0
0,100.0,8.916037278572539,0.0
0,100.0,8.916037278572539,0.0
0,100.0,8.916037278572539,0.0
0,100.0,8.916037278572539,0.0
0,100.0,8.916037278572539,0.0
0,100.0,8.916037278572539,0.0
0,100.0,8.916037278572539,0.0
0,100.0,8.916037278572539,0.0
0,100.0,8.916037278572539,0.0
0,100.0,8.916037278572539,0.0
0,100.0,8.916037278572539,0.0
0,100.0,8.916037278572539,0.0
0,100.0,8.916037278572539,0.0
0,100.0,8.916037278572539,0.0
0,100.0,8.916037278572539,0.0
0,100.0,8.916037278572539,0.0
0,100.0,8.916037278572539,0.0
0,100.0,8.916037278572539,0.0
0,100.0,8.916037278572539,0.0
0,100.0,8.916037278572539,0.0
0,100.0,8.916037278572539,0.0
0,100.0,8.916037278572539,0.0
0,100.0,8.916037278572539,0.0
0,100.0,8.916037278572539,0.0
0,100.0,8.916037278572539,0.0
0,100.0,8.916037278572539,0.0
0,100.0,8.916037278572539,0.0
0,100.0,8.916037278572539,0.0
0,100.0,8.916037278572539,0.0
0,100.0,8.916037278572539,0.0
0,100.0,8.916037278572539,0.0
0,100.0,8.916037278572539,0.0
0,100.0,8.916037278572539,0.0
0,100.0,8.916037278572539,0.0
0,100.0,8.916037278572539,0.0
0,100.0,8.916037278572539,0.0
0,100.0,8.916037278572539,0.0
0,100.0,8.916037278572539,0.0
0,100.0,8.916037278572539,0.0
0,100.0,8.916037278572539,0.0
0,100.0,8.916037278572539,0.0
0,100.0,8.916037278572539,0.0
0,100.0,8.916037278572539,0.0
0,100.0,8.916037278572539,0.0
0,100.0,8.916037278572539,0.0
0,100.0,8.916037278572539,0.0
0,100.0,8.916037278572539,0.0
0,100.0,8.916037278572539,0.0
0,100.0,8.916037278572539,0.0
0,100.0,8.916037278572539,0.0
0,100.0,8.916037278572539,0.0
0,100.0,8.916037278572539,0.0
0,100.0,8.916037278572539,0.0
0,100.0,8.916037278572539,0.0
0,100.0,8.916037278572539,0.0
0,100.0,8.916037278572539,0.0
0,100.0,8.916037278572539,0.0
0,100.0,8.916037278572539,0.0
0,100.0,8.916037278572539,0.0
0,100.0,8.916037278572539,0.0
0,100.0,8.916037278572539,0.0
0,100.0,8.916037278572539,0.0
0,100.0,8.916037278572539,0.0
0,100.0,8.916037278572539,0.0
0,100.0,8.916037278572539,0.0
0,100.0,8.916037278572539,0.0
0,100.0,8.916037278572539,0.0
0,100.0,8.916037278572539,0.0
0,100.0,8.916037278572539,0.0
0,100.0,8.916037278572539,0.0
0,100.0,8.916037278572539,0.0
0,100.0,8.916037278572539,0.0
0,100.0,8.916037278572539,0.0
0,100.0,8.916037278572539,0.0
0,100.0,8.916037278572539,0.0
0,100.0,8.916037278572539,0.0
0,100.0,8.916037278572539,0.0
0,100.0,8.916037278572539,0.0
0,100.0,8.916037278572539,0.0
0,100.0,8.916037278572539,0.0
0,100.0,8.916037278572539,0.0
0,100.0,8.916037278572539,0.0
0,100.0,8.916037278572539,0.0
0,100.0,8.916037278572539,0.0
0,100.0,8.916037278572539,0.0
0,100.0,8.916037278572539,0.0
0,100.0,8.916037278572539,0.0
0,100.0,8.916037278572539,0.0
0,100.0,8.916037278572539,0.0
0,100.0,8.916037278572539,0.0
0,100.0,8.916037278572539,0.0
0,100.0,8.916037278572539,0.0
0,100.0,8.916037278572539,0.0
0,100.0,8.916037278572539,0.0
0,100.0,8.916037278572539,0.0
0,100.0,8.916037278572539,0.0
0,100.0,8.916037278572539,0.0
0,100.0,8.916037278572539,0.0
0,100.0,8.916037278572539,0.0
0,100.0,8.916037278572539,0.0
0,100.0,8.916037278572539,0.0
0,100.0,8.916037278572539,0.0
0,100.0,8.916037278572539,0.0
0,100.0,8.916037278572539,0.0
0,100.0,8.916037278572539,0.0
0,100.0,8.916037278572539,0.0
0,100.0,8.916037278572539,0.0
0,100.0,8.916037278572539,0.0
0,100.0,8.916037278572539,0.0
0,100.0,8.916037278572539,0.0
0,100.0,8.916037278572539,0.0
0,100.0,8.916037278572539,0.0
0,100.0,8.916037278572539,0.0
0,100.0,8.916037278572539,0.0
0,100.0,8.916037278572539,0.0
0,100.0,8.916037278572539,0.0
0,100.0,8.916037278572539,0.0
0,100.0,8.916037278572539,0.0
0,100.0,8.916037278572539,0.0
0,100.0,8.916037278572539,0.0
0,100.0,8.916037278572539,0.0
0,100.0,8.916037278572539,0.0
0,100.0,8.916037278572539,0.0
0,100.0,8.916037278572539,0.0
0,100.0,8.916037278572539,0.0
0,100.0,8.916037278572539,0.0
0,100.0,8.916037278572539,0.0
0,100.0,8.916037278572539,0.0
0,100.0,8.916037278572539,0.0
0,100.0,8.916037278572539,0.0
0,100.0,8.916037278572539,0.0
0,100.0,8.916037278572539,0.0
0,100.0,8.916037278572539,0.0
0,100.0,8.916037278572539,0.0
0,100.0,8.916037278572539,0.0
0,100.0,8.916037278572539,0.0
0,100.0,8.916037278572539,0.0
0,100.0,8.916037278572539,0.0
0,100.0,8.916037278572539,0.0
0,100.0,8.916037278572539,0.0
0,100.0,8.916037278572539,0.0
0,100.0,8.916037278572539,0.0
0,100.0,8.916037278572539,0.0
0,100.0,8.916037278572539,0.0
0,100.0,8.916037278572539,0.0
0,100.0,8.916037278572539,0.0
0,100.0,8.916037278572539,0.0
0,100.0,8.916037278572539,0.0
0,100.0,8.916037278572539,0.0
0,100.0,8.916037278572539,0.0
0,100.0,8.916037278572539,0.0
0,100.0,8.916037278572539,0.0
0,100.0,8.916037278572539,0.0
0,100.0,8.916037278572539,0.0
0,100.0,8.916037278572539,0.0
0,100.0,8.916037278572539,0.0
0,100.0,8.916037278572539,0.0
0,100.0,8.916037278572539,0.0
0,100.0,8.916037278572539,0.0
0,100.0,8.916037278572539,0.0
0,100.0,8.916037278572539,0.0
0,100.0,8.916037278572539,0.0
0,100.0,8.916037278572539,0.0
0,100.0,8.916037278572539,0.0
0,100.0,8.916037278572539,0.0
0,100.0,8.916037278572539,0.0
0,100.0,8.916037278572539,0.0
0,100.0,8.916037278572539,0.0
0,100.0,8.916037278572539,0.0
0,100.0,8.916037278572539,0.0
0,100.0,8.916037278572539,0.0
0,100.0,8.916037278572539,0.0
0,100.0,8.916037278572539,0.0
0,100.0,8.916037278572539,0.0
0,100.0,8.916037278572539,0.0
0,100.0,8.916037278572539,0.0
0,100.0,8.916037278572539,0.0
0,100.0,8.916037278572539,0.0
0,100.0,8.916037278572539,0.0
0,100.0,8.916037278572539,0.0
0,100.0,8.916037278572539,0.0
0,100.0,8.916037278572539,0.0
0,100.0,8.916037278572539,0.0
0,100.0,8.916037278572539,0.0
0,100.0,8.916037278572539,0.0
0,100.0,8.916037278572539,0.0
0,100.0,8.916037278572539,0.0
0,100.0,8.916037278572539,0.0
0,100.0,8.916037278572539,0.0
0,100.0,8.916037278572539,0.0
0,100.0,8.916037278572539,0.0
0,100.0,8.916037278572539,0.0
0,100.0,8.916037278572539,0.0
0,100.0,8.916037278572539,0.0
0,100.0,8.916037278572539,0.0
0,100.0,8.916037278572539,0.0
0,100.0,8.916037278572539,0.0
0,100.0,8.916037278572539,0.0
0,100.0,8.916037278572539,0.0
0,100.0,8.916037278572539,0.0
0,100.0,8.916037278572539,0.0
0,100.0,8.916037278572539,0.0
0,100.0,8.916037278572539,0.0
0,100.0,8.916037278572539,0.0
0,100.0,8.916037278572539,0.0
0,100.0,8.916037278572539,0.0
0,100.0,8.916037278572539,0.0
0,100.0,8.916037278572539,0.0
0,100.0,8.916037278572539,0.0
0,100.0,8.916037278572539,0.0
0,100.0,8.916037278572539,0.0
0,100.0,8.916037278572539,0.0
0,100.0,8.916037278572539,0.0
0,100.0,8.916037278572539,0.0
0,100.0,8.916037278572539,0.0
0,100.0,8.916037278572539,0.0
0,100.0,8.916037278572539,0.0
0,100.0,8.916037278572539,0.0
0,100.0,8.916037278572539,0.0
0,100.0,8.916037278572539,0.0
0,100.0,8.916037278572539,0.0
0,100.0,8.916037278572539,0.0
0,100.0,8.916037278572539,0.0
0,100.0,8.916037278572539,0.0
0,100.0,8.916037278572539,0.0
0,100.0,8.916037278572539,0.0
0,100.0,8.916037278572539,0.0
0,100.0,8.916037278572539,0.0
0,100.0,8.916037278572539,0.0
0,100.0,8.916037278572539,0.0
0,100.0,8.916037278572539,0.0
0,100.0,8.916037278572539,0.0
0,100.0,8.916037278572539,0.0
0,100.0,8.916037278572539,0.0
0,100.0,8.916037278572539,0.0
0,100.0,8.916037278572539,0.0
0,100.0,8.916037278572539,0.0
0,100.0,8.916037278572539,0.0
0,100.0,8.916037278572539,0.0
0,100.0,8.916037278572539,0.0
0,100.0,8.916037278572539,0.0
0,100.0,8.916037278572539,0.0
0,100.0,8.916037278572539,0.0
0,100.0,8.916037278572539,0.0
0,100.0,8.916037278572539,0.0
0,100.0,8.916037278572539,0.0
0,100.0,8.916037278572539,0.0
0,100.0,8.916037278572539,0.0
0,100.0,8.916037278572539,0.0
0,100.0,8.916037278572539,0.0
0,100.0,8.916037278572539,0.0
0,100.0,8.916037278572539,0.0
0,100.0,8.916037278572539,0.0
0,100.0,8.916037278572539,0.0
0,100.0,8.916037278572539,0.0
0,100.0,8.916037278572539,0.0
0,100.0,8.916037278572539,0.0
0,100.0,8.916037278572539,0.0
0,100.0,8.916037278572539,0.0
0,100.0,8.916037278572539,0.0
0,100.0,8.916037278572539,0.0
0,100.0,8.916037278572539,0.0
0,100.0,8.916037278572539,0.0
0,100.0,8.916037278572539,0.0
0,100.0,8.916037278572539,0.0
0,100.0,8.916037278572539,0.0
0,100.0,8.916037278572539,0.0
0,100.0,8.916037278572539,0.0
0,100.0,8.916037278572539,0.0
0,100.0,8.916037278572539,0.0
0,100.0,8.916037278572539,0.0
0,100.0,8.916037278572539,0.0
0,100.0,8.916037278572539,0.0
0,100.0,8.916037278572539,0.0
0,100.0,8.916037278572539,0.0
0,100.0,8.916037278572539,0.0
0,100.0,8.916037278572539,0.0
0,100.0,8.916037278572539,0.0
0,100.0,8.916037278572539,0.0
0,100.0,8.916037278572539,0.0
0,100.0,8.916037278572539,0.0
0,100.0,8.916037278572539,0.0
0,100.0,8.916037278572539,0.0
0,100.0,8.916037278572539,0.0
0,100.0,8.916037278572539,0.0
0,100.0,8.916037278572539,0.0
0,100.0,8.916037278572539,0.0
0,100.0,8.916037278572539,0.0
0,100.0,8.916037278572539,0.0
0,100.0,8.916037278572539,0.0
0,100.0,8.916037278572539,0.0
0,100.0,8.916037278572539,0.0
0,100.0,8.916037278572539,0.0
0,100.0,8.916037278572539,0.0
0,100.0,8.916037278572539,0.0
0,100.0,8.916037278572539,0.0
0,100.0,8.916037278572539,0.0
0,100.0,8.916037278572539,0.0
0,100.0,8.916037278572539,0.0
0,100.0,8.916037278572539,0.0
0,100.0,8.916037278572539,0.0
0,100.0,8.916037278572539,0.0
0,100.0,8.916037278572539,0.0
0,100.0,8.916037278572539,0.0
0,100.0,8.916037278572539,0.0
0,100.0,8.916037278572539,0.0
0,100.0,8.916037278572539,0.0
0,100.0,8.916037278572539,0.0
0,100.0,8.916037278572539,0.0
0,100.0,8.916037278572539,0.0
0,100.0,8.916037278572539,0.0
0,100.0,8.916037278572539,0.0
0,100.0,8.916037278572539,0.0
0,100.0,8.916037278572539,0.0
0,100.0,8.916037278572539,0.0
0,100.0,8.916037278572539,0.0
0,100.0,8.916037278572539,0.0
0,100.0,8.916037278572539,0.0
0,100.0,8.916037278572539,0.0
0,100.0,8.916037278572539,0.0
0,100.0,8.916037278572539,0.0
0,100.0,8.916037278572539,0.0
0,100.0,8.916037278572539,0.0
0,100.0,8.916037278572539,0.0
0,100.0,8.916037278572539,0.0
0,100.0,8.916037278572539,0.0
0,100.0,8.916037278572539,0.0
0,100.0,8.916037278572539,0.0
0,100.0,8.916037278572539,0.0
0,100.0,8.916037278572539,0.0
0,100.0,8.916037278572539,0.0
0,100.0,8.916037278572539,0.0
0,100.0,8.916037278572539,0.0
0,100.0,8.916037278572539,0.0
0,100.0,8.916037278572539,0.0
0,100.0,8.916037278572539,0.0
0,100.0,8.916037278572539,0.0
0,100.0,8.916037278572539,0.0
0,100.0,8.916037278572539,0.0
0,100.0,8.916037278572539,0.0
0,100.0,8.916037278572539,0.0
0,100.0,8.916037278572539,0.0
0,100.0,8.916037278572539,0.0
0,100.0,8.916037278572539,0.0
0,100.0,8.916037278572539,0.0
0,100.0,8.916037278572539,0.0
0,100.0,8.916037278572539,0.0
0,100.0,8.916037278572539,0.0
0,100.0,8.916037278572539,0.0
0,100.0,8.916037278572539,0.0
0,100.0,8.916037278572539,0.0
0,100.0,8.916037278572539,0.0
0,100.0,8.916037278572539,0.0
0,100.0,8.916037278572539,0.0
0,100.0,8.916037278572539,0.0
0,100.0,8.916037278572539,0.0
0,100.0,8.916037278572539,0.0
0,100.0,8.916037278572539,0.0
0,100.0,8.916037278572539,0.0
0,100.0,8.916037278572539,0.0
0,100.0,8.916037278572539,0.0
0,100.0,8.916037278572539,0.0
0,100.0,8.916037278572539,0.0
0,100.0,8.916037278572539,0.0
0,100.0,8.916037278572539,0.0
0,100.0,8.916037278572539,0.0
0,100.0,8.916037278572539,0.0
0,100.0,8.916037278572539,0.0
0,100.0,8.916037278572539,0.0
0,100.0,8.916037278572539,0.0
0,100.0,8.916037278572539,0.0
0,100.0,8.916037278572539,0.0
0,100.0,8.916037278572539,0.0
0,100.0,8.916037278572539,0.0
0,100.0,8.916037278572539,0.0
0,100.0,8.916037278572539,0.0
0,100.0,8.916037278572539,0.0
0,100.0,8.916037278572539,0.0
0,100.0,8.916037278572539,0.0
0,100.0,8.916037278572539,0.0
0,100.0,8.916037278572539,0.0
0,100.0,8.916037278572539,0.0
0,100.0,8.916037278572539,0.0
0,100.0,8.916037278572539,0.0
0,100.0,8.916037278572539,0.0
0,100.0,8.916037278572539,0.0
0,100.0,8.916037278572539,0.0
0,100.0,8.916037278572539,0.0
0,100.0,8.916037278572539,0.0
0,100.0,8.916037278572539,0.0
0,100.0,8.916037278572539,0.0
0,100.0,8.916037278572539,0.0
0,100.0,8.916037278572539,0.0
0,100.0,8.916037278572539,0.0
0,100.0,8.916037278572539,0.0
0,100.0,8.916037278572539,0.0
0,100.0,8.916037278572539,0.0
0,100.0,8.916037278572539,0.0
0,100.0,8.916037278572539,0.0
0,100.0,8.916037278572539,0.0
0,100.0,8.916037278572539,0.0
0,100.0,8.916037278572539,0.0
0,100.0,8.916037278572539,0.0
0,100.0,8.916037278572539,0.0
0,100.0,8.916037278572539,0.0
0,100.0,8.916037278572539,0.0
0,100.0,8.916037278572539,0.0
0,100.0,8.916037278572539,0.0
0,100.0,8.916037278572539,0.0
0,100.0,8.916037278572539,0.0
0,100.0,8.916037278572539,0.0
0,100.0,8.916037278572539,0.0
0,100.0,8.916037278572539,0.0
0,100.0,8.916037278572539,0.0
0,100.0,8.916037278572539,0.0
0,100.0,8.916037278572539,0.0
0,100.0,8.916037278572539,0.0
0,100.0,8.916037278572539,0.0
0,100.0,8.916037278572539,0.0
0,100.0,8.916037278572539,0.0
0,100.0,8.916037278572539,0.0
0,100.0,8.916037278572539,0.0
0,100.0,8.916037278572539,0.0
0,100.0,8.916037278572539,0.0
0,100.0,8.916037278572539,0.0
0,100.0,8.916037278572539,0.0
0,100.0,8.916037278572539,0.0
0,100.0,8.916037278572539,0.0
0,100.0,8.916037278572539,0.0
0,100.0,8.916037278572539,0.0
0,100.0,8.916037278572539,0.0
0,100.0,8.916037278572539,0.0
0,100.0,8.916037278572539,0.0
0,100.0,8.916037278572539,0.0
0,100.0,8.916037278572539,0.0
0,100.0,8.916037278572539,0.0
0,100.0,8.916037278572539,0.0
0,100.0,8.916037278572539,0.0
0,100.0,8.916037278572539,0.0
0,100.0,8.916037278572539,0.0
0,100.0,8.916037278572539,0.0
0,100.0,8.916037278572539,0.0
0,100.0,8.916037278572539,0.0
0,100.0,8.916037278572539,0.0
0,100.0,8.916037278572539,0.0
0,100.0,8.916037278572539,0.0
0,100.0,8.916037278572539,0.0
0,100.0,8.916037278572539,0.0
0,100.0,8.916037278572539,0.0
0,100.0,8.916037278572539,0.0
0,100.0,8.916037278572539,0.0
0,100.0,8.916037278572539,0.0
0,100.0,8.916037278572539,0.0
0,100.0,8.916037278572539,0.0
0,100.0,8.916037278572539,0.0
0,100.0,8.916037278572539,0.0
0,100.0,8.916037278572539,0.0
0,100.0,8.916037278572539,0.0
0,100.0,8.916037278572539,0.0
0,100.0,8.916037278572539,0.0
0,100.0,8.916037278572539,0.0
0,100.0,8.916037278572539,0.0
0,100.0,8.916037278572539,0.0
0,100.0,8.916037278572539,0.0
0,100.0,8.916037278572539,0.0
0,100.0,8.916037278572539,0.0
0,100.0,8.916037278572539,0.0
0,100.0,8.916037278572539,0.0
0,100.0,8.916037278572539,0.0
0,100.0,8.916037278572539,0.0
0,100.0,8.916037278572539,0.0
0,100.0,8.916037278572539,0.0
0,100.0,8.916037278572539,0.0
0,100.0,8.916037278572539,0.0
0,100.0,8.916037278572539,0.0
0,100.0,8.916037278572539,0.0
0,100.0,8.916037278572539,0.0
0,100.0,8.916037278572539,0.0
0,100.0,8.916037278572539,0.0
0,100.0,8.916037278572539,0.0
0,100.0,8.916037278572539,0.0
0,100.0,8.916037278572539,0.0
0,100.0,8.916037278572539,0.0
0,100.0,8.916037278572539,0.0
0,100.0,8.916037278572539,0.0
0,100.0,8.916037278572539,0.0
0,100.0,8.916037278572539,0.0
0,100.0,8.916037278572539,0.0
0,100.0,8.916037278572539,0.0
0,100.0,8.916037278572539,0.0
0,100.0,8.916037278572539,0.0
0,100.0,8.916037278572539,0.0
0,100.0,8.916037278572539,0.0
0,100.0,8.916037278572539,0.0
0,100.0,8.916037278572539,0.0
0,100.0,8.916037278572539,0.0
0,100.0,8.916037278572539,0.0
0,100.0,8.916037278572539,0.0
0,100.0,8.916037278572539,0.0
0,100.0,8.916037278572539,0.0
0,100.0,8.916037278572539,0.0
0,100.0,8.916037278572539,0.0
0,100.0,8.916037278572539,0.0
0,100.0,8.916037278572539,0.0
0,100.0,8.916037278572539,0.0
0,100.0,8.916037278572539,0.0
0,100.0,8.916037278572539,0.0
0,100.0,8.916037278572539,0.0
0,100.0,8.916037278572539,0.0
0,100.0,8.916037278572539,0.0
0,100.0,8.916037278572539,0.0
0,100.0,8.916037278572539,0.0
0,100.0,8.916037278572539,0.0
0,100.0,8.916037278572539,0.0
0,100.0,8.916037278572539,0.0
0,100.0,8.916037278572539,0.0
0,100.0,8.916037278572539,0.0
0,100.0,8.916037278572539,0.0
0,100.0,8.916037278572539,0.0
0,100.0,8.916037278572539,0.0
0,100.0,8.916037278572539,0.0
0,100.0,8.916037278572539,0.0
0,100.0,8.916037278572539,0.0
0,100.0,8.916037278572539,0.0
0,100.0,8.916037278572539,0.0
0,100.0,8.916037278572539,0.0
0,100.0,8.916037278572539,0.0
0,100.0,8.916037278572539,0.0
0,100.0,8.916037278572539,0.0
0,100.0,8.916037278572539,0.0
0,100.0,8.916037278572539,0.0
0,100.0,8.916037278572539,0.0
0,100.0,8.916037278572539,0.0
0,100.0,8.916037278572539,0.0
0,100.0,8.916037278572539,0.0
0,100.0,8.916037278572539,0.0
0,100.0,8.916037278572539,0.0
0,100.0,8.916037278572539,0.0
0,100.0,8.916037278572539,0.0
0,100.0,8.916037278572539,0.0
0,100.0,8.916037278572539,0.0
0,100.0,8.916037278572539,0.0
0,100.0,8.916037278572539,0.0
0,100.0,8.916037278572539,0.0
0,100.0,8.916037278572539,0.0
0,100.0,8.916037278572539,0.0
0,100.0,8.916037278572539,0.0
0,100.0,8.916037278572539,0.0
0,100.0,8.916037278572539,0.0
0,100.0,8.916037278572539,0.0
0,100.0,8.916037278572539,0.0
0,100.0,8.916037278572539,0.0
0,100.0,8.916037278572539,0.0
0,100.0,8.916037278572539,0.0
0,100.0,8.916037278572539,0.0
0,100.0,8.916037278572539,0.0
0,100.0,8.916037278572539,0.0
0,100.0,8.916037278572539,0.0
0,100.0,8.916037278572539,0.0
0,100.0,8.916037278572539,0.0
0,100.0,8.916037278572539,0.0
0,100.0,8.916037278572539,0.0
0,100.0,8.916037278572539,0.0
0,100.0,8.916037278572539,0.0
0,100.0,8.916037278572539,0.0
0,100.0,8.916037278572539,0.0
0,100.0,8.916037278572539,0.0
0,100.0,8.916037278572539,0.0
0,100.0,8.916037278572539,0.0
0,100.0,8.916037278572539,0.0
0,100.0,8.916037278572539,0.0
0,100.0,8.916037278572539,0.0
0,100.0,8.916037278572539,0.0
0,100.0,8.916037278572539,0.0
0,100.0,8.916037278572539,0.0
0,100.0,8.916037278572539,0.0
0,100.0,8.916037278572539,0.0
0,100.0,8.916037278572539,0.0
0,100.0,8.916037278572539,0.0
0,100.0,8.916037278572539,0.0
0,100.0,8.916037278572539,0.0
0,100.0,8.916037278572539,0.0
0,100.0,8.916037278572539,0.0
0,100.0,8.916037278572539,0.0
0,100.0,8.916037278572539,0.0
0,100.0,8.916037278572539,0.0
0,100.0,8.916037278572539,0.0
0,100.0,8.916037278572539,0.0
0,100.0,8.916037278572539,0.0
0,100.0,8.916037278572539,0.0
0,100.0,8.916037278572539,0.0
0,100.0,8.916037278572539,0.0
0,100.0,8.916037278572539,0.0
0,100.0,8.916037278572539,0.0
0,100.0,8.916037278572539,0.0
0,100.0,8.916037278572539,0.0
0,100.0,8.916037278572539,0.0
0,100.0,8.916037278572539,0.0
0,100.0,8.916037278572539,0.0
0,100.0,8.916037278572539,0.0
0,100.0,8.916037278572539,0.0
0,100.0,8.916037278572539,0.0
0,100.0,8.916037278572539,0.0
0,100.0,8.916037278572539,0.0
0,100.0,8.916037278572539,0.0
0,100.0,8.916037278572539,0.0
0,100.0,8.916037278572539,0.0
0,100.0,8.916037278572539,0.0
0,100.0,8.916037278572539,0.0
0,100.0,8.916037278572539,0.0
0,100.0,8.916037278572539,0.0
0,100.0,8.916037278572539,0.0
0,100.0,8.916037278572539,0.0
0,100.0,8.916037278572539,0.0
0,100.0,8.916037278572539,0.0
0,100.0,8.916037278572539,0.0
0,100.0,8.916037278572539,0.0
0,100.0,8.916037278572539,0.0
0,100.0,8.916037278572539,0.0
0,100.0,8.916037278572539,0.0
0,100.0,8.916037278572539,0.0
0,100.0,8.916037278572539,0.0
0,100.0,8.916037278572539,0.0
0,100.0,8.916037278572539,0.0
0,100.0,8.916037278572539,0.0
0,100.0,8.916037278572539,0.0
0,100.0,8.916037278572539,0.0
0,100.0,8.916037278572539,0.0
0,100.0,8.916037278572539,0.0
0,100.0,8.916037278572539,0.0
0,100.0,8.916037278572539,0.0
0,100.0,8.916037278572539,0.0
0,100.0,8.916037278572539,0.0
0,100.0,8.916037278572539,0.0
0,100.0,8.916037278572539,0.0
0,100.0,8.916037278572539,0.0
0,100.0,8.916037278572539,0.0
0,100.0,8.916037278572539,0.0
0,100.0,8.916037278572539,0.0
0,100.0,8.916037278572539,0.0
0,100.0,8.916037278572539,0.0
0,100.0,8.916037278572539,0.0
0,100.0,8.916037278572539,0.0
0,100.0,8.916037278572539,0.0
0,100.0,8.916037278572539,0.0
0,100.0,8.916037278572539,0.0
0,100.0,8.916037278572539,0.0
0,100.0,8.916037278572539,0.0
0,100.0,8.916037278572539,0.0
0,100.0,8.916037278572539,0.0
0,100.0,8.916037278572539,0.0
0,100.0,8.916037278572539,0.0
0,100.0,8.916037278572539,0.0
0,100.0,8.916037278572539,0.0
0,100.0,8.916037278572539,0.0
0,100.0,8.916037278572539,0.0
0,100.0,8.916037278572539,0.0
0,100.0,8.916037278572539,0.0
0,100.0,8.916037278572539,0.0
0,100.0,8.916037278572539,0.0
0,100.0,8.916037278572539,0.0
0,100.0,8.916037278572539,0.0
0,100.0,8.916037278572539,0.0
0,100.0,8.916037278572539,0.0
0,100.0,8.916037278572539,0.0
0,100.0,8.916037278572539,0.0
0,100.0,8.916037278572539,0.0
0,100.0,8.916037278572539,0.0
0,100.0,8.916037278572539,0.0
0,100.0,8.916037278572539,0.0
0,100.0,8.916037278572539,0.0
0,100.0,8.916037278572539,0.0
0,100.0,8.916037278572539,0.0
0,100.0,8.916037278572539,0.0
0,100.0,8.916037278572539,0.0
0,100.0,8.916037278572539,0.0
0,100.0,8.916037278572539,0.0
0,100.0,8.916037278572539,0.0
0,100.0,8.916037278572539,0.0
0,100.0,8.916037278572539,0.0
0,100.0,8.916037278572539,0.0
0,100.0,8.916037278572539,0.0
0,100.0,8.916037278572539,0.0
0,100.0,8.916037278572539,0.0
0,100.0,8.916037278572539,0.0
0,100.0,8.916037278572539,0.0
0,100.0,8.916037278572539,0.0
0,100.0,8.916037278572539,0.0
0,100.0,8.916037278572539,0.0
0,100.0,8.916037278572539,0.0
0,100.0,8.916037278572539,0.0
0,100.0,8.916037278572539,0.0
0,100.0,8.916037278572539,0.0
0,100.0,8.916037278572539,0.0
0,100.0,8.916037278572539,0.0
0,100.0,8.916037278572539,0.0
0,100.0,8.916037278572539,0.0
0,100.0,8.916037278572539,0.0
0,100.0,8.916037278572539,0.0
0,100.0,8.916037278572539,0.0
0,100.0,8.916037278572539,0.0
0,100.0,8.916037278572539,0.0
0,100.0,8.916037278572539,0.0
0,100.0,8.916037278572539,0.0
0,100.0,8.916037278572539,0.0
0,100.0,8.916037278572539,0.0
0,100.0,8.916037278572539,0.0
0,100.0,8.916037278572539,0.0
0,100.0,8.916037278572539,0.0
0,100.0,8.916037278572539,0.0
0,100.0,8.916037278572539,0.0
0,100.0,8.916037278572539,0.0
0,100.0,8.916037278572539,0.0
0,100.0,8.916037278572539,0.0
0,100.0,8.916037278572539,0.0
0,100.0,8.916037278572539,0.0
0,100.0,8.916037278572539,0.0
0,100.0,8.916037278572539,0.0
0,100.0,8.916037278572539,0.0
0,100.0,8.916037278572539,0.0
0,100.0,8.916037278572539,0.0
0,100.0,8.916037278572539,0.0
0,100.0,8.916037278572539,0.0
0,100.0,8.916037278572539,0.0
0,100.0,8.916037278572539,0.0
0,100.0,8.916037278572539,0.0
0,100.0,8.916037278572539,0.0
0,100.0,8.916037278572539,0.0
0,100.0,8.916037278572539,0.0
0,100.0,8.916037278572539,0.0
0,100.0,8.916037278572539,0.0
0,100.0,8.916037278572539,0.0
0,100.0,8.916037278572539,0.0
0,100.0,8.916037278572539,0.0
0,100.0,8.916037278572539,0.0
0,100.0,8.916037278572539,0.0
0,100.0,8.916037278572539,0.0
0,100.0,8.916037278572539,0.0
0,100.0,8.916037278572539,0.0
0,100.0,8.916037278572539,0.0
0,100.0,8.916037278572539,0.0
0,100.0,8.916037278572539,0.0
0,100.0,8.916037278572539,0.0
0,100.0,8.916037278572539,0.0
0,100.0,8.916037278572539,0.0
0,100.0,8.916037278572539,0.0
0,100.0,8.916037278572539,0.0
0,100.0,8.916037278572539,0.0
0,100.0,8.916037278572539,0.0
0,100.0,8.916037278572539,0.0
0,100.0,8.916037278572539,0.0
0,100.0,8.916037278572539,0.0
0,100.0,8.916037278572539,0.0
0,100.0,8.916037278572539,0.0
0,100.0,8.916037278572539,0.0
0,100.0,8.916037278572539,0.0
0,100.0,8.916037278572539,0.0
0,100.0,8.916037278572539,0.0
0,100.0,8.916037278572539,0.0
0,100.0,8.916037278572539,0.0
0,100.0,8.916037278572539,0.0
0,100.0,8.916037278572539,0.0
0,100.0,8.916037278572539,0.0
0,100.0,8.916037278572539,0.0
0,100.0,8.916037278572539,0.0
0,100.0,8.916037278572539,0.0
0,100.0,8.916037278572539,0.0
0,100.0,8.916037278572539,0.0
0,100.0,8.916037278572539,0.0
0,100.0,8.916037278572539,0.0
0,100.0,8.916037278572539,0.0
0,100.0,8.916037278572539,0.0
0,100.0,8.916037278572539,0.0
0,100.0,8.916037278572539,0.0
0,100.0,8.916037278572539,0.0
0,100.0,8.916037278572539,0.0
0,100.0,8.916037278572539,0.0
0,100.0,8.916037278572539,0.0
0,100.0,8.916037278572539,0.0
0,100.0,8.916037278572539,0.0
0,100.0,8.916037278572539,0.0
0,100.0,8.916037278572539,0.0
0,100.0,8.916037278572539,0.0
0,100.0,8.916037278572539,0.0
0,100.0,8.916037278572539,0.0
0,100.0,8.916037278572539,0.0
0,100.0,8.916037278572539,0.0
0,100.0,8.916037278572539,0.0
0,100.0,8.916037278572539,0.0
0,100.0,8.916037278572539,0.0
0,100.0,8.916037278572539,0.0
0,100.0,8.916037278572539,0.0
0,100.0,8.916037278572539,0.0
0,100.0,8.916037278572539,0.0
0,100.0,8.916037278572539,0.0
0,100.0,8.916037278572539,0.0
0,100.0,8.916037278572539,0.0
0,100.0,8.916037278572539,0.0
0,100.0,8.916037278572539,0.0
0,100.0,8.916037278572539,0.0
0,100.0,8.916037278572539,0.0
0,100.0,8.916037278572539,0.0
0,100.0,8.916037278572539,0.0
0,100.0,8.916037278572539,0.0
0,100.0,8.916037278572539,0.0
0,100.0,8.916037278572539,0.0
0,100.0,8.916037278572539,0.0
0,100.0,8.916037278572539,0.0
0,100.0,8.916037278572539,0.0
0,100.0,8.916037278572539,0.0
0,100.0,8.916037278572539,0.0
0,100.0,8.916037278572539,0.0
0,100.0,8.916037278572539,0.0
0,100.0,8.916037278572539,0.0
0,100.0,8.916037278572539,0.0
0,100.0,8.916037278572539,0.0
0,100.0,8.916037278572539,0.0
0,100.0,8.916037278572539,0.0
0,100.0,8.916037278572539,0.0
0,100.0,8.916037278572539,0.0
0,100.0,8.916037278572539,0.0
0,100.0,8.916037278572539,0.0
0,100.0,8.916037278572539,0.0
0,100.0,8.916037278572539,0.0
0,100.0,8.916037278572539,0.0
0,100.0,8.916037278572539,0.0
0,100.0,8.916037278572539,0.0
0,100.0,8.916037278572539,0.0
0,100.0,8.916037278572539,0.0
0,100.0,8.916037278572539,0.0
0,100.0,8.916037278572539,0.0
0,100.0,8.916037278572539,0.0
0,100.0,8.916037278572539,0.0
0,100.0,8.916037278572539,0.0
0,100.0,8.916037278572539,0.0
0,100.0,8.916037278572539,0.0
0,100.0,8.916037278572539,0.0
0,100.0,8.916037278572539,0.0
0,100.0,8.916037278572539,0.0
0,100.0,8.916037278572539,0.0
0,100.0,8.916037278572539,0.0
0,100.0,8.916037278572539,0.0
0,100.0,8.916037278572539,0.0
0,100.0,8.916037278572539,0.0
0,100.0,8.916037278572539,0.0
0,100.0,8.916037278572539,0.0
0,100.0,8.916037278572539,0.0
0,100.0,8.916037278572539,0.0
0,100.0,8.916037278572539,0.0
0,100.0,8.916037278572539,0.0
0,100.0,8.916037278572539,0.0
0,100.0,8.916037278572539,0.0
0,100.0,8.916037278572539,0.0
0,100.0,8.916037278572539,0.0
0,100.0,8.916037278572539,0.0
0,100.0,8.916037278572539,0.0
0,100.0,8.916037278572539,0.0
0,100.0,8.916037278572539,0.0
0,100.0,8.916037278572539,0.0
0,100.0,8.916037278572539,0.0
0,100.0,8.916037278572539,0.0
0,100.0,8.916037278572539,0.0
0,100.0,8.916037278572539,0.0
0,100.0,8.916037278572539,0.0
0,100.0,8.916037278572539,0.0
0,100.0,8.916037278572539,0.0
0,100.0,8.916037278572539,0.0
0,100.0,8.916037278572539,0.0
0,100.0,8.916037278572539,0.0
0,100.0,8.916037278572539,0.0
0,100.0,8.916037278572539,0.0
0,100.0,8.916037278572539,0.0
0,100.0,8.916037278572539,0.0
0,100.0,8.916037278572539,0.0
0,100.0,8.916037278572539,0.0
0,100.0,8.916037278572539,0.0
0,100.0,8.916037278572539,0.0
0,100.0,8.916037278572539,0.0
0,100.0,8.916037278572539,0.0
0,100.0,8.916037278572539,0.0
0,100.0,8.916037278572539,0.0
0,100.0,8.916037278572539,0.0
0,100.0,8.916037278572539,0.0
0,100.0,8.916037278572539,0.0
0,100.0,8.916037278572539,0.0
0,100.0,8.916037278572539,0.0
0,100.0,8.916037278572539,0.0
0,100.0,8.916037278572539,0.0
0,100.0,8.916037278572539,0.0
0,100.0,8.916037278572539,0.0
0,100.0,8.916037278572539,0.0
0,100.0,8.916037278572539,0.0
0,100.0,8.916037278572539,0.0
0,100.0,8.916037278572539,0.0
0,100.0,8.916037278572539,0.0
0,100.0,8.916037278572539,0.0
0,100.0,8.916037278572539,0.0
0,100.0,8.916037278572539,0.0
0,100.0,8.916037278572539,0.0
0,100.0,8.916037278572539,0.0
0,100.0,8.916037278572539,0.0
0,100.0,8.916037278572539,0.0
0,100.0,8.916037278572539,0.0
0,100.0,8.916037278572539,0.0
0,100.0,8.916037278572539,0.0
0,100.0,8.916037278572539,0.0
0,100.0,8.916037278572539,0.0
0,100.0,8.916037278572539,0.0
0,100.0,8.916037278572539,0.0
0,100.0,8.916037278572539,0.0
0,100.0,8.916037278572539,0.0
0,100.0,8.916037278572539,0.0
0,100.0,8.916037278572539,0.0
0,100.0,8.916037278572539,0.0
0,100.0,8.916037278572539,0.0
0,100.0,8.916037278572539,0.0
0,100.0,8.916037278572539,0.0
0,100.0,8.916037278572539,0.0
0,100.0,8.916037278572539,0.0
0,100.0,8.916037278572539,0.0
0,100.0,8.916037278572539,0.0
0,100.0,8.916037278572539,0.0
0,100.0,8.916037278572539,0.0
0,100.0,8.916037278572539,0.0
0,100.0,8.916037278572539,0.0
0,100.0,8.916037278572539,0.0
0,100.0,8.916037278572539,0.0
0,100.0,8.916037278572539,0.0
0,100.0,8.916037278572539,0.0
0,100.0,8.916037278572539,0.0
0,100.0,8.916037278572539,0.0
0,100.0,8.916037278572539,0.0
0,100.0,8.916037278572539,0.0
0,100.0,8.916037278572539,0.0
0,100.0,8.916037278572539,0.0
0,100.0,8.916037278572539,0.0
0,100.0,8.916037278572539,0.0
0,100.0,8.916037278572539,0.0
0,100.0,8.916037278572539,0.0
0,100.0,8.916037278572539,0.0
0,100.0,8.916037278572539,0.0
0,100.0,8.916037278572539,0.0
0,100.0,8.916037278572539,0.0
0,100.0,8.916037278572539,0.0
0,100.0,8.916037278572539,0.0
0,100.0,8.916037278572539,0.0
0,100.0,8.916037278572539,0.0
0,100.0,8.916037278572539,0.0
0,100.0,8.916037278572539,0.0
0,100.0,8.916037278572539,0.0
0,100.0,8.916037278572539,0.0
0,100.0,8.916037278572539,0.0
0,100.0,8.916037278572539,0.0
0,100.0,8.916037278572539,0.0
0,100.0,8.916037278572539,0.0
0,100.0,8.916037278572539,0.0
0,100.0,8.916037278572539,0.0
0,100.0,8.916037278572539,0.0
0,100.0,8.916037278572539,0.0
0,100.0,8.916037278572539,0.0
0,100.0,8.916037278572539,0.0
0,100.0,8.916037278572539,0.0
0,100.0,8.916037278572539,0.0
0,100.0,8.916037278572539,0.0
0,100.0,8.916037278572539,0.0
0,100.0,8.916037278572539,0.0
0,100.0,8.916037278572539,0.0
0,100.0,8.916037278572539,0.0
0,100.0,8.916037278572539,0.0
0,100.0,8.916037278572539,0.0
0,100.0,8.916037278572539,0.0
0,100.0,8.916037278572539,0.0
0,100.0,8.916037278572539,0.0
0,100.0,8.916037278572539,0.0
0,100.0,8.916037278572539,0.0
0,100.0,8.916037278572539,0.0
0,100.0,8.916037278572539,0.0
0,100.0,8.916037278572539,0.0
0,100.0,8.916037278572539,0.0
0,100.0,8.916037278572539,0.0
0,100.0,8.916037278572539,0.0
0,100.0,8.916037278572539,0.0
0,100.0,8.916037278572539,0.0
0,100.0,8.916037278572539,0.0
0,100.0,8.916037278572539,0.0
0,100.0,8.916037278572539,0.0
0,100.0,8.916037278572539,0.0
0,100.0,8.916037278572539,0.0
0,100.0,8.916037278572539,0.0
0,100.0,8.916037278572539,0.0
0,100.0,8.916037278572539,0.0
0,100.0,8.916037278572539,0.0
0,100.0,8.916037278572539,0.0
0,100.0,8.916037278572539,0.0
0,100.0,8.916037278572539,0.0
0,100.0,8.916037278572539,0.0
0,100.0,8.916037278572539,0.0
0,100.0,8.916037278572539,0.0
0,100.0,8.916037278572539,0.0
0,100.0,8.916037278572539,0.0
0,100.0,8.916037278572539,0.0
0,100.0,8.916037278572539,0.0
0,100.0,8.916037278572539,0.0
0,100.0,8.916037278572539,0.0
0,100.0,8.916037278572539,0.0
0,100.0,8.916037278572539,0.0
0,100.0,8.916037278572539,0.0
0,100.0,8.916037278572539,0.0
0,100.0,8.916037278572539,0.0
0,100.0,8.916037278572539,0.0
0,100.0,8.916037278572539,0.0
0,100.0,8.916037278572539,0.0
0,100.0,8.916037278572539,0.0
0,100.0,8.916037278572539,0.0
0,100.0,8.916037278572539,0.0
0,100.0,8.916037278572539,0.0
0,100.0,8.916037278572539,0.0
0,100.0,8.916037278572539,0.0
0,100.0,8.916037278572539,0.0
0,100.0,8.916037278572539,0.0
0,100.0,8.916037278572539,0.0
0,100.0,8.916037278572539,0.0
0,100.0,8.916037278572539,0.0
0,100.0,8.916037278572539,0.0
0,100.0,8.916037278572539,0.0
0,100.0,8.916037278572539,0.0
0,100.0,8.916037278572539,0.0
0,100.0,8.916037278572539,0.0
0,100.0,8.916037278572539,0.0
0,100.0,8.916037278572539,0.0
0,100.0,8.916037278572539,0.0
0,100.0,8.916037278572539,0.0
0,100.0,8.916037278572539,0.0
0,100.0,8.916037278572539,0.0
0,100.0,8.916037278572539,0.0
0,100.0,8.916037278572539,0.0
0,100.0,8.916037278572539,0.0
0,100.0,8.916037278572539,0.0
0,100.0,8.916037278572539,0.0
0,100.0,8.916037278572539,0.0
0,100.0,8.916037278572539,0.0
0,100.0,8.916037278572539,0.0
0,100.0,8.916037278572539,0.0
0,100.0,8.916037278572539,0.0
0,100.0,8.916037278572539,0.0
0,100.0,8.916037278572539,0.0
0,100.0,8.916037278572539,0.0
0,100.0,8.916037278572539,0.0
0,100.0,8.916037278572539,0.0
0,100.0,8.916037278572539,0.0
0,100.0,8.916037278572539,0.0
0,100.0,8.916037278572539,0.0
0,100.0,8.916037278572539,0.0
0,100.0,8.916037278572539,0.0
0,100.0,8.916037278572539,0.0
0,100.0,8.916037278572539,0.0
0,100.0,8.916037278572539,0.0
0,100.0,8.916037278572539,0.0
0,100.0,8.916037278572539,0.0
0,100.0,8.916037278572539,0.0
0,100.0,8.916037278572539,0.0
0,100.0,8.916037278572539,0.0
0,100.0,8.916037278572539,0.0
0,100.0,8.916037278572539,0.0
0,100.0,8.916037278572539,0.0
0,100.0,8.916037278572539,0.0
0,100.0,8.916037278572539,0.0
0,100.0,8.916037278572539,0.0
0,100.0,8.916037278572539,0.0
0,100.0,8.916037278572539,0.0
0,100.0,8.916037278572539,0.0
0,100.0,8.916037278572539,0.0
0,100.0,8.916037278572539,0.0
0,100.0,8.916037278572539,0.0
0,100.0,8.916037278572539,0.0
0,100.0,8.916037278572539,0.0
0,100.0,8.916037278572539,0.0
0,100.0,8.916037278572539,0.0
0,100.0,8.916037278572539,0.0
0,100.0,8.916037278572539,0.0
0,100.0,8.916037278572539,0.0
0,100.0,8.916037278572539,0.0
0,100.0,8.916037278572539,0.0
0,100.0,8.916037278572539,0.0
0,100.0,8.916037278572539,0.0
0,100.0,8.916037278572539,0.0
0,100.0,8.916037278572539,0.0
0,100.0,8.916037278572539,0.0
0,100.0,8.916037278572539,0.0
0,100.0,8.916037278572539,0.0
0,100.0,8.916037278572539,0.0
0,100.0,8.916037278572539,0.0
0,100.0,8.916037278572539,0.0
0,100.0,8.916037278572539,0.0
0,100.0,8.916037278572539,0.0
0,100.0,8.916037278572539,0.0
0,100.0,8.916037278572539,0.0
0,100.0,8.916037278572539,0.0
0,100.0,8.916037278572539,0.0
0,100.0,8.916037278572539,0.0
0,100.0,8.916037278572539,0.0
0,100.0,8.916037278572539,0.0
0,100.0,8.916037278572539,0.0
0,100.0,8.916037278572539,0.0
0,100.0,8.916037278572539,0.0
0,100.0,8.916037278572539,0.0
0,100.0,8.916037278572539,0.0
0,100.0,8.916037278572539,0.0
0,100.0,8.916037278572539,0.0
0,100.0,8.916037278572539,0.0
0,100.0,8.916037278572539,0.0
0,100.0,8.916037278572539,0.0
0,100.0,8.916037278572539,0.0
0,100.0,8.916037278572539,0.0
0,100.0,8.916037278572539,0.0
0,100.0,8.916037278572539,0.0
0,100.0,8.916037278572539,0.0
0,100.0,8.916037278572539,0.0
0,100.0,8.916037278572539,0.0
0,100.0,8.916037278572539,0.0
0,100.0,8.916037278572539,0.0
0,100.0,8.916037278572539,0.0
0,100.0,8.916037278572539,0.0
0,100.0,8.916037278572539,0.0
0,100.0,8.916037278572539,0.0
0,100.0,8.916037278572539,0.0
0,100.0,8.916037278572539,0.0
0,100.0,8.916037278572539,0.0
0,100.0,8.916037278572539,0.0
0,100.0,8.916037278572539,0.0
0,100.0,8.916037278572539,0.0
0,100.0,8.916037278572539,0.0
0,100.0,8.916037278572539,0.0
0,100.0,8.916037278572539,0.0
0,100.0,8.916037278572539,0.0
0,100.0,8.916037278572539,0.0
0,100.0,8.916037278572539,0.0
0,100.0,8.916037278572539,0.0
0,100.0,8.916037278572539,0.0
0,100.0,8.916037278572539,0.0
0,100.0,8.916037278572539,0.0
0,100.0,8.916037278572539,0.0
0,100.0,8.916037278572539,0.0
0,100.0,8.916037278572539,0.0
0,100.0,8.916037278572539,0.0
0,100.0,8.916037278572539,0.0
0,100.0,8.916037278572539,0.0
0,100.0,8.916037278572539,0.0
0,100.0,8.916037278572539,0.0
0,100.0,8.916037278572539,0.0
0,100.0,8.916037278572539,0.0
0,100.0,8.916037278572539,0.0
0,100.0,8.916037278572539,0.0
0,100.0,8.916037278572539,0.0
0,100.0,8.916037278572539,0.0
0,100.0,8.916037278572539,0.0
0,100.0,8.916037278572539,0.0
0,100.0,8.916037278572539,0.0
0,100.0,8.916037278572539,0.0
0,100.0,8.916037278572539,0.0
0,100.0,8.916037278572539,0.0
0,100.0,8.916037278572539,0.0
0,100.0,8.916037278572539,0.0
0,100.0,8.916037278572539,0.0
0,100.0,8.916037278572539,0.0
0,100.0,8.916037278572539,0.0
0,100.0,8.916037278572539,0.0
0,100.0,8.916037278572539,0.0
0,100.0,8.916037278572539,0.0
0,100.0,8.916037278572539,0.0
0,100.0,8.916037278572539,0.0
0,100.0,8.916037278572539,0.0
0,100.0,8.916037278572539,0.0
0,100.0,8.916037278572539,0.0
0,100.0,8.916037278572539,0.0
0,100.0,8.916037278572539,0.0
0,100.0,8.916037278572539,0.0
0,100.0,8.916037278572539,0.0
0,100.0,8.916037278572539,0.0
0,100.0,8.916037278572539,0.0
0,100.0,8.916037278572539,0.0
0,100.0,8.916037278572539,0.0
0,100.0,8.916037278572539,0.0
0,100.0,8.916037278572539,0.0
0,100.0,8.916037278572539,0.0
0,100.0,8.916037278572539,0.0
0,100.0,8.916037278572539,0.0
0,100.0,8.916037278572539,0.0
0,100.0,8.916037278572539,0.0
0,100.0,8.916037278572539,0.0
0,100.0,8.916037278572539,0.0
0,100.0,8.916037278572539,0.0
0,100.0,8.916037278572539,0.0
0,100.0,8.916037278572539,0.0
0,100.0,8.916037278572539,0.0
0,100.0,8.916037278572539,0.0
0,100.0,8.916037278572539,0.0
0,100.0,8.916037278572539,0.0
0,100.0,8.916037278572539,0.0
0,100.0,8.916037278572539,0.0
0,100.0,8.916037278572539,0.0
0,100.0,8.916037278572539,0.0
0,100.0,8.916037278572539,0.0
0,100.0,8.916037278572539,0.0
0,100.0,8.916037278572539,0.0
0,100.0,8.916037278572539,0.0
0,100.0,8.916037278572539,0.0
0,100.0,8.916037278572539,0.0
0,100.0,8.916037278572539,0.0
0,100.0,8.916037278572539,0.0
0,100.0,8.916037278572539,0.0
0,100.0,8.916037278572539,0.0
0,100.0,8.916037278572539,0.0
0,100.0,8.916037278572539,0.0
0,100.0,8.916037278572539,0.0
0,100.0,8.916037278572539,0.0
0,100.0,8.916037278572539,0.0
0,100.0,8.916037278572539,0.0
0,100.0,8.916037278572539,0.0
0,100.0,8.916037278572539,0.0
0,100.0,8.916037278572539,0.0
0,100.0,8.916037278572539,0.0
0,100.0,8.916037278572539,0.0
0,100.0,8.916037278572539,0.0
0,100.0,8.916037278572539,0.0
0,100.0,8.916037278572539,0.0
0,100.0,8.916037278572539,0.0
0,100.0,8.916037278572539,0.0
0,100.0,8.916037278572539,0.0
0,100.0,8.916037278572539,0.0
0,100.0,8.916037278572539,0.0
0,100.0,8.916037278572539,0.0
0,100.0,8.916037278572539,0.0
0,100.0,8.916037278572539,0.0
0,100.0,8.916037278572539,0.0
0,100.0,8.916037278572539,0.0
0,100.0,8.916037278572539,0.0
0,100.0,8.916037278572539,0.0
0,100.0,8.916037278572539,0.0
0,100.0,8.916037278572539,0.0
0,100.0,8.916037278572539,0.0
0,100.0,8.916037278572539,0.0
0,100.0,8.916037278572539,0.0
0,100.0,8.916037278572539,0.0
0,100.0,8.916037278572539,0.0
0,100.0,8.916037278572539,0.0
0,100.0,8.916037278572539,0.0
0,100.0,8.916037278572539,0.0
0,100.0,8.916037278572539,0.0
0,100.0,8.916037278572539,0.0
0,100.0,8.916037278572539,0.0
0,100.0,8.916037278572539,0.0
0,100.0,8.916037278572539,0.0
0,100.0,8.916037278572539,0.0
0,100.0,8.916037278572539,0.0
0,100.0,8.916037278572539,0.0
0,100.0,8.916037278572539,0.0
0,100.0,8.916037278572539,0.0
0,100.0,8.916037278572539,0.0
0,100.0,8.916037278572539,0.0
0,100.0,8.916037278572539,0.0
0,100.0,8.916037278572539,0.0
0,100.0,8.916037278572539,0.0
0,100.0,8.916037278572539,0.0
0,100.0,8.916037278572539,0.0
0,100.0,8.916037278572539,0.0
0,100.0,8.916037278572539,0.0
0,100.0,8.916037278572539,0.0
0,100.0,8.916037278572539,0.0
0,100.0,8.916037278572539,0.0
0,100.0,8.916037278572539,0.0
0,100.0,8.916037278572539,0.0
0,100.0,8.916037278572539,0.0
0,100.0,8.916037278572539,0.0
0,100.0,8.916037278572539,0.0
0,100.0,8.916037278572539,0.0
0,100.0,8.916037278572539,0.0
0,100.0,8.916037278572539,0.0
0,100.0,8.916037278572539,0.0
0,100.0,8.916037278572539,0.0
0,100.0,8.916037278572539,0.0
0,100.0,8.916037278572539,0.0
0,100.0,8.916037278572539,0.0
0,100.0,8.916037278572539,0.0
0,100.0,8.916037278572539,0.0
0,100.0,8.916037278572539,0.0
0,100.0,8.916037278572539,0.0
0,100.0,8.916037278572539,0.0
0,100.0,8.916037278572539,0.0
0,100.0,8.916037278572539,0.0
0,100.0,8.916037278572539,0.0
0,100.0,8.916037278572539,0.0
0,100.0,8.916037278572539,0.0
0,100.0,8.916037278572539,0.0
0,100.0,8.916037278572539,0.0
0,100.0,8.916037278572539,0.0
0,100.0,8.916037278572539,0.0
0,100.0,8.916037278572539,0.0
0,100.0,8.916037278572539,0.0
0,100.0,8.916037278572539,0.0
0,100.0,8.916037278572539,0.0
0,100.0,8.916037278572539,0.0
0,100.0,8.916037278572539,0.0
0,100.0,8.916037278572539,0.0
0,100.0,8.916037278572539,0.0
0,100.0,8.916037278572539,0.0
0,100.0,8.916037278572539,0.0
0,100.0,8.916037278572539,0.0
0,100.0,8.916037278572539,0.0
0,100.0,8.916037278572539,0.0
0,100.0,8.916037278572539,0.0
0,100.0,8.916037278572539,0.0
0,100.0,8.916037278572539,0.0
0,100.0,8.916037278572539,0.0
0,100.0,8.916037278572539,0.0
0,100.0,8.916037278572539,0.0
0,100.0,8.916037278572539,0.0
0,100.0,8.916037278572539,0.0
0,100.0,8.916037278572539,0.0
0,100.0,8.916037278572539,0.0
0,100.0,8.916037278572539,0.0
0,100.0,8.916037278572539,0.0
0,100.0,8.916037278572539,0.0
0,100.0,8.916037278572539,0.0
0,100.0,8.916037278572539,0.0
0,100.0,8.916037278572539,0.0
0,100.0,8.916037278572539,0.0
0,100.0,8.916037278572539,0.0
0,100.0,8.916037278572539,0.0
0,100.0,8.916037278572539,0.0
0,100.0,8.916037278572539,0.0
0,100.0,8.916037278572539,0.0
0,100.0,8.916037278572539,0.0
0,100.0,8.916037278572539,0.0
0,100.0,8.916037278572539,0.0
0,100.0,8.916037278572539,0.0
0,100.0,8.916037278572539,0.0
0,100.0,8.916037278572539,0.0
0,100.0,8.916037278572539,0.0
0,100.0,8.916037278572539,0.0
0,100.0,8.916037278572539,0.0
0,100.0,8.916037278572539,0.0
0,100.0,8.916037278572539,0.0
0,100.0,8.916037278572539,0.0
0,100.0,8.916037278572539,0.0
0,100.0,8.916037278572539,0.0
0,100.0,8.916037278572539,0.0
0,100.0,8.916037278572539,0.0
0,100.0,8.916037278572539,0.0
0,100.0,8.916037278572539,0.0
0,100.0,8.916037278572539,0.0
0,100.0,8.916037278572539,0.0
0,100.0,8.916037278572539,0.0
0,100.0,8.916037278572539,0.0
0,100.0,8.916037278572539,0.0
0,100.0,8.916037278572539,0.0
0,100.0,8.916037278572539,0.0
0,100.0,8.916037278572539,0.0
0,100.0,8.916037278572539,0.0
0,100.0,8.916037278572539,0.0
0,100.0,8.916037278572539,0.0
0,100.0,8.916037278572539,0.0
0,100.0,8.916037278572539,0.0
0,100.0,8.916037278572539,0.0
0,100.0,8.916037278572539,0.0
0,100.0,8.916037278572539,0.0
0,100.0,8.916037278572539,0.0
0,100.0,8.916037278572539,0.0
0,100.0,8.916037278572539,0.0
0,100.0,8.916037278572539,0.0
0,100.0,8.916037278572539,0.0
0,100.0,8.916037278572539,0.0
0,100.0,8.916037278572539,0.0
0,100.0,8.916037278572539,0.0
0,100.0,8.916037278572539,0.0
0,100.0,8.916037278572539,0.0
0,100.0,8.916037278572539,0.0
0,100.0,8.916037278572539,0.0
0,100.0,8.916037278572539,0.0
0,100.0,8.916037278572539,0.0
0,100.0,8.916037278572539,0.0
0,100.0,8.916037278572539,0.0
0,100.0,8.916037278572539,0.0
0,100.0,8.916037278572539,0.0
0,100.0,8.916037278572539,0.0
0,100.0,8.916037278572539,0.0
0,100.0,8.916037278572539,0.0
0,100.0,8.916037278572539,0.0
0,100.0,8.916037278572539,0.0
0,100.0,8.916037278572539,0.0
0,100.0,8.916037278572539,0.0
0,100.0,8.916037278572539,0.0
0,100.0,8.916037278572539,0.0
0,100.0,8.916037278572539,0.0
0,100.0,8.916037278572539,0.0
0,100.0,8.916037278572539,0.0
0,100.0,8.916037278572539,0.0
0,100.0,8.916037278572539,0.0
0,100.0,8.916037278572539,0.0
0,100.0,8.916037278572539,0.0
0,100.0,8.916037278572539,0.0
0,100.0,8.916037278572539,0.0
0,100.0,8.916037278572539,0.0
0,100.0,8.916037278572539,0.0
0,100.0,8.916037278572539,0.0
0,100.0,8.916037278572539,0.0
0,100.0,8.916037278572539,0.0
0,100.0,8.916037278572539,0.0
0,100.0,8.916037278572539,0.0
0,100.0,8.916037278572539,0.0
0,100.0,8.916037278572539,0.0
0,100.0,8.916037278572539,0.0
0,100.0,8.916037278572539,0.0
0,100.0,8.916037278572539,0.0
0,100.0,8.916037278572539,0.0
0,100.0,8.916037278572539,0.0
0,100.0,8.916037278572539,0.0
0,100.0,8.916037278572539,0.0
0,100.0,8.916037278572539,0.0
0,100.0,8.916037278572539,0.0
0,100.0,8.916037278572539,0.0
0,100.0,8.916037278572539,0.0
0,100.0,8.916037278572539,0.0
0,100.0,8.916037278572539,0.0
0,100.0,8.916037278572539,0.0
0,100.0,8.916037278572539,0.0
0,100.0,8.916037278572539,0.0
0,100.0,8.916037278572539,0.0
0,100.0,8.916037278572539,0.0
0,100.0,8.916037278572539,0.0
0,100.0,8.916037278572539,0.0
0,100.0,8.916037278572539,0.0
0,100.0,8.916037278572539,0.0
0,100.0,8.916037278572539,0.0
0,100.0,8.916037278572539,0.0
0,100.0,8.916037278572539,0.0
0,100.0,8.916037278572539,0.0
0,100.0,8.916037278572539,0.0
0,100.0,8.916037278572539,0.0
0,100.0,8.916037278572539,0.0
0,100.0,8.916037278572539,0.0
0,100.0,8.916037278572539,0.0
0,100.0,8.916037278572539,0.0
0,100.0,8.916037278572539,0.0
0,100.0,8.916037278572539,0.0
0,100.0,8.916037278572539,0.0
0,100.0,8.916037278572539,0.0
0,100.0,8.916037278572539,0.0
0,100.0,8.916037278572539,0.0
0,100.0,8.916037278572539,0.0
0,100.0,8.916037278572539,0.0
0,100.0,8.916037278572539,0.0
0,100.0,8.916037278572539,0.0
0,100.0,8.916037278572539,0.0
0,100.0,8.916037278572539,0.0
0,100.0,8.916037278572539,0.0
0,100.0,8.916037278572539,0.0
0,100.0,8.916037278572539,0.0
0,100.0,8.916037278572539,0.0
0,100.0,8.916037278572539,0.0
0,100.0,8.916037278572539,0.0
0,100.0,8.916037278572539,0.0
0,100.0,8.916037278572539,0.0
0,100.0,8.916037278572539,0.0
0,100.0,8.916037278572539,0.0
0,100.0,8.916037278572539,0.0
0,100.0,8.916037278572539,0.0
0,100.0,8.916037278572539,0.0
0,100.0,8.916037278572539,0.0
0,100.0,8.916037278572539,0.0
0,100.0,8.916037278572539,0.0
0,100.0,8.916037278572539,0.0
0,100.0,8.916037278572539,0.0
0,100.0,8.916037278572539,0.0
0,100.0,8.916037278572539,0.0
0,100.0,8.916037278572539,0.0
0,100.0,8.916037278572539,0.0
0,100.0,8.916037278572539,0.0
0,100.0,8.916037278572539,0.0
0,100.0,8.916037278572539,0.0
0,100.0,8.916037278572539,0.0
0,100.0,8.916037278572539,0.0
0,100.0,8.916037278572539,0.0
0,100.0,8.916037278572539,0.0
0,100.0,8.916037278572539,0.0
0,100.0,8.916037278572539,0.0
0,100.0,8.916037278572539,0.0
0,100.0,8.916037278572539,0.0
0,100.0,8.916037278572539,0.0
0,100.0,8.916037278572539,0.0
0,100.0,8.916037278572539,0.0
0,100.0,8.916037278572539,0.0
0,100.0,8.916037278572539,0.0
0,100.0,8.916037278572539,0.0
0,100.0,8.916037278572539,0.0
0,100.0,8.916037278572539,0.0
0,100.0,8.916037278572539,0.0
0,100.0,8.916037278572539,0.0
0,100.0,8.916037278572539,0.0
0,100.0,8.916037278572539,0.0
0,100.0,8.916037278572539,0.0
0,100.0,8.916037278572539,0.0
0,100.0,8.916037278572539,0.0
0,100.0,8.916037278572539,0.0
0,100.0,8.916037278572539,0.0
0,100.0,8.916037278572539,0.0
0,100.0,8.916037278572539,0.0
0,100.0,8.916037278572539,0.0
0,100.0,8.916037278572539,0.0
0,100.0,8.916037278572539,0.0
0,100.0,8.916037278572539,0.0
0,100.0,8.916037278572539,0.0
0,100.0,8.916037278572539,0.0
0,100.0,8.916037278572539,0.0
0,100.0,8.916037278572539,0.0
0,100.0,8.916037278572539,0.0
0,100.0,8.916037278572539,0.0
0,100.0,8.916037278572539,0.0
0,100.0,8.916037278572539,0.0
0,100.0,8.916037278572539,0.0
0,100.0,8.916037278572539,0.0
0,100.0,8.916037278572539,0.0
0,100.0,8.916037278572539,0.0
0,100.0,8.916037278572539,0.0
0,100.0,8.916037278572539,0.0
0,100.0,8.916037278572539,0.0
0,100.0,8.916037278572539,0.0
0,100.0,8.916037278572539,0.0
0,100.0,8.916037278572539,0.0
0,100.0,8.916037278572539,0.0
0,100.0,8.916037278572539,0.0
0,100.0,8.916037278572539,0.0
0,100.0,8.916037278572539,0.0
0,100.0,8.916037278572539,0.0
0,100.0,8.916037278572539,0.0
0,100.0,8.916037278572539,0.0
0,100.0,8.916037278572539,0.0
0,100.0,8.916037278572539,0.0
0,100.0,8.916037278572539,0.0
0,100.0,8.916037278572539,0.0
0,100.0,8.916037278572539,0.0
0,100.0,8.916037278572539,0.0
0,100.0,8.916037278572539,0.0
0,100.0,8.916037278572539,0.0
0,100.0,8.916037278572539,0.0
0,100.0,8.916037278572539,0.0
0,100.0,8.916037278572539,0.0
0,100.0,8.916037278572539,0.0
0,100.0,8.916037278572539,0.0
0,100.0,8.916037278572539,0.0
0,100.0,8.916037278572539,0.0
0,100.0,8.916037278572539,0.0
0,100.0,8.916037278572539,0.0
0,100.0,8.916037278572539,0.0
0,100.0,8.916037278572539,0.0
0,100.0,8.916037278572539,0.0
0,100.0,8.916037278572539,0.0
0,100.0,8.916037278572539,0.0
0,100.0,8.916037278572539,0.0
0,100.0,8.916037278572539,0.0
0,100.0,8.916037278572539,0.0
0,100.0,8.916037278572539,0.0
0,100.0,8.916037278572539,0.0
0,100.0,8.916037278572539,0.0
0,100.0,8.916037278572539,0.0
0,100.0,8.916037278572539,0.0
0,100.0,8.916037278572539,0.0
0,100.0,8.916037278572539,0.0
0,100.0,8.916037278572539,0.0
0,100.0,8.916037278572539,0.0
0,100.0,8.916037278572539,0.0
0,100.0,8.916037278572539,0.0
0,100.0,8.916037278572539,0.0
0,100.0,8.916037278572539,0.0
0,100.0,8.916037278572539,0.0
0,100.0,8.916037278572539,0.0
0,100.0,8.916037278572539,0.0
0,100.0,8.916037278572539,0.0
0,100.0,8.916037278572539,0.0
0,100.0,8.916037278572539,0.0
0,100.0,8.916037278572539,0.0
0,100.0,8.916037278572539,0.0
0,100.0,8.916037278572539,0.0
0,100.0,8.916037278572539,0.0
0,100.0,8.916037278572539,0.0
0,100.0,8.916037278572539,0.0
0,100.0,8.916037278572539,0.0
0,100.0,8.916037278572539,0.0
0,100.0,8.916037278572539,0.0
0,100.0,8.916037278572539,0.0
0,100.0,8.916037278572539,0.0
0,100.0,8.916037278572539,0.0
0,100.0,8.916037278572539,0.0
0,100.0,8.916037278572539,0.0
0,100.0,8.916037278572539,0.0
0,100.0,8.916037278572539,0.0
0,100.0,8.916037278572539,0.0
0,100.0,8.916037278572539,0.0
0,100.0,8.916037278572539,0.0
0,100.0,8.916037278572539,0.0
0,100.0,8.916037278572539,0.0
0,100.0,8.916037278572539,0.0
0,100.0,8.916037278572539,0.0
0,100.0,8.916037278572539,0.0
0,100.0,8.916037278572539,0.0
0,100.0,8.916037278572539,0.0
0,100.0,8.916037278572539,0.0
0,100.0,8.916037278572539,0.0
0,100.0,8.916037278572539,0.0
0,100.0,8.916037278572539,0.0
0,100.0,8.916037278572539,0.0
0,100.0,8.916037278572539,0.0
0,100.0,8.916037278572539,0.0
0,100.0,8.916037278572539,0.0
0,100.0,8.916037278572539,0.0
0,100.0,8.916037278572539,0.0
0,100.0,8.916037278572539,0.0
0,100.0,8.916037278572539,0.0
0,100.0,8.916037278572539,0.0
0,100.0,8.916037278572539,0.0
0,100.0,8.916037278572539,0.0
0,100.0,8.916037278572539,0.0
0,100.0,8.916037278572539,0.0
0,100.0,8.916037278572539,0.0
0,100.0,8.916037278572539,0.0
0,100.0,8.916037278572539,0.0
0,100.0,8.916037278572539,0.0
0,100.0,8.916037278572539,0.0
0,100.0,8.916037278572539,0.0
0,100.0,8.916037278572539,0.0
0,100.0,8.916037278572539,0.0
0,100.0,8.916037278572539,0.0
0,100.0,8.916037278572539,0.0
0,100.0,8.916037278572539,0.0
0,100.0,8.916037278572539,0.0
0,100.0,8.916037278572539,0.0
0,100.0,8.916037278572539,0.0
0,100.0,8.916037278572539,0.0
0,100.0,8.916037278572539,0.0
0,100.0,8.916037278572539,0.0
0,100.0,8.916037278572539,0.0
0,100.0,8.916037278572539,0.0
0,100.0,8.916037278572539,0.0
0,100.0,8.916037278572539,0.0
0,100.0,8.916037278572539,0.0
0,100.0,8.916037278572539,0.0
0,100.0,8.916037278572539,0.0
0,100.0,8.916037278572539,0.0
0,100.0,8.916037278572539,0.0
0,100.0,8.916037278572539,0.0
0,100.0,8.916037278572539,0.0
0,100.0,8.916037278572539,0.0
0,100.0,8.916037278572539,0.0
0,100.0,8.916037278572539,0.0
0,100.0,8.916037278572539,0.0
0,100.0,8.916037278572539,0.0
0,100.0,8.916037278572539,0.0
0,100.0,8.916037278572539,0.0
0,100.0,8.916037278572539,0.0
0,100.0,8.916037278572539,0.0
0,100.0,8.916037278572539,0.0
0,100.0,8.916037278572539,0.0
0,100.0,8.916037278572539,0.0
0,100.0,8.916037278572539,0.0
0,100.0,8.916037278572539,0.0
0,100.0,8.916037278572539,0.0
0,100.0,8.916037278572539,0.0
0,100.0,8.916037278572539,0.0
0,100.0,8.916037278572539,0.0
0,100.0,8.916037278572539,0.0
0,100.0,8.916037278572539,0.0
0,100.0,8.916037278572539,0.0
0,100.0,8.916037278572539,0.0
0,100.0,8.916037278572539,0.0
0,100.0,8.916037278572539,0.0
0,100.0,8.916037278572539,0.0
0,100.0,8.916037278572539,0.0
0,100.0,8.916037278572539,0.0
0,100.0,8.916037278572539,0.0
0,100.0,8.916037278572539,0.0
0,100.0,8.916037278572539,0.0
0,100.0,8.916037278572539,0.0
0,100.0,8.916037278572539,0.0
0,100.0,8.916037278572539,0.0
0,100.0,8.916037278572539,0.0
0,100.0,8.916037278572539,0.0
0,100.0,8.916037278572539,0.0
0,100.0,8.916037278572539,0.0
0,100.0,8.916037278572539,0.0
0,100.0,8.916037278572539,0.0
0,100.0,8.916037278572539,0.0
0,100.0,8.916037278572539,0.0
0,100.0,8.916037278572539,0.0
0,100.0,8.916037278572539,0.0
0,100.0,8.916037278572539,0.0
0,100.0,8.916037278572539,0.0
0,100.0,8.916037278572539,0.0
0,100.0,8.916037278572539,0.0
0,100.0,8.916037278572539,0.0
0,100.0,8.916037278572539,0.0
0,100.0,8.916037278572539,0.0
0,100.0,8.916037278572539,0.0
0,100.0,8.916037278572539,0.0
0,100.0,8.916037278572539,0.0
0,100.0,8.916037278572539,0.0
0,100.0,8.916037278572539,0.0
0,100.0,8.916037278572539,0.0
0,100.0,8.916037278572539,0.0
0,100.0,8.916037278572539,0.0
0,100.0,8.916037278572539,0.0
0,100.0,8.916037278572539,0.0
0,100.0,8.916037278572539,0.0
0,100.0,8.916037278572539,0.0
0,100.0,8.916037278572539,0.0
0,100.0,8.916037278572539,0.0
0,100.0,8.916037278572539,0.0
0,100.0,8.916037278572539,0.0
0,100.0,8.916037278572539,0.0
0,100.0,8.916037278572539,0.0
0,100.0,8.916037278572539,0.0
0,100.0,8.916037278572539,0.0
0,100.0,8.916037278572539,0.0
0,100.0,8.916037278572539,0.0
0,100.0,8.916037278572539,0.0
0,100.0,8.916037278572539,0.0
0,100.0,8.916037278572539,0.0
0,100.0,8.916037278572539,0.0
0,100.0,8.916037278572539,0.0
0,100.0,8.916037278572539,0.0
0,100.0,8.916037278572539,0.0
0,100.0,8.916037278572539,0.0
0,100.0,8.916037278572539,0.0
0,100.0,8.916037278572539,0.0
0,100.0,8.916037278572539,0.0
0,100.0,8.916037278572539,0.0
0,100.0,8.916037278572539,0.0
0,100.0,8.916037278572539,0.0
0,100.0,8.916037278572539,0.0
0,100.0,8.916037278572539,0.0
0,100.0,8.916037278572539,0.0
0,100.0,8.916037278572539,0.0
0,100.0,8.916037278572539,0.0
0,100.0,8.916037278572539,0.0
0,100.0,8.916037278572539,0.0
0,100.0,8.916037278572539,0.0
0,100.0,8.916037278572539,0.0
0,100.0,8.916037278572539,0.0
0,100.0,8.916037278572539,0.0
0,100.0,8.916037278572539,0.0
0,100.0,8.916037278572539,0.0
0,100.0,8.916037278572539,0.0
0,100.0,8.916037278572539,0.0
0,100.0,8.916037278572539,0.0
0,100.0,8.916037278572539,0.0
0,100.0,8.916037278572539,0.0
0,100.0,8.916037278572539,0.0
0,100.0,8.916037278572539,0.0
0,100.0,8.916037278572539,0.0
0,100.0,8.916037278572539,0.0
0,100.0,8.916037278572539,0.0
0,100.0,8.916037278572539,0.0
0,100.0,8.916037278572539,0.0
0,100.0,8.916037278572539,0.0
0,100.0,8.916037278572539,0.0
0,100.0,8.916037278572539,0.0
0,100.0,8.916037278572539,0.0
0,100.0,8.916037278572539,0.0
0,100.0,8.916037278572539,0.0
0,100.0,8.916037278572539,0.0
0,100.0,8.916037278572539,0.0
0,100.0,8.916037278572539,0.0
0,100.0,8.916037278572539,0.0
0,100.0,8.916037278572539,0.0
0,100.0,8.916037278572539,0.0
0,100.0,8.916037278572539,0.0
0,100.0,8.916037278572539,0.0
0,100.0,8.916037278572539,0.0
0,100.0,8.916037278572539,0.0
0,100.0,8.916037278572539,0.0
0,100.0,8.916037278572539,0.0
0,100.0,8.916037278572539,0.0
0,100.0,8.916037278572539,0.0
0,100.0,8.916037278572539,0.0
0,100.0,8.916037278572539,0.0
0,100.0,8.916037278572539,0.0
0,100.0,8.916037278572539,0.0
0,100.0,8.916037278572539,0.0
0,100.0,8.916037278572539,0.0
0,100.0,8.916037278572539,0.0
0,100.0,8.916037278572539,0.0
0,100.0,8.916037278572539,0.0
0,100.0,8.916037278572539,0.0
0,100.0,8.916037278572539,0.0
0,100.0,8.916037278572539,0.0
0,100.0,8.916037278572539,0.0
0,100.0,8.916037278572539,0.0
0,100.0,8.916037278572539,0.0
0,100.0,8.916037278572539,0.0
0,100.0,8.916037278572539,0.0
0,100.0,8.916037278572539,0.0
0,100.0,8.916037278572539,0.0
0,100.0,8.916037278572539,0.0
0,100.0,8.916037278572539,0.0
0,100.0,8.916037278572539,0.0
0,100.0,8.916037278572539,0.0
0,100.0,8.916037278572539,0.0
0,100.0,8.916037278572539,0.0
0,100.0,8.916037278572539,0.0
0,100.0,8.916037278572539,0.0
0,100.0,8.916037278572539,0.0
0,100.0,8.916037278572539,0.0
0,100.0,8.916037278572539,0.0
0,100.0,8.916037278572539,0.0
0,100.0,8.916037278572539,0.0
0,100.0,8.916037278572539,0.0
0,100.0,8.916037278572539,0.0
0,100.0,8.916037278572539,0.0
0,100.0,8.916037278572539,0.0
0,100.0,8.916037278572539,0.0
0,100.0,8.916037278572539,0.0
0,100.0,8.916037278572539,0.0
0,100.0,8.916037278572539,0.0
0,100.0,8.916037278572539,0.0
0,100.0,8.916037278572539,0.0
0,100.0,8.916037278572539,0.0
0,100.0,8.916037278572539,0.0
0,100.0,8.916037278572539,0.0
0,100.0,8.916037278572539,0.0
0,100.0,8.916037278572539,0.0
0,100.0,8.916037278572539,0.0
0,100.0,8.916037278572539,0.0
0,100.0,8.916037278572539,0.0
0,100.0,8.916037278572539,0.0
0,100.0,8.916037278572539,0.0
0,100.0,8.916037278572539,0.0
0,100.0,8.916037278572539,0.0
0,100.0,8.916037278572539,0.0
0,100.0,8.916037278572539,0.0
0,100.0,8.916037278572539,0.0
0,100.0,8.916037278572539,0.0
0,100.0,8.916037278572539,0.0
0,100.0,8.916037278572539,0.0
0,100.0,8.916037278572539,0.0
0,100.0,8.916037278572539,0.0
0,100.0,8.916037278572539,0.0
0,100.0,8.916037278572539,0.0
0,100.0,8.916037278572539,0.0
0,100.0,8.916037278572539,0.0
0,100.0,8.916037278572539,0.0
0,100.0,8.916037278572539,0.0
0,100.0,8.916037278572539,0.0
0,100.0,8.916037278572539,0.0
0,100.0,8.916037278572539,0.0
0,100.0,8.916037278572539,0.0
0,100.0,8.916037278572539,0.0
0,100.0,8.916037278572539,0.0
0,100.0,8.916037278572539,0.0
0,100.0,8.916037278572539,0.0
0,100.0,8.916037278572539,0.0
0,100.0,8.916037278572539,0.0
0,100.0,8.916037278572539,0.0
0,100.0,8.916037278572539,0.0
0,100.0,8.916037278572539,0.0
0,100.0,8.916037278572539,0.0
0,100.0,8.916037278572539,0.0
0,100.0,8.916037278572539,0.0
0,100.0,8.916037278572539,0.0
0,100.0,8.916037278572539,0.0
0,100.0,8.916037278572539,0.0
0,100.0,8.916037278572539,0.0
0,100.0,8.916037278572539,0.0
0,100.0,8.916037278572539,0.0
0,100.0,8.916037278572539,0.0
0,100.0,8.916037278572539,0.0
0,100.0,8.916037278572539,0.0
0,100.0,8.916037278572539,0.0
0,100.0,8.916037278572539,0.0
0,100.0,8.916037278572539,0.0
0,100.0,8.916037278572539,0.0
0,100.0,8.916037278572539,0.0
0,100.0,8.916037278572539,0.0
0,100.0,8.916037278572539,0.0
0,100.0,8.916037278572539,0.0
0,100.0,8.916037278572539,0.0
0,100.0,8.916037278572539,0.0
0,100.0,8.916037278572539,0.0
0,100.0,8.916037278572539,0.0
0,100.0,8.916037278572539,0.0
0,100.0,8.916037278572539,0.0
0,100.0,8.916037278572539,0.0
0,100.0,8.916037278572539,0.0
0,100.0,8.916037278572539,0.0
0,100.0,8.916037278572539,0.0
0,100.0,8.916037278572539,0.0
0,100.0,8.916037278572539,0.0
0,100.0,8.916037278572539,0.0
0,100.0,8.916037278572539,0.0
0,100.0,8.916037278572539,0.0
0,100.0,8.916037278572539,0.0
0,100.0,8.916037278572539,0.0
0,100.0,8.916037278572539,0.0
0,100.0,8.916037278572539,0.0
0,100.0,8.916037278572539,0.0
0,100.0,8.916037278572539,0.0
0,100.0,8.916037278572539,0.0
0,100.0,8.916037278572539,0.0
0,100.0,8.916037278572539,0.0
0,100.0,8.916037278572539,0.0
0,100.0,8.916037278572539,0.0
0,100.0,8.916037278572539,0.0
0,100.0,8.916037278572539,0.0
0,100.0,8.916037278572539,0.0
0,100.0,8.916037278572539,0.0
0,100.0,8.916037278572539,0.0
0,100.0,8.916037278572539,0.0
0,100.0,8.916037278572539,0.0
0,100.0,8.916037278572539,0.0
0,100.0,8.916037278572539,0.0
0,100.0,8.916037278572539,0.0
0,100.0,8.916037278572539,0.0
0,100.0,8.916037278572539,0.0
0,100.0,8.916037278572539,0.0
0,100.0,8.916037278572539,0.0
0,100.0,8.916037278572539,0.0
0,100.0,8.916037278572539,0.0
0,100.0,8.916037278572539,0.0
0,100.0,8.916037278572539,0.0
0,100.0,8.916037278572539,0.0
0,100.0,8.916037278572539,0.0
0,100.0,8.916037278572539,0.0
0,100.0,8.916037278572539,0.0
0,100.0,8.916037278572539,0.0
0,100.0,8.916037278572539,0.0
0,100.0,8.916037278572539,0.0
0,100.0,8.916037278572539,0.0
0,100.0,8.916037278572539,0.0
0,100.0,8.916037278572539,0.0
0,100.0,8.916037278572539,0.0
0,100.0,8.916037278572539,0.0
0,100.0,8.916037278572539,0.0
0,100.0,8.916037278572539,0.0
0,100.0,8.916037278572539,0.0
0,100.0,8.916037278572539,0.0
0,100.0,8.916037278572539,0.0
0,100.0,8.916037278572539,0.0
0,100.0,8.916037278572539,0.0
0,100.0,8.916037278572539,0.0
0,100.0,8.916037278572539,0.0
0,100.0,8.916037278572539,0.0
0,100.0,8.916037278572539,0.0
0,100.0,8.916037278572539,0.0
0,100.0,8.916037278572539,0.0
0,100.0,8.916037278572539,0.0
0,100.0,8.916037278572539,0.0
0,100.0,8.916037278572539,0.0
0,100.0,8.916037278572539,0.0
0,100.0,8.916037278572539,0.0
0,100.0,8.916037278572539,0.0
0,100.0,8.916037278572539,0.0
0,100.0,8.916037278572539,0.0
0,100.0,8.916037278572539,0.0
0,100.0,8.916037278572539,0.0
0,100.0,8.916037278572539,0.0
0,100.0,8.916037278572539,0.0
0,100.0,8.916037278572539,0.0
0,100.0,8.916037278572539,0.0
0,100.0,8.916037278572539,0.0
1,107.50613275086536,-53.84553979406886,0.625
1,98.7122563321785,-53.84553979406886,0.625
1,92.1268321048469,-53.84553979406886,0.625
1,101.11598418160747,-53.84553979406886,0.625
1,108.19873710508261,-53.84553979406886,0.625
1,107.46798077780117,-53.84553979406886,0.625
1,96.51510201480518,-53.84553979406886,0.625
1,103.4983875638349,-53.84553979406886,0.625
1,94.86604832434952,-53.84553979406886,0.625
1,106.48932116030225,-53.84553979406886,0.625
1,99.14885093637324,-53.84553979406886,0.625
1,96.92585459265726,-53.84553979406886,0.625
1,105.56722290783063,-53.84553979406886,0.625
1,98.7805315101987,-53.84553979406886,0.625
1,98.8462961711289,-53.84553979406886,0.625
1,89.04185334919316,-53.84553979406886,0.625
1,95.4865200986053,-53.84553979406886,0.625
1,118.19607542507988,-53.84553979406886,0.625
1,96.64977196864233,-53.84553979406886,0.625
1,103.64585242315434,-53.84553979406886,0.625
1,109.6153401245757,-53.84553979406886,0.625
1,98.91441690060691,-53.84553979406886,0.625
1,95.7193213502458,-53.84553979406886,0.625
1,112.98007841366409,-53.84553979406886,0.625
1,91.08022084432214,-53.84553979406886,0.625
1,110.51664973581443,-53.84553979406886,0.625
1,92.84980111201202,-53.84553979406886,0.625
1,93.97038774108198,-53.84553979406886,0.625
1,113.49272475458751,-53.84553979406886,0.625
1,106.65878546137006,-53.84553979406886,0.625
1,99.56974922125724,-53.84553979406886,0.625
1,95.35425568391513,-53.84553979406886,0.625
1,94.1505376346532,-53.84553979406886,0.625
1,109.20856844431658,-53.84553979406886,0.625
1,96.73370302700292,-53.84553979406886,0.625
1,100.27999709652478,-53.84553979406886,0.625
1,107.43605328570986,-53.84553979406886,0.625
1,107.801250629737,-53.84553979406886,0.625
1,109.98948930027174,-53.84553979406886,0.625
1,110.86029123951042,-53.84553979406886,0.625
1,109.6823299503844,-53.84553979406886,0.625
1,93.42289575032297,-53.84553979406886,0.625
1,97.82334639670849,-53.84553979406886,0.625
1,107.3441988044498,-53.84553979406886,0.625
1,91.2245752222992,-53.84553979406886,0.625
1,97.1501378160032,-53.84553979406886,0.625
1,109.98940948609463,-53.84553979406886,0.625
1,96.43109152847387,-53.84553979406886,0.625
1,95.91063653178192,-53.84553979406886,0.625
1,88.89778284458933,-53.84553979406886,0.625
1,99.26967941580625,-53.84553979406886,0.625
1,95.84752774339331,-53.84553979406886,0.625
1,99.13203808026361,-53.84553979406886,0.625
1,111.23207643435391,-53.84553979406886,0.625
1,95.75001663865126,-53.84553979406886,0.625
1,112.58981127164948,-53.84553979406886,0.625
1,96.15304154036298,-53.84553979406886,0.625
1,93.66642779214018,-53.84553979406886,0.625
1,107.04686535267611,-53.84553979406886,0.625
1,104.38977087895141,-53.84553979406886,0.625
1,99.35345002248391,-53.84553979406886,0.625
1,97.8490181325842,-53.84553979406886,0.625
1,108.10669397340982,-53.84553979406886,0.625
1,109.69839098941341,-53.84553979406886,0.625
1,105.62222986198321,-53.84553979406886,0.625
1,89.27247787677929,-53.84553979406886,0.625
1,106.35914364902,-53.84553979406886,0.625
1,104.45181886872837,-53.84553979406886,0.625
1,101.4184902180953,-53.84553979406886,0.625
1,112.01097815823469,-53.84553979406886,0.625
1,112.00572633951258,-53.84553979406886,0.625
1,102.28454394169921,-53.84553979406886,0.625
1,105.88157374286456,-53.84553979406886,0.625
1,86.97943495044548,-53.84553979406886,0.625
1,97.7310495611961,-53.84553979406886,0.625
1,104.53865017687924,-53.84553979406886,0.625
1,103.51461825256855,-53.84553979406886,0.625
1,102.45534499817595,-53.84553979406886,0.625
1,112.85882295697095,-53.84553979406886,0.625
1,112.27961970602847,-53.84553979406886,0.625
1,91.70469177177985,-53.84553979406886,0.625
1,103.89457303558953,-53.84553979406886,0.625
1,98.60762623726337,-53.84553979406886,0.625
1,107.25695781602755,-53.84553979406886,0.625
1,95.52238291247157,-53.84553979406886,0.625
1,93.2781922486231,-53.84553979406886,0.625
1,116.77726345526753,-53.84553979406886,0.625
1,108.54706062613373,-53.84553979406886,0.625
1,106.95421981361628,-53.84553979406886,0.625
1,109.23918344345171,-53.84553979406886,0.625
1,109.09710927186697,-53.84553979406886,0.625
1,102.41951710765838,-53.84553979406886,0.625
1,104.73259852515304,-53.84553979406886,0.625
1,102.06723042922215,-53.84553979406886,0.625
1,89.0047217003203,-53.84553979406886,0.625
1,96.49594007481433,-53.84553979406886,0.625
1,103.2107740744149,-53.84553979406886,0.625
1,103.84787344102475,-53.84553979406886,0.625
1,103.07860578971354,-53.84553979406886,0.625
1,99.61357577063343,-53.84553979406886,0.625
1,100.00648131959842,-53.84553979406886,0.625
1,100.76856804404142,-53.84553979406886,0.625
1,93.11759634464595,-53.84553979406886,0.625
1,87.56915781974467,-53.84553979406886,0.625
1,106.05401678395714,-53.84553979406886,0.625
1,111.20789879025128,-53.84553979406886,0.625
1,109.54811038257075,-53.84553979406886,0.625
1,92.54170336218787,-53.84553979406886,0.625
1,94.45998054092387,-53.84553979406886,0.625
1,89.5522412170844,-53.84553979406886,0.625
1,91.05959928001688,-53.84553979406886,0.625
1,100.7841445012174,-53.84553979406886,0.625
1,108.48265689310925,-53.84553979406886,0.625
1,112.40707520826389,-53.84553979406886,0.625
1,96.7431779457548,-53.84553979406886,0.625
1,89.66019383125648,-53.84553979406886,0.625
1,100.61109836504383,-53.84553979406886,0.625
1,105.9610817614312,-53.84553979406886,0.625
1,97.5484685206333,-53.84553979406886,0.625
1,115.99854412463392,-53.84553979406886,0.625
1,94.24264885678099,-53.84553979406886,0.625
1,89.55041786767853,-53.84553979406886,0.625
1,92.11742713600373,-53.84553979406886,0.625
1,92.45711540290829,-53.84553979406886,0.625
1,97.77910955688635,-53.84553979406886,0.625
1,101.36457490135535,-53.84553979406886,0.625
1,101.55694474206796,-53.84553979406886,0.625
1,96.96756963045442,-53.84553979406886,0.625
1,105.27851876508451,-53.84553979406886,0.625
1,110.12196347565471,-53.84553979406886,0.625
1,112.68304459404024,-53.84553979406886,0.625
1,98.32228248933967,-53.84553979406886,0.625
1,107.33934745637654,-53.84553979406886,0.625
1,103.19291447111114,-53.84553979406886,0.625
1,106.66423831518892,-53.84553979406886,0.625
1,96.30208345726388,-53.84553979406886,0.625
1,94.84295997226909,-53.84553979406886,0.625
1,89.08511150886271,-53.84553979406886,0.625
1,110.98127977725893,-53.84553979406886,0.625
1,98.47933746549444,-53.84553979406886,0.625
1,104.90784318391171,-53.84553979406886,0.625
1,100.5998684121067,-53.84553979406886,0.625
1,103.60427369404871,-53.84553979406886,0.625
1,105.18427749157735,-53.84553979406886,0.625
1,111.10188280967061,-53.84553979406886,0.625
1,96.87526540763322,-53.84553979406886,0.625
1,100.53365896361788,-53.84553979406886,0.625
1,106.76859818046205,-53.84553979406886,0.625
1,96.07981646519075,-53.84553979406886,0.625
1,89.18145628172437,-53.84553979406886,0.625
1,99.2060360640879,-53.84553979406886,0.625
1,113.19434025894147,-53.84553979406886,0.625
1,106.5396538499819,-53.84553979406886,0.625
1,86.32754670481492,-53.84553979406886,0.625
1,106.95781254894787,-53.84553979406886,0.625
1,95.93673867830742,-53.84553979406886,0.625
1,96.33616892000603,-53.84553979406886,0.625
1,94.90614530961345,-53.84553979406886,0.625
1,108.6953581021328,-53.84553979406886,0.625
1,118.70420869271618,-53.84553979406886,0.625
1,106.04892235408792,-53.84553979406886,0.625
1,96.35117606578301,-53.84553979406886,0.625
1,107.20030414891524,-53.84553979406886,0.625
1,101.09267072167573,-53.84553979406886,0.625
1,99.6886404056072,-53.84553979406886,0.625
1,106.4411725986607,-53.84553979406886,0.625
1,104.53189888303447,-53.84553979406886,0.625
1,91.84784097244795,-53.84553979406886,0.625
1,98.23585999340962,-53.84553979406886,0.625
1,103.78982203353218,-53.84553979406886,0.625
1,109.60652872945764,-53.84553979406886,0.625
1,93.93048791792674,-53.84553979406886,0.625
1,97.6935006782561,-53.84553979406886,0.625
1,102.48958817330809,-53.84553979406886,0.625
1,100.4085251938234,-53.84553979406886,0.625
1,109.5982395412403,-53.84553979406886,0.625
1,96.16180689437905,-53.84553979406886,0.625
1,95.25414121352495,-53.84553979406886,0.625
1,106.90884633394862,-53.84553979406886,0.625
1,109.72938341473892,-53.84553979406886,0.625
1,104.05624489725207,-53.84553979406886,0.625
1,109.43730317228058,-53.84553979406886,0.625
1,101.58248137810976,-53.84553979406886,0.625
1,98.34606682414501,-53.84553979406886,0.625
1,108.14160583484527,-53.84553979406886,0.625
1,94.35550663781149,-53.84553979406886,0.625
1,100.4074240742042,-53.84553979406886,0.625
1,101.942046250809,-53.84553979406886,0.625
1,96.55735335052054,-53.84553979406886,0.625
1,108.21213723380652,-53.84553979406886,0.625
1,97.2785692097772,-53.84553979406886,0.625
1,102.29774600196076,-53.84553979406886,0.625
1,96.27703831824567,-53.84553979406886,0.625
1,105.86686725529202,-53.84553979406886,0.625
1,96.96466231877756,-53.84553979406886,0.625
1,106.6824007510683,-53.84553979406886,0.625
1,105.18767071382025,-53.84553979406886,0.625
1,103.25695222760436,-53.84553979406886,0.625
1,110.92942650300625,-53.84553979406886,0.625
1,105.3516638136998,-53.84553979406886,0.625
1,102.3989043153961,-53.84553979406886,0.625
1,94.89317086743866,-53.84553979406886,0.625
1,92.54324852211771,-53.84553979406886,0.625
1,105.32883385290131,-53.84553979406886,0.625
1,103.47180144972855,-53.84553979406886,0.625
1,101.17382277969944,-53.84553979406886,0.625
1,104.74834061037677,-53.84553979406886,0.625
1,116.77319713809646,-53.84553979406886,0.625
1,102.79295280697478,-53.84553979406886,0.625
1,107.53415038960927,-53.84553979406886,0.625
1,105.27441553943659,-53.84553979406886,0.625
1,104.401548169678,-53.84553979406886,0.625
1,97.81779308417197,-53.84553979406886,0.625
1,96.0854891611035,-53.84553979406886,0.625
1,85.1345924678671,-53.84553979406886,0.625
1,93.51398967870293,-53.84553979406886,0.625
1,99.2053058761179,-53.84553979406886,0.625
1,105.56592655409627,-53.84553979406886,0.625
1,88.6073752802334,-53.84553979406886,0.625
1,101.21788003468643,-53.84553979406886,0.625
1,103.63577408086732,-53.84553979406886,0.625
1,87.68219372399805,-53.84553979406886,0.625
1,109.35787343669594,-53.84553979406886,0.625
1,106.2457107199335,-53.84553979406886,0.625
1,97.55926511295796,-53.84553979406886,0.625
1,108.18355807158746,-53.84553979406886,0.625
1,106.20963338076707,-53.84553979406886,0.625
1,89.89307272178333,-53.84553979406886,0.625
1,91.09748158035873,-53.84553979406886,0.625
1,97.09608344151269,-53.84553979406886,0.625
1,120.46761954646269,-53.84553979406886,0.625
1,100.40242098612673,-53.84553979406886,0.625
1,89.23705420536704,-53.84553979406886,0.625
1,93.27367265494813,-53.84553979406886,0.625
1,106.66353361169962,-53.84553979406886,0.625
1,102.59106268543474,-53.84553979406886,0.625
1,102.93587308534582,-53.84553979406886,0.625
1,110.01705878012311,-53.84553979406886,0.625
1,101.71407152576973,-53.84553979406886,0.625
1,87.98505747458492,-53.84553979406886,0.625
1,104.28300004402612,-53.84553979406886,0.625
1,114.23046188499761,-53.84553979406886,0.625
1,101.04710198147569,-53.84553979406886,0.625
1,100.38666439115016,-53.84553979406886,0.625
1,111.99456351930542,-53.84553979406886,0.625
1,96.33979315093333,-53.84553979406886,0.625
1,111.35508488577204,-53.84553979406886,0.625
1,107.87968308967663,-53.84553979406886,0.625
1,111.25524547082092,-53.84553979406886,0.625
1,109.63075803845506,-53.84553979406886,0.625
1,99.03002170229905,-53.84553979406886,0.625
1,102.34954199377879,-53.84553979406886,0.625
1,96.65431049142444,-53.84553979406886,0.625
1,97.37124376015355,-53.84553979406886,0.625
1,102.5033216124672,-53.84553979406886,0.625
1,94.59255513177246,-53.84553979406886,0.625
1,92.7186387113138,-53.84553979406886,0.625
1,119.29921729709194,-53.84553979406886,0.625
1,102.07800654975921,-53.84553979406886,0.625
1,96.74289435402534,-53.84553979406886,0.625
1,90.6245108645897,-53.84553979406886,0.625
1,96.87966762267547,-53.84553979406886,0.625
1,99.15159588512229,-53.84553979406886,0.625
1,84.5036301587301,-53.84553979406886,0.625
1,102.39591003866335,-53.84553979406886,0.625
1,106.96171423736267,-53.84553979406886,0.625
1,100.67114107217444,-53.84553979406886,0.625
1,101.12063302501151,-53.84553979406886,0.625
1,101.86420801106244,-53.84553979406886,0.625
1,101.0676679735166,-53.84553979406886,0.625
1,94.35030323721337,-53.84553979406886,0.625
1,91.19512048855998,-53.84553979406886,0.625
1,103.72987007515788,-53.84553979406886,0.625
1,105.46521928543422,-53.84553979406886,0.625
1,108.19863867805213,-53.84553979406886,0.625
1,91.00162318756378,-53.84553979406886,0.625
1,94.7668074367309,-53.84553979406886,0.625
1,93.83557498341405,-53.84553979406886,0.625
1,111.96648031726197,-53.84553979406886,0.625
1,107.08638655622822,-53.84553979406886,0.625
1,97.4911289051396,-53.84553979406886,0.625
1,96.04928703851427,-53.84553979406886,0.625
1,100.58990548216389,-53.84553979406886,0.625
1,117.8090093879445,-53.84553979406886,0.625
1,107.92549560108506,-53.84553979406886,0.625
1,87.30062961265843,-53.84553979406886,0.625
1,109.20540698120308,-53.84553979406886,0.625
1,105.41305492826554,-53.84553979406886,0.625
1,104.80582352854928,-53.84553979406886,0.625
1,100.27295406576859,-53.84553979406886,0.625
1,99.17039817561937,-53.84553979406886,0.625
1,113.58869103744125,-53.84553979406886,0.625
1,120.69494163486208,-53.84553979406886,0.625
1,101.44503870685784,-53.84553979406886,0.625
1,105.45616181752004,-53.84553979406886,0.625
1,90.44231539239765,-53.84553979406886,0.625
1,105.0681250590854,-53.84553979406886,0.625
1,97.99986416269081,-53.84553979406886,0.625
1,102.33853955481047,-53.84553979406886,0.625
1,92.52213324914328,-53.84553979406886,0.625
1,99.6965160486352,-53.84553979406886,0.625
1,94.82523447830347,-53.84553979406886,0.625
1,116.63292783822617,-53.84553979406886,0.625
1,111.09360590882325,-53.84553979406886,0.625
1,98.19115241204386,-53.84553979406886,0.625
1,98.70224548921924,-53.84553979406886,0.625
1,103.98491127920606,-53.84553979406886,0.625
1,111.12315991513144,-53.84553979406886,0.625
1,97.03910517775375,-53.84553979406886,0.625
1,103.03664340380946,-53.84553979406886,0.625
1,107.32868267017098,-53.84553979406886,0.625
1,104.22553326186078,-53.84553979406886,0.625
1,107.57574397496055,-53.84553979406886,0.625
1,109.45466691619174,-53.84553979406886,0.625
1,95.38805872285221,-53.84553979406886,0.625
1,96.50342401402668,-53.84553979406886,0.625
1,95.5289779727941,-53.84553979406886,0.625
1,111.82482817941188,-53.84553979406886,0.625
1,103.9205468479105,-53.84553979406886,0.625
1,117.85416569873742,-53.84553979406886,0.625
1,110.46572979856042,-53.84553979406886,0.625
1,91.83956742221774,-53.84553979406886,0.625
1,106.96237972982516,-53.84553979406886,0.625
1,97.1091949876521,-53.84553979406886,0.625
1,107.11403304507185,-53.84553979406886,0.625
1,93.91483092645703,-53.84553979406886,0.625
1,95.65912710221639,-53.84553979406886,0.625
1,103.73563679071911,-53.84553979406886,0.625
1,104.62510790304631,-53.84553979406886,0.625
1,102.81206787444668,-53.84553979406886,0.625
1,102.54650191522498,-53.84553979406886,0.625
1,115.30288508540696,-53.84553979406886,0.625
1,97.37349659250863,-53.84553979406886,0.625
1,100.6004278375854,-53.84553979406886,0.625
1,103.53298235153376,-53.84553979406886,0.625
1,112.19619670652641,-53.84553979406886,0.625
1,99.29034993683514,-53.84553979406886,0.625
1,106.08537880702553,-53.84553979406886,0.625
1,95.52611036693558,-53.84553979406886,0.625
1,108.86258334667372,-53.84553979406886,0.625
1,103.1655217405236,-53.84553979406886,0.625
1,105.73610354948416,-53.84553979406886,0.625
1,93.48136609755417,-53.84553979406886,0.625
1,95.68878213642049,-53.84553979406886,0.625
1,105.36654932309713,-53.84553979406886,0.625
1,107.51274025152891,-53.84553979406886,0.625
1,109.6273119634356,-53.84553979406886,0.625
1,89.20852807761999,-53.84553979406886,0.625
1,129.28584418849897,-53.84553979406886,0.625
1,102.26301501914519,-53.84553979406886,0.625
1,110.83580648069065,-53.84553979406886,0.625
1,96.25117042163058,-53.84553979406886,0.625
1,101.987623164026,-53.84553979406886,0.625
1,119.83271422729935,-53.84553979406886,0.625
1,92.64694715088925,-53.84553979406886,0.625
1,92.18220267476336,-53.84553979406886,0.625
1,95.39477173595404,-53.84553979406886,0.625
1,105.66359248474126,-53.84553979406886,0.625
1,107.35233328255478,-53.84553979406886,0.625
1,92.83044782863124,-53.84553979406886,0.625
1,84.39257565644418,-53.84553979406886,0.625
1,100.92929018012346,-53.84553979406886,0.625
1,105.21192236367438,-53.84553979406886,0.625
1,109.91889455501543,-53.84553979406886,0.625
1,97.73782347332155,-53.84553979406886,0.625
1,119.02178705789181,-53.84553979406886,0.625
1,105.48504151621873,-53.84553979406886,0.625
1,99.62660513484963,-53.84553979406886,0.625
1,104.17567658478066,-53.84553979406886,0.625
1,103.45754890234475,-53.84553979406886,0.625
1,94.95738579671485,-53.84553979406886,0.625
1,102.5089793112483,-53.84553979406886,0.625
1,95.71797921930913,-53.84553979406886,0.625
1,96.69674528231738,-53.84553979406886,0.625
1,92.02420031846468,-53.84553979406886,0.625
1,109.71625320338043,-53.84553979406886,0.625
1,97.25972297110167,-53.84553979406886,0.625
1,108.04727505040361,-53.84553979406886,0.625
1,96.09214441995219,-53.84553979406886,0.625
1,102.66184894028257,-53.84553979406886,0.625
1,113.6140669100904,-53.84553979406886,0.625
1,107.72910598035863,-53.84553979406886,0.625
1,89.84831119885762,-53.84553979406886,0.625
1,100.7002994857855,-53.84553979406886,0.625
1,90.95162959477092,-53.84553979406886,0.625
1,98.29694870173611,-53.84553979406886,0.625
1,111.85080244138959,-53.84553979406886,0.625
1,112.47331220026085,-53.84553979406886,0.625
1,96.52822308748839,-53.84553979406886,0.625
1,93.4277817579286,-53.84553979406886,0.625
1,100.52226484252583,-53.84553979406886,0.625
1,98.25919309944443,-53.84553979406886,0.625
1,88.65633761893741,-53.84553979406886,0.625
1,115.30734474092151,-53.84553979406886,0.625
1,96.18653432182602,-53.84553979406886,0.625
1,101.4218417043731,-53.84553979406886,0.625
1,102.72373331043454,-53.84553979406886,0.625
1,102.15001202350163,-53.84553979406886,0.625
1,108.64235129913342,-53.84553979406886,0.625
1,109.53582591176809,-53.84553979406886,0.625
1,112.44712790190599,-53.84553979406886,0.625
1,99.97595608488949,-53.84553979406886,0.625
1,101.0808191225802,-53.84553979406886,0.625
1,97.3903731356615,-53.84553979406886,0.625
1,89.87062128473208,-53.84553979406886,0.625
1,99.80018880044574,-53.84553979406886,0.625
1,110.00153868744829,-53.84553979406886,0.625
1,92.46229183756608,-53.84553979406886,0.625
1,107.9862945353569,-53.84553979406886,0.625
1,106.43609174214674,-53.84553979406886,0.625
1,95.11000044246207,-53.84553979406886,0.625
1,110.10683347659882,-53.84553979406886,0.625
1,109.26611500874166,-53.84553979406886,0.625
1,99.7179458685872,-53.84553979406886,0.625
1,114.96710152973111,-53.84553979406886,0.625
1,109.63488239061836,-53.84553979406886,0.625
1,98.34012704179844,-53.84553979406886,0.625
1,81.2578264183708,-53.84553979406886,0.625
1,91.538328948261,-53.84553979406886,0.625
1,94.73940010952893,-53.84553979406886,0.625
1,110.72732909940855,-53.84553979406886,0.625
1,103.76266197024835,-53.84553979406886,0.625
1,92.88906344911425,-53.84553979406886,0.625
1,108.08029072368916,-53.84553979406886,0.625
1,83.67591442060849,-53.84553979406886,0.625
1,103.15368876597041,-53.84553979406886,0.625
1,105.58724155143322,-53.84553979406886,0.625
1,94.10748027577372,-53.84553979406886,0.625
1,107.46662200922859,-53.84553979406886,0.625
1,103.72619162791905,-53.84553979406886,0.625
1,105.45959059998478,-53.84553979406886,0.625
1,101.1890062367349,-53.84553979406886,0.625
1,117.5008746709739,-53.84553979406886,0.625
1,104.53796927600901,-53.84553979406886,0.625
1,95.468433655831,-53.84553979406886,0.625
1,101.46014648815465,-53.84553979406886,0.625
1,89.12089886968272,-53.84553979406886,0.625
1,93.23705848512076,-53.84553979406886,0.625
1,100.03423052586034,-53.84553979406886,0.625
1,106.77847671874603,-53.84553979406886,0.625
1,99.64808542429259,-53.84553979406886,0.625
1,108.01566035155447,-53.84553979406886,0.625
1,100.10388890045722,-53.84553979406886,0.625
1,97.71859396403323,-53.84553979406886,0.625
1,84.59070117845759,-53.84553979406886,0.625
1,94.43113841408388,-53.84553979406886,0.625
1,107.33921476678083,-53.84553979406886,0.625
1,100.86946894060401,-53.84553979406886,0.625
1,101.98621407756876,-53.84553979406886,0.625
1,101.35894391708278,-53.84553979406886,0.625
1,91.40214486488742,-53.84553979406886,0.625
1,107.90622006235466,-53.84553979406886,0.625
1,101.38408164922599,-53.84553979406886,0.625
1,96.021320446963,-53.84553979406886,0.625
1,95.94151676352875,-53.84553979406886,0.625
1,92.3554947666538,-53.84553979406886,0.625
1,89.97813597809142,-53.84553979406886,0.625
1,105.78561736850259,-53.84553979406886,0.625
1,108.77290946646572,-53.84553979406886,0.625
1,100.39881044172635,-53.84553979406886,0.625
1,95.20024536851253,-53.84553979406886,0.625
1,102.94632348769144,-53.84553979406886,0.625
1,95.23879706402278,-53.84553979406886,0.625
1,103.68849866217427,-53.84553979406886,0.625
1,102.79891593882252,-53.84553979406886,0.625
1,89.39288665699837,-53.84553979406886,0.625
1,101.36304766959479,-53.84553979406886,0.625
1,95.7538245178187,-53.84553979406886,0.625
1,99.82463335648293,-53.84553979406886,0.625
1,111.1644507228716,-53.84553979406886,0.625
1,100.95733399626205,-53.84553979406886,0.625
1,100.84948103751334,-53.84553979406886,0.625
1,112.1384501584249,-53.84553979406886,0.625
1,102.66045039563507,-53.84553979406886,0.625
1,111.94665960182346,-53.84553979406886,0.625
1,103.09320659056085,-53.84553979406886,0.625
1,116.09787812268459,-53.84553979406886,0.625
1,90.52796699657135,-53.84553979406886,0.625
1,98.88160695676763,-53.84553979406886,0.625
1,110.52643866444222,-53.84553979406886,0.625
1,100.96189751384368,-53.84553979406886,0.625
1,86.5020248346001,-53.84553979406886,0.625
1,105.7919191799173,-53.84553979406886,0.625
1,103.83432398920624,-53.84553979406886,0.625
1,99.77260509310898,-53.84553979406886,0.625
1,102.39787474749302,-53.84553979406886,0.625
1,101.44712998602074,-53.84553979406886,0.625
1,102.81785555136862,-53.84553979406886,0.625
1,105.84382380998356,-53.84553979406886,0.625
1,90.99882121274464,-53.84553979406886,0.625
1,95.3829083095438,-53.84553979406886,0.625
1,106.54601713342291,-53.84553979406886,0.625
1,104.85254311073304,-53.84553979406886,0.625
1,89.0552713625673,-53.84553979406886,0.625
1,102.77439743574625,-53.84553979406886,0.625
1,97.74088683753817,-53.84553979406886,0.625
1,94.92176397603355,-53.84553979406886,0.625
1,103.44676087991206,-53.84553979406886,0.625
1,97.51626754703847,-53.84553979406886,0.625
1,104.14577752562299,-53.84553979406886,0.625
1,90.7605203668553,-53.84553979406886,0.625
1,106.0512686248108,-53.84553979406886,0.625
1,86.56396460805212,-53.84553979406886,0.625
1,103.27318423179793,-53.84553979406886,0.625
1,102.45683910243955,-53.84553979406886,0.625
1,104.01007383031235,-53.84553979406886,0.625
1,103.27475542799608,-53.84553979406886,0.625
1,96.57357043866605,-53.84553979406886,0.625
1,95.92669036524848,-53.84553979406886,0.625
1,100.19251631019812,-53.84553979406886,0.625
1,92.3296993306544,-53.84553979406886,0.625
1,105.89629587827736,-53.84553979406886,0.625
1,100.69536759448874,-53.84553979406886,0.625
1,106.11371740759618,-53.84553979406886,0.625
1,105.15469678668634,-53.84553979406886,0.625
1,95.4618095586295,-53.84553979406886,0.625
1,111.68601568752285,-53.84553979406886,0.625
1,99.89201498855898,-53.84553979406886,0.625
1,105.42630001853,-53.84553979406886,0.625
1,104.74780227392738,-53.84553979406886,0.625
1,96.13082774210325,-53.84553979406886,0.625
1,101.28601976732494,-53.84553979406886,0.625
1,106.05256257722627,-53.84553979406886,0.625
1,112.2650188661214,-53.84553979406886,0.625
1,96.10665850289492,-53.84553979406886,0.625
1,100.01416182708624,-53.84553979406886,0.625
1,85.71753635468731,-53.84553979406886,0.625
1,87.94091052239091,-53.84553979406886,0.625
1,98.24426519125102,-53.84553979406886,0.625
1,97.84999600635501,-53.84553979406886,0.625
1,106.25912253409508,-53.84553979406886,0.625
1,100.42426841128001,-53.84553979406886,0.625
1,90.99794134951794,-53.84553979406886,0.625
1,102.41442004633441,-53.84553979406886,0.625
1,101.48347885730993,-53.84553979406886,0.625
1,113.26963871190294,-53.84553979406886,0.625
1,110.77950452866023,-53.84553979406886,0.625
1,111.77478787602008,-53.84553979406886,0.625
1,105.68525556116712,-53.84553979406886,0.625
1,106.26283733405072,-53.84553979406886,0.625
1,116.46318058129668,-53.84553979406886,0.625
1,104.70910659143755,-53.84553979406886,0.625
1,106.42535662851157,-53.84553979406886,0.625
1,111.87046087085662,-53.84553979406886,0.625
1,99.48978821417707,-53.84553979406886,0.625
1,89.22058797059701,-53.84553979406886,0.625
1,98.62111323661934,-53.84553979406886,0.625
1,96.8564648594641,-53.84553979406886,0.625
1,97.14195577510667,-53.84553979406886,0.625
1,103.63549746371292,-53.84553979406886,0.625
1,100.54968042581334,-53.84553979406886,0.625
1,96.32293550543022,-53.84553979406886,0.625
1,99.43800051294977,-53.84553979406886,0.625
1,104.91849367908065,-53.84553979406886,0.625
1,94.59019165590605,-53.84553979406886,0.625
1,97.73655893555718,-53.84553979406886,0.625
1,102.39711364304414,-53.84553979406886,0.625
1,98.71687704074044,-53.84553979406886,0.625
1,114.67811778271906,-53.84553979406886,0.625
1,109.22338971354198,-53.84553979406886,0.625
1,96.65155702825572,-53.84553979406886,0.625
1,107.37204771177733,-53.84553979406886,0.625
1,92.96256467058448,-53.84553979406886,0.625
1,108.51156285826045,-53.84553979406886,0.625
1,96.04080859734657,-53.84553979406886,0.625
1,116.96610405379771,-53.84553979406886,0.625
1,103.8430877006672,-53.84553979406886,0.625
1,107.23003329185103,-53.84553979406886,0.625
1,98.3647798172483,-53.84553979406886,0.625
1,99.73945806082499,-53.84553979406886,0.625
1,103.03470017550873,-53.84553979406886,0.625
1,103.68802164362432,-53.84553979406886,0.625
1,99.43862833234736,-53.84553979406886,0.625
1,104.40220095645229,-53.84553979406886,0.625
1,98.92489640225357,-53.84553979406886,0.625
1,96.25787975022769,-53.84553979406886,0.625
1,92.5479191150207,-53.84553979406886,0.625
1,102.04087891977191,-53.84553979406886,0.625
1,96.47475867191454,-53.84553979406886,0.625
1,94.16445378357132,-53.84553979406886,0.625
1,100.49250980626083,-53.84553979406886,0.625
1,92.92518753277098,-53.84553979406886,0.625
1,86.94228724541723,-53.84553979406886,0.625
1,96.75464917658302,-53.84553979406886,0.625
1,93.66129540238913,-53.84553979406886,0.625
1,114.42784620176913,-53.84553979406886,0.625
1,95.63640833986479,-53.84553979406886,0.625
1,99.70770276160016,-53.84553979406886,0.625
1,101.29206741875424,-53.84553979406886,0.625
1,95.59864201147026,-53.84553979406886,0.625
1,99.99966129768403,-53.84553979406886,0.625
1,112.50712630790085,-53.84553979406886,0.625
1,97.43984686408828,-53.84553979406886,0.625
1,91.89731695384485,-53.84553979406886,0.625
1,115.57916808620104,-53.84553979406886,0.625
1,117.85265616879524,-53.84553979406886,0.625
1,102.58089842367106,-53.84553979406886,0.625
1,106.66509034928384,-53.84553979406886,0.625
1,100.20684237585975,-53.84553979406886,0.625
1,89.97433754661365,-53.84553979406886,0.625
1,97.87717854119332,-53.84553979406886,0.625
1,108.44471459858987,-53.84553979406886,0.625
1,92.62912322036834,-53.84553979406886,0.625
1,99.41879986317576,-53.84553979406886,0.625
1,91.62762580241197,-53.84553979406886,0.625
1,91.08560003472738,-53.84553979406886,0.625
1,99.1655030179153,-53.84553979406886,0.625
1,94.63196607478463,-53.84553979406886,0.625
1,100.22262454602836,-53.84553979406886,0.625
1,101.67781944452561,-53.84553979406886,0.625
1,102.23528297098052,-53.84553979406886,0.625
1,99.56356053840729,-53.84553979406886,0.625
1,100.77364460398405,-53.84553979406886,0.625
1,98.33333909660834,-53.84553979406886,0.625
1,109.89637802713825,-53.84553979406886,0.625
1,103.97993389988378,-53.84553979406886,0.625
1,97.2882478549608,-53.84553979406886,0.625
1,103.70174259735944,-53.84553979406886,0.625
1,97.99526041692708,-53.84553979406886,0.625
1,103.42420529087558,-53.84553979406886,0.625
1,96.24836802583236,-53.84553979406886,0.625
1,112.27673287831992,-53.84553979406886,0.625
1,97.38816122141026,-53.84553979406886,0.625
1,108.46258277135423,-53.84553979406886,0.625
1,91.20994699181509,-53.84553979406886,0.625
1,106.22612588576436,-53.84553979406886,0.625
1,105.88492923449071,-53.84553979406886,0.625
1,109.19848421131067,-53.84553979406886,0.625
1,94.80093458080017,-53.84553979406886,0.625
1,102.09980845637804,-53.84553979406886,0.625
1,103.64938216273929,-53.84553979406886,0.625
1,119.02072648457111,-53.84553979406886,0.625
1,102.61368841118872,-53.84553979406886,0.625
1,101.31938161573851,-53.84553979406886,0.625
1,104.2938090751799,-53.84553979406886,0.625
1,95.0079247846553,-53.84553979406886,0.625
1,103.56762070712966,-53.84553979406886,0.625
1,105.55728069515833,-53.84553979406886,0.625
1,99.43724931707814,-53.84553979406886,0.625
1,111.07384743141098,-53.84553979406886,0.625
1,109.44015295636203,-53.84553979406886,0.625
1,98.26114251669374,-53.84553979406886,0.625
1,111.24891320979398,-53.84553979406886,0.625
1,101.35909670159478,-53.84553979406886,0.625
1,102.2149485562736,-53.84553979406886,0.625
1,98.94014239562783,-53.84553979406886,0.625
1,99.24516472995765,-53.84553979406886,0.625
1,88.36422455132691,-53.84553979406886,0.625
1,99.86249854899481,-53.84553979406886,0.625
1,107.728390347284,-53.84553979406886,0.625
1,91.25745368260681,-53.84553979406886,0.625
1,98.40567938899282,-53.84553979406886,0.625
1,98.01620802009964,-53.84553979406886,0.625
1,99.01596209070152,-53.84553979406886,0.625
1,106.59585022631497,-53.84553979406886,0.625
1,94.980661661201,-53.84553979406886,0.625
1,111.0918459980388,-53.84553979406886,0.625
1,98.37640830505208,-53.84553979406886,0.625
1,92.05276701645944,-53.84553979406886,0.625
1,83.50933412901641,-53.84553979406886,0.625
1,93.58492093372412,-53.84553979406886,0.625
1,100.86889226868716,-53.84553979406886,0.625
1,91.04674399254942,-53.84553979406886,0.625
1,103.52168123297922,-53.84553979406886,0.625
1,97.31444802315026,-53.84553979406886,0.625
1,94.52860196994476,-53.84553979406886,0.625
1,100.82062717394737,-53.84553979406886,0.625
1,87.56319539451334,-53.84553979406886,0.625
1,90.97009154759492,-53.84553979406886,0.625
1,101.13633608691161,-53.84553979406886,0.625
1,97.28418230153241,-53.84553979406886,0.625
1,110.01596692364477,-53.84553979406886,0.625
1,97.85914766799446,-53.84553979406886,0.625
1,99.31889112316371,-53.84553979406886,0.625
1,95.39767731626569,-53.84553979406886,0.625
1,92.50083719525831,-53.84553979406886,0.625
1,118.54323335765255,-53.84553979406886,0.625
1,103.88628530914514,-53.84553979406886,0.625
1,93.06119490446454,-53.84553979406886,0.625
1,100.41566477124529,-53.84553979406886,0.625
1,117.16269199086578,-53.84553979406886,0.625
1,108.69284320542852,-53.84553979406886,0.625
1,98.76051870350902,-53.84553979406886,0.625
1,98.88744245091466,-53.84553979406886,0.625
1,95.15966192761793,-53.84553979406886,0.625
1,99.98790564811496,-53.84553979406886,0.625
1,108.453596327928,-53.84553979406886,0.625
1,99.81604345291701,-53.84553979406886,0.625
1,87.6615180910022,-53.84553979406886,0.625
1,108.64752080003721,-53.84553979406886,0.625
1,84.99500634958346,-53.84553979406886,0.625
1,88.5567470227446,-53.84553979406886,0.625
1,92.04546308454128,-53.84553979406886,0.625
1,115.78956876445116,-53.84553979406886,0.625
1,90.25398221931155,-53.84553979406886,0.625
1,113.24384512220512,-53.84553979406886,0.625
1,100.19732475398158,-53.84553979406886,0.625
1,95.74474054886795,-53.84553979406886,0.625
1,91.61076469797597,-53.84553979406886,0.625
1,104.67167486636522,-53.84553979406886,0.625
1,92.57773692307423,-53.84553979406886,0.625
1,103.81432968823205,-53.84553979406886,0.625
1,104.35900169319095,-53.84553979406886,0.625
1,93.04220858493358,-53.84553979406886,0.625
1,97.965477386848,-53.84553979406886,0.625
1,100.2301956056936,-53.84553979406886,0.625
1,96.65245460748473,-53.84553979406886,0.625
1,89.36507271332846,-53.84553979406886,0.625
1,98.76783089120636,-53.84553979406886,0.625
1,94.84202025761786,-53.84553979406886,0.625
1,110.34751450888449,-53.84553979406886,0.625
1,102.23863016352706,-53.84553979406886,0.625
1,96.60209766307476,-53.84553979406886,0.625
1,116.68533758961584,-53.84553979406886,0.625
1,101.0388959552071,-53.84553979406886,0.625
1,98.29674343796523,-53.84553979406886,0.625
1,86.59516085951833,-53.84553979406886,0.625
1,102.74418880840747,-53.84553979406886,0.625
1,89.8277047552665,-53.84553979406886,0.625
1,107.87394192426716,-53.84553979406886,0.625
1,103.48520244769249,-53.84553979406886,0.625
1,96.65454704236335,-53.84553979406886,0.625
1,102.97281698890389,-53.84553979406886,0.625
1,98.54036982724863,-53.84553979406886,0.625
1,102.2415119058455,-53.84553979406886,0.625
1,111.14369359668146,-53.84553979406886,0.625
1,99.53492629339135,-53.84553979406886,0.625
1,103.31995906656411,-53.84553979406886,0.625
1,95.04643726636418,-53.84553979406886,0.625
1,94.39794636617475,-53.84553979406886,0.625
1,93.4693839677548,-53.84553979406886,0.625
1,86.72816886093682,-53.84553979406886,0.625
1,89.93929467160301,-53.84553979406886,0.625
1,90.24697369371164,-53.84553979406886,0.625
1,92.9480258825495,-53.84553979406886,0.625
1,97.2628739396634,-53.84553979406886,0.625
1,96.88539280312183,-53.84553979406886,0.625
1,89.79288615308059,-53.84553979406886,0.625
1,87.20868727747168,-53.84553979406886,0.625
1,102.67695966040495,-53.84553979406886,0.625
1,108.39052845066313,-53.84553979406886,0.625
1,114.06525057658297,-53.84553979406886,0.625
1,108.39914476380233,-53.84553979406886,0.625
1,97.6913380611688,-53.84553979406886,0.625
1,103.87234527826097,-53.84553979406886,0.625
1,111.61108879901533,-53.84553979406886,0.625
1,99.93798943301314,-53.84553979406886,0.625
1,102.96383802195525,-53.84553979406886,0.625
1,89.90787220244802,-53.84553979406886,0.625
1,93.50714570539087,-53.84553979406886,0.625
1,107.86374677315752,-53.84553979406886,0.625
1,96.44881899216348,-53.84553979406886,0.625
1,106.97546791033308,-53.84553979406886,0.625
1,99.56036681126241,-53.84553979406886,0.625
1,95.67203487449625,-53.84553979406886,0.625
1,122.315592320566,-53.84553979406886,0.625
1,101.12574431416661,-53.84553979406886,0.625
1,93.81209189313911,-53.84553979406886,0.625
1,100.26788669087159,-53.84553979406886,0.625
1,106.25370637078726,-53.84553979406886,0.625
1,101.7363123190324,-53.84553979406886,0.625
1,85.02398197191545,-53.84553979406886,0.625
1,114.53724728751145,-53.84553979406886,0.625
1,103.46201751262785,-53.84553979406886,0.625
1,88.8314955359453,-53.84553979406886,0.625
1,108.54980671869092,-53.84553979406886,0.625
1,100.38777226169768,-53.84553979406886,0.625
1,89.2982218340605,-53.84553979406886,0.625
1,93.5812144166882,-53.84553979406886,0.625
1,102.99993920181021,-53.84553979406886,0.625
1,90.7465301023042,-53.84553979406886,0.625
1,106.52690141749154,-53.84553979406886,0.625
1,89.22247614444868,-53.84553979406886,0.625
1,91.6484275539883,-53.84553979406886,0.625
1,100.13445291996655,-53.84553979406886,0.625
1,102.86065338550227,-53.84553979406886,0.625
1,119.2269808201306,-53.84553979406886,0.625
1,104.91476078695878,-53.84553979406886,0.625
1,96.50886612832959,-53.84553979406886,0.625
1,94.75800697193087,-53.84553979406886,0.625
1,97.28024854716753,-53.84553979406886,0.625
1,94.18442491776167,-53.84553979406886,0.625
1,110.06427867728985,-53.84553979406886,0.625
1,100.61237491362915,-53.84553979406886,0.625
1,100.87241011000059,-53.84553979406886,0.625
1,87.19668065364304,-53.84553979406886,0.625
1,114.98374537170204,-53.84553979406886,0.625
1,89.36305764173107,-53.84553979406886,0.625
1,87.0988175980561,-53.84553979406886,0.625
1,111.09934904353509,-53.84553979406886,0.625
1,112.78086803655994,-53.84553979406886,0.625
1,104.5442630681717,-53.84553979406886,0.625
1,108.31371035884845,-53.84553979406886,0.625
1,101.90655963984139,-53.84553979406886,0.625
1,107.7202886595164,-53.84553979406886,0.625
1,102.66678395346717,-53.84553979406886,0.625
1,106.83232663690355,-53.84553979406886,0.625
1,105.26479415541716,-53.84553979406886,0.625
1,102.94425229359676,-53.84553979406886,0.625
1,103.38046040116386,-53.84553979406886,0.625
1,100.88460282687464,-53.84553979406886,0.625
1,94.8985677863997,-53.84553979406886,0.625
1,91.57088772058125,-53.84553979406886,0.625
1,109.87172611335765,-53.84553979406886,0.625
1,104.8277024576791,-53.84553979406886,0.625
1,107.68754063935665,-53.84553979406886,0.625
1,99.99579016948759,-53.84553979406886,0.625
1,99.52958337396267,-53.84553979406886,0.625
1,94.13672836008466,-53.84553979406886,0.625
1,91.31923469443667,-53.84553979406886,0.625
1,93.34744267270912,-53.84553979406886,0.625
1,100.51428829456535,-53.84553979406886,0.625
1,101.25237241564058,-53.84553979406886,0.625
1,103.76793380070772,-53.84553979406886,0.625
1,107.90943567006582,-53.84553979406886,0.625
1,106.41609748563334,-53.84553979406886,0.625
1,104.53844080583654,-53.84553979406886,0.625
1,95.97257747054336,-53.84553979406886,0.625
1,107.7359355791811,-53.84553979406886,0.625
1,99.65994127270633,-53.84553979406886,0.625
1,107.91420849408804,-53.84553979406886,0.625
1,101.5772974423896,-53.84553979406886,0.625
1,96.50842134718064,-53.84553979406886,0.625
1,88.01251464372334,-53.84553979406886,0.625
1,104.86748716027043,-53.84553979406886,0.625
1,102.54805150548209,-53.84553979406886,0.625
1,116.52268910101682,-53.84553979406886,0.625
1,99.93222651074963,-53.84553979406886,0.625
1,108.55503683468682,-53.84553979406886,0.625
1,105.34168068622027,-53.84553979406886,0.625
1,95.17565386989213,-53.84553979406886,0.625
1,97.27608590086038,-53.84553979406886,0.625
1,92.73269326278398,-53.84553979406886,0.625
1,112.11040327326396,-53.84553979406886,0.625
1,98.75155656789649,-53.84553979406886,0.625
1,89.27693037505455,-53.84553979406886,0.625
1,110.60313096222258,-53.84553979406886,0.625
1,94.33695202197589,-53.84553979406886,0.625
1,91.3983012095832,-53.84553979406886,0.625
1,87.16866789774541,-53.84553979406886,0.625
1,100.26142790592661,-53.84553979406886,0.625
1,96.78396710563987,-53.84553979406886,0.625
1,103.78087101007087,-53.84553979406886,0.625
1,98.66009132889438,-53.84553979406886,0.625
1,93.11669815890234,-53.84553979406886,0.625
1,96.54173505474144,-53.84553979406886,0.625
1,96.94119617803135,-53.84553979406886,0.625
1,93.60933173800495,-53.84553979406886,0.625
1,95.72997372318368,-53.84553979406886,0.625
1,94.57491009019326,-53.84553979406886,0.625
1,107.37550231189192,-53.84553979406886,0.625
1,101.5616924759935,-53.84553979406886,0.625
1,92.28562589711595,-53.84553979406886,0.625
1,109.58734648616313,-53.84553979406886,0.625
1,116.90427942866661,-53.84553979406886,0.625
1,108.41011219281786,-53.84553979406886,0.625
1,106.98356761991027,-53.84553979406886,0.625
1,103.37444243090586,-53.84553979406886,0.625
1,96.94356609221195,-53.84553979406886,0.625
1,93.74971210565543,-53.84553979406886,0.625
1,98.60427376825035,-53.84553979406886,0.625
1,104.18648527830454,-53.84553979406886,0.625
1,108.36422177717057,-53.84553979406886,0.625
1,105.03330823638154,-53.84553979406886,0.625
1,99.82827161271652,-53.84553979406886,0.625
1,102.1787826578137,-53.84553979406886,0.625
1,99.71581389511984,-53.84553979406886,0.625
1,84.74275260692143,-53.84553979406886,0.625
1,103.15310525683927,-53.84553979406886,0.625
1,105.38369893363408,-53.84553979406886,0.625
1,103.15859014379036,-53.84553979406886,0.625
1,98.40809158705495,-53.84553979406886,0.625
1,94.15729540505521,-53.84553979406886,0.625
1,108.38147437069061,-53.84553979406886,0.625
1,109.29758071059209,-53.84553979406886,0.625
1,94.01012435851418,-53.84553979406886,0.625
1,90.60770358439439,-53.84553979406886,0.625
1,107.45270109555479,-53.84553979406886,0.625
1,104.65317171575663,-53.84553979406886,0.625
1,97.83408803747912,-53.84553979406886,0.625
1,102.30522798192672,-53.84553979406886,0.625
1,107.85702135772863,-53.84553979406886,0.625
1,99.69005395975032,-53.84553979406886,0.625
1,94.8033045143522,-53.84553979406886,0.625
1,108.79771407703373,-53.84553979406886,0.625
1,112.84118970915512,-53.84553979406886,0.625
1,95.45649831189948,-53.84553979406886,0.625
1,95.54166498888654,-53.84553979406886,0.625
1,94.82843188832163,-53.84553979406886,0.625
1,96.20370913207285,-53.84553979406886,0.625
1,107.51043294926956,-53.84553979406886,0.625
1,106.0135019272607,-53.84553979406886,0.625
1,85.9852300370965,-53.84553979406886,0.625
1,98.070648174367,-53.84553979406886,0.625
1,91.77625397546564,-53.84553979406886,0.625
1,85.65521815343679,-53.84553979406886,0.625
1,97.73267924255505,-53.84553979406886,0.625
1,105.76395121012703,-53.84553979406886,0.625
1,92.2780916342911,-53.84553979406886,0.625
1,101.03332751527385,-53.84553979406886,0.625
1,105.47700912637792,-53.84553979406886,0.625
1,90.13112654695455,-53.84553979406886,0.625
1,108.05074750315404,-53.84553979406886,0.625
1,94.90852537388966,-53.84553979406886,0.625
1,105.07875212000238,-53.84553979406886,0.625
1,111.17966555204663,-53.84553979406886,0.625
1,103.1278409434985,-53.84553979406886,0.625
1,103.78911033308262,-53.84553979406886,0.625
1,105.77954461973759,-53.84553979406886,0.625
1,108.7057189510378,-53.84553979406886,0.625
1,90.52825536194592,-53.84553979406886,0.625
1,116.82466661402044,-53.84553979406886,0.625
1,97.60956345606597,-53.84553979406886,0.625
1,102.49893270967661,-53.84553979406886,0.625
1,95.58868942458423,-53.84553979406886,0.625
1,102.4227195828491,-53.84553979406886,0.625
1,101.0711179618375,-53.84553979406886,0.625
1,85.48197315938701,-53.84553979406886,0.625
1,82.13155172942629,-53.84553979406886,0.625
1,104.14464936544927,-53.84553979406886,0.625
1,89.57112812918139,-53.84553979406886,0.625
1,92.94399511664166,-53.84553979406886,0.625
1,91.65417262044316,-53.84553979406886,0.625
1,90.82784709107742,-53.84553979406886,0.625
1,118.14348367355603,-53.84553979406886,0.625
1,98.78516824906572,-53.84553979406886,0.625
1,106.4442741757374,-53.84553979406886,0.625
1,99.91134560666761,-53.84553979406886,0.625
1,100.44623149319494,-53.84553979406886,0.625
1,94.36862963386984,-53.84553979406886,0.625
1,84.51563222722076,-53.84553979406886,0.625
1,98.90492016785531,-53.84553979406886,0.625
1,97.31093916647775,-53.84553979406886,0.625
1,97.0472657187068,-53.84553979406886,0.625
1,110.22151107441364,-53.84553979406886,0.625
1,100.93460096611918,-53.84553979406886,0.625
1,91.05431026381085,-53.84553979406886,0.625
1,85.89586434172105,-53.84553979406886,0.625
1,98.03916423727527,-53.84553979406886,0.625
1,118.7107362651528,-53.84553979406886,0.625
1,101.80620751290326,-53.84553979406886,0.625
1,92.63423451008603,-53.84553979406886,0.625
1,106.90068817686173,-53.84553979406886,0.625
1,106.55579844757072,-53.84553979406886,0.625
1,95.21403872734821,-53.84553979406886,0.625
1,103.19116899226334,-53.84553979406886,0.625
1,100.86407282471745,-53.84553979406886,0.625
1,101.31307356485655,-53.84553979406886,0.625
1,96.12389138042352,-53.84553979406886,0.625
1,116.30829228744759,-53.84553979406886,0.625
1,118.32586894904165,-53.84553979406886,0.625
1,92.83849643114947,-53.84553979406886,0.625
1,109.56619588040184,-53.84553979406886,0.625
1,103.91730845583957,-53.84553979406886,0.625
1,100.10494690896661,-53.84553979406886,0.625
1,110.7775507625958,-53.84553979406886,0.625
1,92.16419626033682,-53.84553979406886,0.625
1,91.42301601132176,-53.84553979406886,0.625
1,114.31488782584597,-53.84553979406886,0.625
1,107.11140976809186,-53.84553979406886,0.625
1,87.18397594689037,-53.84553979406886,0.625
1,102.45967048322402,-53.84553979406886,0.625
1,105.68916947844154,-53.84553979406886,0.625
1,111.41407204551538,-53.84553979406886,0.625
1,108.22678976196359,-53.84553979406886,0.625
1,86.79182519741478,-53.84553979406886,0.625
1,85.7814100219285,-53.84553979406886,0.625
1,110.47158958156662,-53.84553979406886,0.625
1,87.16264586086017,-53.84553979406886,0.625
1,105.43541596089771,-53.84553979406886,0.625
1,96.44426613755255,-53.84553979406886,0.625
1,115.07691619216847,-53.84553979406886,0.625
1,97.7949311199913,-53.84553979406886,0.625
1,106.26665846094107,-53.84553979406886,0.625
1,111.72193514090787,-53.84553979406886,0.625
1,95.23401794681978,-53.84553979406886,0.625
1,100.61287210097467,-53.84553979406886,0.625
1,95.35874516174192,-53.84553979406886,0.625
1,96.09728745493081,-53.84553979406886,0.625
1,92.07959062480924,-53.84553979406886,0.625
1,94.45650228372261,-53.84553979406886,0.625
1,93.46793429452941,-53.84553979406886,0.625
1,100.20887933610814,-53.84553979406886,0.625
1,108.36970896523417,-53.84553979406886,0.625
1,109.41642567782273,-53.84553979406886,0.625
1,98.29895019291004,-53.84553979406886,0.625
1,115.24195894276481,-53.84553979406886,0.625
1,99.54126521900557,-53.84553979406886,0.625
1,98.72654785370445,-53.84553979406886,0.625
1,111.9485700656358,-53.84553979406886,0.625
1,93.63871591627814,-53.84553979406886,0.625
1,99.42155210233175,-53.84553979406886,0.625
1,104.61348233846117,-53.84553979406886,0.625
1,91.34967476147433,-53.84553979406886,0.625
1,82.87725664098676,-53.84553979406886,0.625
1,95.43727632834208,-53.84553979406886,0.625
1,107.13334317827028,-53.84553979406886,0.625
1,100.65667820469253,-53.84553979406886,0.625
1,101.33654011738247,-53.84553979406886,0.625
1,102.5751339364381,-53.84553979406886,0.625
1,100.95987663735704,-53.84553979406886,0.625
1,94.3995839560731,-53.84553979406886,0.625
1,102.20563231241091,-53.84553979406886,0.625
1,110.93124851029891,-53.84553979406886,0.625
1,120.73141114794691,-53.84553979406886,0.625
1,101.63770346089616,-53.84553979406886,0.625
1,113.40325064549405,-53.84553979406886,0.625
1,108.81508229340145,-53.84553979406886,0.625
1,102.53370769840227,-53.84553979406886,0.625
1,105.35307974878579,-53.84553979406886,0.625
1,107.35238857714495,-53.84553979406886,0.625
1,96.8045422327179,-53.84553979406886,0.625
1,108.63433293694766,-53.84553979406886,0.625
1,105.43648880092206,-53.84553979406886,0.625
1,103.28259814597665,-53.84553979406886,0.625
1,88.58631091444023,-53.84553979406886,0.625
1,102.08145051891748,-53.84553979406886,0.625
1,102.31141059025963,-53.84553979406886,0.625
1,99.96997551818137,-53.84553979406886,0.625
1,110.58430668366215,-53.84553979406886,0.625
1,101.19934854880648,-53.84553979406886,0.625
1,89.8575192764279,-53.84553979406886,0.625
1,109.29938712539622,-53.84553979406886,0.625
1,101.63633188574308,-53.84553979406886,0.625
1,105.23964896837272,-53.84553979406886,0.625
1,103.5538467826323,-53.84553979406886,0.625
1,102.10673736278044,-53.84553979406886,0.625
1,114.47786780127751,-53.84553979406886,0.625
1,103.4274330050341,-53.84553979406886,0.625
1,123.14772595796026,-53.84553979406886,0.625
1,99.80279337846953,-53.84553979406886,0.625
1,87.45457251692407,-53.84553979406886,0.625
1,85.59450289420873,-53.84553979406886,0.625
1,100.65363026907261,-53.84553979406886,0.625
1,99.07363212487058,-53.84553979406886,0.625
1,100.46673147466475,-53.84553979406886,0.625
1,94.20821339522816,-53.84553979406886,0.625
1,102.15459681100248,-53.84553979406886,0.625
1,94.74288904276075,-53.84553979406886,0.625
1,90.79184010225413,-53.84553979406886,0.625
1,95.28773737740269,-53.84553979406886,0.625
1,105.9971201086354,-53.84553979406886,0.625
1,99.18762150035634,-53.84553979406886,0.625
1,108.89254027804802,-53.84553979406886,0.625
1,103.73864658362642,-53.84553979406886,0.625
1,100.43052880470793,-53.84553979406886,0.625
1,109.11343499247349,-53.84553979406886,0.625
1,106.78121174700141,-53.84553979406886,0.625
1,110.1908327812414,-53.84553979406886,0.625
1,97.26263871333258,-53.84553979406886,0.625
1,113.51993323173592,-53.84553979406886,0.625
1,90.36813827111773,-53.84553979406886,0.625
1,100.52153235598942,-53.84553979406886,0.625
1,104.14576468485276,-53.84553979406886,0.625
1,102.2263342795844,-53.84553979406886,0.625
1,93.61083611924566,-53.84553979406886,0.625
1,105.04409246541442,-53.84553979406886,0.625
1,113.08395676994185,-53.84553979406886,0.625
1,117.2287915671852,-53.84553979406886,0.625
1,99.45587860415966,-53.84553979406886,0.625
1,108.33876101215134,-53.84553979406886,0.625
1,104.57033148055967,-53.84553979406886,0.625
1,100.93781460635485,-53.84553979406886,0.625
1,98.81797404053246,-53.84553979406886,0.625
1,116.20864580564691,-53.84553979406886,0.625
1,110.01157396171821,-53.84553979406886,0.625
1,102.11199988081752,-53.84553979406886,0.625
1,97.36953850349735,-53.84553979406886,0.625
1,104.97623146979842,-53.84553979406886,0.625
1,93.541404156775,-53.84553979406886,0.625
1,104.41673066504332,-53.84553979406886,0.625
1,99.30956139116098,-53.84553979406886,0.625
1,97.57577201671953,-53.84553979406886,0.625
1,105.72736563469829,-53.84553979406886,0.625
1,101.4414428734215,-53.84553979406886,0.625
1,100.26291959240451,-53.84553979406886,0.625
1,99.43479655692387,-53.84553979406886,0.625
1,99.15515381008947,-53.84553979406886,0.625
1,110.57344074881625,-53.84553979406886,0.625
1,112.7500860764326,-53.84553979406886,0.625
1,100.9636623486501,-53.84553979406886,0.625
1,105.05516106604895,-53.84553979406886,0.625
1,96.16133190521204,-53.84553979406886,0.625
1,107.16670466301726,-53.84553979406886,0.625
1,112.64739188277075,-53.84553979406886,0.625
1,110.14690281252162,-53.84553979406886,0.625
1,103.31558212382505,-53.84553979406886,0.625
1,100.41886653038297,-53.84553979406886,0.625
1,104.8299399327336,-53.84553979406886,0.625
1,94.70936173924078,-53.84553979406886,0.625
1,114.40242623489173,-53.84553979406886,0.625
1,113.55531933503973,-53.84553979406886,0.625
1,99.32786064869862,-53.84553979406886,0.625
1,101.83655947144719,-53.84553979406886,0.625
1,88.48263554165545,-53.84553979406886,0.625
1,105.08624720882045,-53.84553979406886,0.625
1,96.29090203019872,-53.84553979406886,0.625
1,100.87517743860776,-53.84553979406886,0.625
1,112.59241656258541,-53.84553979406886,0.625
1,99.90356722188352,-53.84553979406886,0.625
1,99.22348810741643,-53.84553979406886,0.625
1,106.28482732075979,-53.84553979406886,0.625
1,99.63438326476538,-53.84553979406886,0.625
1,103.52769159975517,-53.84553979406886,0.625
1,106.88906079730542,-53.84553979406886,0.625
1,115.62448604724213,-53.84553979406886,0.625
1,107.6647412086059,-53.84553979406886,0.625
1,91.6995641256075,-53.84553979406886,0.625
1,112.66239104843596,-53.84553979406886,0.625
1,99.3167015749047,-53.84553979406886,0.625
1,101.1600648464601,-53.84553979406886,0.625
1,105.45006611126418,-53.84553979406886,0.625
1,109.81556209172592,-53.84553979406886,0.625
1,96.37894707594536,-53.84553979406886,0.625
1,100.3403140472374,-53.84553979406886,0.625
1,115.87780524411964,-53.84553979406886,0.625
1,83.89248780660884,-53.84553979406886,0.625
1,95.4767618436974,-53.84553979406886,0.625
1,103.26761178292585,-53.84553979406886,0.625
1,94.66000855945336,-53.84553979406886,0.625
1,89.27864976836875,-53.84553979406886,0.625
1,106.29499643469882,-53.84553979406886,0.625
1,96.43311061309392,-53.84553979406886,0.625
1,99.93749249641542,-53.84553979406886,0.625
1,97.29796600304653,-53.84553979406886,0.625
1,91.04326927686034,-53.84553979406886,0.625
1,93.86618915776435,-53.84553979406886,0.625
1,98.95653884453836,-53.84553979406886,0.625
1,103.35913510494699,-53.84553979406886,0.625
1,104.7971287429468,-53.84553979406886,0.625
1,94.87810095358226,-53.84553979406886,0.625
1,96.43793486399065,-53.84553979406886,0.625
1,119.14058044716143,-53.84553979406886,0.625
1,98.49402864934012,-53.84553979406886,0.625
1,99.60191246699118,-53.84553979406886,0.625
1,106.61470791611973,-53.84553979406886,0.625
1,103.0752702201925,-53.84553979406886,0.625
1,115.70362812299979,-53.84553979406886,0.625
1,98.15434469549783,-53.84553979406886,0.625
1,88.03026131582185,-53.84553979406886,0.625
1,104.07496917226207,-53.84553979406886,0.625
1,91.54364164186876,-53.84553979406886,0.625
1,96.32122104519998,-53.84553979406886,0.625
1,94.58333055339345,-53.84553979406886,0.625
1,107.28102990255233,-53.84553979406886,0.625
1,97.06616888882775,-53.84553979406886,0.625
1,93.28179529706861,-53.84553979406886,0.625
1,101.59318720106366,-53.84553979406886,0.625
1,87.49236375983489,-53.84553979406886,0.625
1,106.55365834739321,-53.84553979406886,0.625
1,101.69045303980715,-53.84553979406886,0.625
1,102.49097457917654,-53.84553979406886,0.625
1,106.05250254946064,-53.84553979406886,0.625
1,95.17255047323715,-53.84553979406886,0.625
1,100.3683973573745,-53.84553979406886,0.625
1,97.9089314232246,-53.84553979406886,0.625
1,96.03985590537377,-53.84553979406886,0.625
1,103.46346549969243,-53.84553979406886,0.625
1,99.88102512634784,-53.84553979406886,0.625
1,99.12875507934584,-53.84553979406886,0.625
1,105.83681639717805,-53.84553979406886,0.625
1,111.03032717614644,-53.84553979406886,0.625
1,105.51106134249997,-53.84553979406886,0.625
1,98.0787119863046,-53.84553979406886,0.625
1,90.3809961662687,-53.84553979406886,0.625
1,107.96778827761509,-53.84553979406886,0.625
1,95.30222315710336,-53.84553979406886,0.625
1,103.77965154000944,-53.84553979406886,0.625
1,113.69249542040932,-53.84553979406886,0.625
1,90.229507962131,-53.84553979406886,0.625
1,97.19886096491487,-53.84553979406886,0.625
1,102.61173452232491,-53.84553979406886,0.625
1,95.46936803778013,-53.84553979406886,0.625
1,109.43311389918031,-53.84553979406886,0.625
1,106.6105912034329,-53.84553979406886,0.625
1,99.67160963866812,-53.84553979406886,0.625
1,101.21220549991823,-53.84553979406886,0.625
1,100.07216952992583,-53.84553979406886,0.625
1,105.74253757963147,-53.84553979406886,0.625
1,96.29296687715558,-53.84553979406886,0.625
1,96.74814623977174,-53.84553979406886,0.625
1,101.95899309088804,-53.84553979406886,0.625
1,98.42669612519504,-53.84553979406886,0.625
1,102.95054156441401,-53.84553979406886,0.625
1,96.60072743133216,-53.84553979406886,0.625
1,97.29278838215961,-53.84553979406886,0.625
1,94.73984220493443,-53.84553979406886,0.625
1,120.34578292015443,-53.84553979406886,0.625
1,109.20571300755391,-53.84553979406886,0.625
1,98.26220688715136,-53.84553979406886,0.625
1,93.24445052710799,-53.84553979406886,0.625
1,91.37709313456135,-53.84553979406886,0.625
1,109.87224872851549,-53.84553979406886,0.625
1,108.00365311115314,-53.84553979406886,0.625
1,119.15973676875893,-53.84553979406886,0.625
1,108.4837265072768,-53.84553979406886,0.625
1,96.46297664678139,-53.84553979406886,0.625
1,108.64562689679798,-53.84553979406886,0.625
1,92.14967677003149,-53.84553979406886,0.625
1,99.54040197358759,-53.84553979406886,0.625
1,103.60002682085205,-53.84553979406886,0.625
1,92.7535034310858,-53.84553979406886,0.625
1,104.20746470694779,-53.84553979406886,0.625
1,101.99914479972128,-53.84553979406886,0.625
1,108.25263248350754,-53.84553979406886,0.625
1,106.08743954139581,-53.84553979406886,0.625
1,99.43128074488745,-53.84553979406886,0.625
1,100.4842209929246,-53.84553979406886,0.625
1,95.78501016213293,-53.84553979406886,0.625
1,104.687835237892,-53.84553979406886,0.625
1,104.95883544360251,-53.84553979406886,0.625
1,97.49908762813202,-53.84553979406886,0.625
1,98.63123830014847,-53.84553979406886,0.625
1,92.31189597432073,-53.84553979406886,0.625
1,102.62064642026058,-53.84553979406886,0.625
1,100.60556645678832,-53.84553979406886,0.625
1,99.66804265548143,-53.84553979406886,0.625
1,105.52077262141084,-53.84553979406886,0.625
1,99.03969307574697,-53.84553979406886,0.625
1,101.73600089083608,-53.84553979406886,0.625
1,106.05779717854327,-53.84553979406886,0.625
1,97.24367886792565,-53.84553979406886,0.625
1,101.26747916310374,-53.84553979406886,0.625
1,99.74097068500505,-53.84553979406886,0.625
1,106.28069317703022,-53.84553979406886,0.625
1,96.55912284551842,-53.84553979406886,0.625
1,98.93773104881018,-53.84553979406886,0.625
1,90.21903503861951,-53.84553979406886,0.625
1,92.78152398970798,-53.84553979406886,0.625
1,109.43426185213694,-53.84553979406886,0.625
1,104.35153862487923,-53.84553979406886,0.625
1,121.99457997063764,-53.84553979406886,0.625
1,99.67516451827322,-53.84553979406886,0.625
1,106.14464136587615,-53.84553979406886,0.625
1,97.26969975773532,-53.84553979406886,0.625
1,95.32310268380859,-53.84553979406886,0.625
1,106.81469984054641,-53.84553979406886,0.625
1,89.12983452468795,-53.84553979406886,0.625
1,88.78841089363458,-53.84553979406886,0.625
1,101.60106049507267,-53.84553979406886,0.625
1,96.90206307928679,-53.84553979406886,0.625
1,96.66725473393404,-53.84553979406886,0.625
1,96.79921089911001,-53.84553979406886,0.625
1,91.23700119600967,-53.84553979406886,0.625
1,107.38016649056172,-53.84553979406886,0.625
1,88.28313884453799,-53.84553979406886,0.625
1,91.7684234052325,-53.84553979406886,0.625
1,112.61127168740556,-53.84553979406886,0.625
1,87.77957113648242,-53.84553979406886,0.625
1,108.72667087630661,-53.84553979406886,0.625
1,100.89031965545135,-53.84553979406886,0.625
1,101.2056065954222,-53.84553979406886,0.625
1,101.57437482549105,-53.84553979406886,0.625
1,100.3542141117394,-53.84553979406886,0.625
1,97.8306051474952,-53.84553979406886,0.625
1,103.05451617461394,-53.84553979406886,0.625
1,103.53634466294746,-53.84553979406886,0.625
1,99.30584553485465,-53.84553979406886,0.625
1,104.77741076552032,-53.84553979406886,0.625
1,113.80036170444892,-53.84553979406886,0.625
1,114.45457226587246,-53.84553979406886,0.625
1,103.66876638547045,-53.84553979406886,0.625
1,95.57092233446473,-53.84553979406886,0.625
1,93.05683212187407,-53.84553979406886,0.625
1,104.1803549695626,-53.84553979406886,0.625
1,98.16333443026134,-53.84553979406886,0.625
1,118.13022323349047,-53.84553979406886,0.625
1,110.2783197933935,-53.84553979406886,0.625
1,116.03955419376545,-53.84553979406886,0.625
1,104.66460889063089,-53.84553979406886,0.625
1,118.08730844215984,-53.84553979406886,0.625
1,103.41297424528359,-53.84553979406886,0.625
1,90.0168624691566,-53.84553979406886,0.625
1,94.19040396057137,-53.84553979406886,0.625
1,94.72576286149904,-53.84553979406886,0.625
1,110.49563721568332,-53.84553979406886,0.625
1,95.66687122999213,-53.84553979406886,0.625
1,100.81301556404223,-53.84553979406886,0.625
1,85.7853458410724,-53.84553979406886,0.625
1,104.41299401167608,-53.84553979406886,0.625
1,98.70606248831162,-53.84553979406886,0.625
1,89.39755483234862,-53.84553979406886,0.625
1,99.17328841861948,-53.84553979406886,0.625
1,106.14730797459254,-53.84553979406886,0.625
1,100.61899167865158,-53.84553979406886,0.625
1,84.69570573621998,-53.84553979406886,0.625
1,94.16520675966427,-53.84553979406886,0.625
1,101.4705665976771,-53.84553979406886,0.625
1,110.44225625543113,-53.84553979406886,0.625
1,105.1367408762588,-53.84553979406886,0.625
1,103.4754533466334,-53.84553979406886,0.625
1,89.02206567782032,-53.84553979406886,0.625
1,102.31512035444116,-53.84553979406886,0.625
1,96.08758531094551,-53.84553979406886,0.625
1,90.80796298983263,-53.84553979406886,0.625
1,95.79355174743509,-53.84553979406886,0.625
1,99.87280999178058,-53.84553979406886,0.625
1,103.38064723585796,-53.84553979406886,0.625
1,93.36562236982604,-53.84553979406886,0.625
1,100.22848354347514,-53.84553979406886,0.625
1,111.23930423600132,-53.84553979406886,0.625
1,102.19172403089499,-53.84553979406886,0.625
1,97.9032798665337,-53.84553979406886,0.625
1,98.87270099229963,-53.84553979406886,0.625
1,88.59961147681479,-53.84553979406886,0.625
1,113.11180130300981,-53.84553979406886,0.625
1,93.42816179188368,-53.84553979406886,0.625
1,103.44693856272622,-53.84553979406886,0.625
1,97.25479246631788,-53.84553979406886,0.625
1,98.76570579564627,-53.84553979406886,0.625
1,97.3819496619198,-53.84553979406886,0.625
1,98.86675754739774,-53.84553979406886,0.625
1,103.0312991225095,-53.84553979406886,0.625
1,99.3006446752001,-53.84553979406886,0.625
1,94.74368278365016,-53.84553979406886,0.625
1,112.05559011902508,-53.84553979406886,0.625
1,107.98302543407937,-53.84553979406886,0.625
1,91.681419977164,-53.84553979406886,0.625
1,105.08039133265355,-53.84553979406886,0.625
1,105.60336335055207,-53.84553979406886,0.625
1,98.07082957123104,-53.84553979406886,0.625
1,101.53902588400672,-53.84553979406886,0.625
1,97.4471392608044,-53.84553979406886,0.625
1,103.22689302789631,-53.84553979406886,0.625
1,99.78252340600082,-53.84553979406886,0.625
1,105.16603357170784,-53.84553979406886,0.625
1,98.37002580284233,-53.84553979406886,0.625
1,109.50785863833264,-53.84553979406886,0.625
1,96.67263535153278,-53.84553979406886,0.625
1,99.69601736777409,-53.84553979406886,0.625
1,102.86710212628498,-53.84553979406886,0.625
1,110.02545614839252,-53.84553979406886,0.625
1,98.96439228226355,-53.84553979406886,0.625
1,113.02197314103553,-53.84553979406886,0.625
1,92.15504718414383,-53.84553979406886,0.625
1,103.34620828363073,-53.84553979406886,0.625
1,94.87438897536109,-53.84553979406886,0.625
1,108.02253645632753,-53.84553979406886,0.625
1,89.90353139416452,-53.84553979406886,0.625
1,94.04569469256103,-53.84553979406886,0.625
1,110.42138957902358,-53.84553979406886,0.625
1,98.16721433780802,-53.84553979406886,0.625
1,84.50315231823065,-53.84553979406886,0.625
1,107.75109209397209,-53.84553979406886,0.625
1,112.80286541147586,-53.84553979406886,0.625
1,107.38947253605262,-53.84553979406886,0.625
1,96.42506307971199,-53.84553979406886,0.625
1,103.62644723970627,-53.84553979406886,0.625
1,94.13308387058453,-53.84553979406886,0.625
1,106.76790641581466,-53.84553979406886,0.625
1,103.18930898333134,-53.84553979406886,0.625
1,105.53125415903644,-53.84553979406886,0.625
1,92.76827738098689,-53.84553979406886,0.625
1,96.71709043026398,-53.84553979406886,0.625
1,98.44123294741655,-53.84553979406886,0.625
1,106.52799498174801,-53.84553979406886,0.625
1,93.55391130491174,-53.84553979406886,0.625
1,110.15403213275437,-53.84553979406886,0.625
1,103.05633927690947,-53.84553979406886,0.625
1,103.94269319250444,-53.84553979406886,0.625
1,114.7162831568527,-53.84553979406886,0.625
1,103.9534221775386,-53.84553979406886,0.625
1,106.40472551011536,-53.84553979406886,0.625
1,103.199941642503,-53.84553979406886,0.625
1,106.55865979027332,-53.84553979406886,0.625
1,96.0291711959078,-53.84553979406886,0.625
1,91.51867588551532,-53.84553979406886,0.625
1,102.08514724555478,-53.84553979406886,0.625
1,82.68354370798062,-53.84553979406886,0.625
1,106.55528782474025,-53.84553979406886,0.625
1,89.46297877968726,-53.84553979406886,0.625
1,111.50769951337358,-53.84553979406886,0.625
1,94.2395822224026,-53.84553979406886,0.625
1,99.07064341204224,-53.84553979406886,0.625
1,98.41961496150728,-53.84553979406886,0.625
1,87.38227225805475,-53.84553979406886,0.625
1,103.30969380010532,-53.84553979406886,0.625
1,110.50604695562767,-53.84553979406886,0.625
1,114.92733716147765,-53.84553979406886,0.625
1,92.94592972844387,-53.84553979406886,0.625
1,103.70482048437113,-53.84553979406886,0.625
1,97.9229538109093,-53.84553979406886,0.625
1,91.10657739642201,-53.84553979406886,0.625
1,99.75381694865159,-53.84553979406886,0.625
1,97.14880694086294,-53.84553979406886,0.625
1,103.28527924223485,-53.84553979406886,0.625
1,107.50760827885651,-53.84553979406886,0.625
1,104.25701539091956,-53.84553979406886,0.625
1,106.52357708707973,-53.84553979406886,0.625
1,102.667886792267,-53.84553979406886,0.625
1,99.59970047947645,-53.84553979406886,0.625
1,100.3408906373743,-53.84553979406886,0.625
1,105.6405465776225,-53.84553979406886,0.625
1,100.49723290237364,-53.84553979406886,0.625
1,110.59410541663817,-53.84553979406886,0.625
1,92.42176319183139,-53.84553979406886,0.625
1,93.29285389184065,-53.84553979406886,0.625
1,106.29795254602583,-53.84553979406886,0.625
1,97.0653985258356,-53.84553979406886,0.625
1,108.37316949968192,-53.84553979406886,0.625
1,96.10321941840593,-53.84553979406886,0.625
1,111.11503384521167,-53.84553979406886,0.625
1,101.79721324696888,-53.84553979406886,0.625
1,85.27260727285906,-53.84553979406886,0.625
1,109.80208267636233,-53.84553979406886,0.625
1,100.40254066175682,-53.84553979406886,0.625
1,91.4725728300842,-53.84553979406886,0.625
1,109.01856965302417,-53.84553979406886,0.625
1,110.58783660224594,-53.84553979406886,0.625
1,106.53608380135044,-53.84553979406886,0.625
1,93.20497267173381,-53.84553979406886,0.625
1,104.9252295783832,-53.84553979406886,0.625
1,94.3585069257472,-53.84553979406886,0.625
1,99.3227400183605,-53.84553979406886,0.625
1,94.57352305231797,-53.84553979406886,0.625
1,109.67783981393873,-53.84553979406886,0.625
1,94.38793539175069,-53.84553979406886,0.625
1,117.33311322855258,-53.84553979406886,0.625
1,94.91289937712298,-53.84553979406886,0.625
1,98.39168778927862,-53.84553979406886,0.625
1,96.66897563921391,-53.84553979406886,0.625
1,94.01095737322147,-53.84553979406886,0.625
1,89.19322193754395,-53.84553979406886,0.625
1,91.10669205256391,-53.84553979406886,0.625
1,97.17901755696393,-53.84553979406886,0.625
1,98.100494268862,-53.84553979406886,0.625
1,94.56512611564737,-53.84553979406886,0.625
1,91.60767667736415,-53.84553979406886,0.625
1,99.58078082861293,-53.84553979406886,0.625
1,95.58664056748412,-53.84553979406886,0.625
1,93.24281329755077,-53.84553979406886,0.625
1,115.4896888857984,-53.84553979406886,0.625
1,107.44858868865657,-53.84553979406886,0.625
1,89.21754841154508,-53.84553979406886,0.625
1,95.12925062659882,-53.84553979406886,0.625
1,121.15683960013286,-53.84553979406886,0.625
1,106.55755377257414,-53.84553979406886,0.625
1,96.35168998930527,-53.84553979406886,0.625
1,102.2190975002438,-53.84553979406886,0.625
1,109.15581828062761,-53.84553979406886,0.625
1,104.51315909276974,-53.84553979406886,0.625
1,99.70033805633149,-53.84553979406886,0.625
1,109.73107273086376,-53.84553979406886,0.625
1,103.26319520535752,-53.84553979406886,0.625
1,98.45139116199782,-53.84553979406886,0.625
1,96.95538997405751,-53.84553979406886,0.625
1,103.25397339204379,-53.84553979406886,0.625
1,108.19693570268893,-53.84553979406886,0.625
1,97.34611803461922,-53.84553979406886,0.625
1,98.25606591689547,-53.84553979406886,0.625
1,106.65727048297431,-53.84553979406886,0.625
1,94.9238060670282,-53.84553979406886,0.625
1,92.33401631745072,-53.84553979406886,0.625
1,89.32267078704331,-53.84553979406886,0.625
1,100.49828642294123,-53.84553979406886,0.625
1,90.49912438373335,-53.84553979406886,0.625
1,109.05519301661913,-53.84553979406886,0.625
1,104.39115198199505,-53.84553979406886,0.625
1,96.61792572759241,-53.84553979406886,0.625
1,97.44993297467457,-53.84553979406886,0.625
1,101.16874304966312,-53.84553979406886,0.625
1,103.09867446686923,-53.84553979406886,0.625
1,107.04796837255222,-53.84553979406886,0.625
1,107.8897718499157,-53.84553979406886,0.625
1,93.10269345897292,-53.84553979406886,0.625
1,101.76704201693794,-53.84553979406886,0.625
1,120.7168567295756,-53.84553979406886,0.625
1,93.38703231271323,-53.84553979406886,0.625
1,87.06653445256346,-53.84553979406886,0.625
1,116.84871796930094,-53.84553979406886,0.625
1,98.21711251132884,-53.84553979406886,0.625
1,116.28235193897771,-53.84553979406886,0.625
1,100.60441032224104,-53.84553979406886,0.625
1,101.2277253172222,-53.84553979406886,0.625
1,114.06067575851917,-53.84553979406886,0.625
1,106.64398780947253,-53.84553979406886,0.625
1,121.79658239171516,-53.84553979406886,0.625
1,91.57417271600843,-53.84553979406886,0.625
1,106.57686195252982,-53.84553979406886,0.625
1,99.30356398449348,-53.84553979406886,0.625
1,90.09277048688212,-53.84553979406886,0.625
1,108.767069123763,-53.84553979406886,0.625
1,118.52887854111293,-53.84553979406886,0.625
1,88.10691920938869,-53.84553979406886,0.625
1,94.90584322126661,-53.84553979406886,0.625
1,95.55235525163572,-53.84553979406886,0.625
1,110.34071038603679,-53.84553979406886,0.625
1,106.36020616969427,-53.84553979406886,0.625
1,101.9348991038278,-53.84553979406886,0.625
1,99.7211896299367,-53.84553979406886,0.625
1,101.94160626906981,-53.84553979406886,0.625
1,95.40412880412377,-53.84553979406886,0.625
1,98.12780535950165,-53.84553979406886,0.625
1,103.58181398762521,-53.84553979406886,0.625
1,91.12183598250121,-53.84553979406886,0.625
1,108.72795260356627,-53.84553979406886,0.625
1,99.22040536833528,-53.84553979406886,0.625
1,95.70537665002641,-53.84553979406886,0.625
1,98.13036410273925,-53.84553979406886,0.625
1,100.56896014425283,-53.84553979406886,0.625
1,102.77612519225336,-53.84553979406886,0.625
1,121.04115991260791,-53.84553979406886,0.625
1,103.00273948625669,-53.84553979406886,0.625
1,102.31972881100295,-53.84553979406886,0.625
1,95.75312971183051,-53.84553979406886,0.625
1,111.89091757821284,-53.84553979406886,0.625
1,101.48831345629739,-53.84553979406886,0.625
1,107.75531597346944,-53.84553979406886,0.625
1,104.05314669684824,-53.84553979406886,0.625
1,101.0319420082263,-53.84553979406886,0.625
1,104.41135131825388,-53.84553979406886,0.625
1,95.35182386397977,-53.84553979406886,0.625
1,88.83648894707763,-53.84553979406886,0.625
1,89.67269956754484,-53.84553979406886,0.625
1,97.18899705197526,-53.84553979406886,0.625
1,95.36557201438195,-53.84553979406886,0.625
1,103.87418181174635,-53.84553979406886,0.625
1,100.14937054914435,-53.84553979406886,0.625
1,107.45170584363157,-53.84553979406886,0.625
1,95.62906388302044,-53.84553979406886,0.625
1,106.08647789240808,-53.84553979406886,0.625
1,104.68743763628747,-53.84553979406886,0.625
1,103.66233391326993,-53.84553979406886,0.625
1,103.53773810839735,-53.84553979406886,0.625
1,112.18583431160336,-53.84553979406886,0.625
1,100.63860814853318,-53.84553979406886,0.625
1,106.09204913943329,-53.84553979406886,0.625
1,96.8913449052012,-53.84553979406886,0.625
1,111.25532956569081,-53.84553979406886,0.625
1,119.77550252911877,-53.84553979406886,0.625
1,98.24840822697564,-53.84553979406886,0.625
1,100.57756760319137,-53.84553979406886,0.625
1,96.90001799441083,-53.84553979406886,0.625
1,102.7874250066354,-53.84553979406886,0.625
1,98.29394730814823,-53.84553979406886,0.625
1,109.86895841519615,-53.84553979406886,0.625
1,114.80957448832316,-53.84553979406886,0.625
1,103.53385942611632,-53.84553979406886,0.625
1,90.11325614076003,-53.84553979406886,0.625
1,93.22271587268706,-53.84553979406886,0.625
1,99.01517273780671,-53.84553979406886,0.625
1,109.20347169005818,-53.84553979406886,0.625
1,97.44111878148894,-53.84553979406886,0.625
1,95.03624667002101,-53.84553979406886,0.625
1,108.83576887818684,-53.84553979406886,0.625
1,107.6489468717123,-53.84553979406886,0.625
1,107.97935790015775,-53.84553979406886,0.625
1,87.03391122862679,-53.84553979406886,0.625
1,98.0998334922958,-53.84553979406886,0.625
1,110.94764867043303,-53.84553979406886,0.625
1,100.23848547835897,-53.84553979406886,0.625
1,99.92431554568171,-53.84553979406886,0.625
1,116.73503815396171,-53.84553979406886,0.625
1,100.17272493918968,-53.84553979406886,0.625
1,91.26345468397396,-53.84553979406886,0.625
1,100.76820361344762,-53.84553979406886,0.625
1,100.3617455337193,-53.84553979406886,0.625
1,100.37416721890065,-53.84553979406886,0.625
1,94.15381518967955,-53.84553979406886,0.625
1,94.22664840129812,-53.84553979406886,0.625
1,106.86332624036656,-53.84553979406886,0.625
1,112.09380257018292,-53.84553979406886,0.625
1,98.60823326865139,-53.84553979406886,0.625
1,97.02645345883037,-53.84553979406886,0.625
1,92.2560255098914,-53.84553979406886,0.625
1,104.26694565024697,-53.84553979406886,0.625
1,89.36031521614217,-53.84553979406886,0.625
1,103.30870601424236,-53.84553979406886,0.625
1,93.08969004887427,-53.84553979406886,0.625
1,101.99787936502318,-53.84553979406886,0.625
1,105.65360771848529,-53.84553979406886,0.625
1,108.5924083394636,-53.84553979406886,0.625
1,100.26658433387784,-53.84553979406886,0.625
1,98.0706185719339,-53.84553979406886,0.625
1,99.24880045510264,-53.84553979406886,0.625
1,101.15442978820326,-53.84553979406886,0.625
1,107.25960313213767,-53.84553979406886,0.625
1,95.9412208070983,-53.84553979406886,0.625
1,94.51432858939397,-53.84553979406886,0.625
1,99.99545034316732,-53.84553979406886,0.625
1,91.77422561229358,-53.84553979406886,0.625
1,100.85701130867857,-53.84553979406886,0.625
1,108.03695530045442,-53.84553979406886,0.625
1,91.66007842121115,-53.84553979406886,0.625
1,99.19548295351109,-53.84553979406886,0.625
1,96.88759031441595,-53.84553979406886,0.625
1,98.90167237329598,-53.84553979406886,0.625
1,98.33371778292798,-53.84553979406886,0.625
1,113.37281141802255,-53.84553979406886,0.625
1,95.07214917232886,-53.84553979406886,0.625
1,101.50422141338413,-53.84553979406886,0.625
1,104.04927096526724,-53.84553979406886,0.625
1,89.05645950551461,-53.84553979406886,0.625
1,82.94264522523527,-53.84553979406886,0.625
1,99.10389099302216,-53.84553979406886,0.625
1,91.32515156477729,-53.84553979406886,0.625
1,90.87866453679064,-53.84553979406886,0.625
1,103.18839378001752,-53.84553979406886,0.625
1,102.01509030116726,-53.84553979406886,0.625
1,101.94169536704081,-53.84553979406886,0.625
1,96.1671766116563,-53.84553979406886,0.625
1,102.94299946837218,-53.84553979406886,0.625
1,95.10616807608329,-53.84553979406886,0.625
1,110.69306332834368,-53.84553979406886,0.625
1,117.01872068984176,-53.84553979406886,0.625
1,91.12018487243817,-53.84553979406886,0.625
1,101.29066769947539,-53.84553979406886,0.625
1,110.28080688348811,-53.84553979406886,0.625
1,102.35360237506808,-53.84553979406886,0.625
1,99.97082781735472,-53.84553979406886,0.625
1,115.76378996650965,-53.84553979406886,0.625
1,103.79841505637883,-53.84553979406886,0.625
1,81.62903364190821,-53.84553979406886,0.625
1,103.54109646514675,-53.84553979406886,0.625
1,103.74553581294808,-53.84553979406886,0.625
1,99.00639272698048,-53.84553979406886,0.625
1,100.10520936666745,-53.84553979406886,0.625
1,108.19223737992036,-53.84553979406886,0.625
1,112.01129709050481,-53.84553979406886,0.625
1,98.55599779159205,-53.84553979406886,0.625
1,98.73622019393565,-53.84553979406886,0.625
1,105.3404285468146,-53.84553979406886,0.625
1,93.84426218461192,-53.84553979406886,0.625
1,103.4673908489429,-53.84553979406886,0.625
1,102.81224342621056,-53.84553979406886,0.625
1,108.5842735732489,-53.84553979406886,0.625
1,104.73575584017073,-53.84553979406886,0.625
1,94.53760206077185,-53.84553979406886,0.625
1,103.66154685975799,-53.84553979406886,0.625
1,93.88717204636194,-53.84553979406886,0.625
1,106.00097475510701,-53.84553979406886,0.625
1,92.51137178411109,-53.84553979406886,0.625
1,107.99015635842912,-53.84553979406886,0.625
1,93.1087048533407,-53.84553979406886,0.625
1,99.56425682689107,-53.84553979406886,0.625
1,104.25268966680963,-53.84553979406886,0.625
1,115.0178096470675,-53.84553979406886,0.625
1,107.78341654277976,-53.84553979406886,0.625
1,94.2873397864945,-53.84553979406886,0.625
1,99.42548667330225,-53.84553979406886,0.625
1,110.9814169977499,-53.84553979406886,0.625
1,110.29383008030655,-53.84553979406886,0.625
1,92.48797558047481,-53.84553979406886,0.625
1,106.03508106645556,-53.84553979406886,0.625
1,95.18756497601505,-53.84553979406886,0.625
1,102.50172954640804,-53.84553979406886,0.625
1,95.70269828350041,-53.84553979406886,0.625
1,97.20512147411759,-53.84553979406886,0.625
1,95.3423723922545,-53.84553979406886,0.625
1,100.79016223076552,-53.84553979406886,0.625
1,87.5474973761345,-53.84553979406886,0.625
1,94.98524095305646,-53.84553979406886,0.625
1,105.37286366934318,-53.84553979406886,0.625
1,88.5914563643762,-53.84553979406886,0.625
1,110.25241226466285,-53.84553979406886,0.625
1,98.61286518854921,-53.84553979406886,0.625
1,103.9652282724995,-53.84553979406886,0.625
1,94.16629934354458,-53.84553979406886,0.625
1,98.24519305907015,-53.84553979406886,0.625
1,96.41791856183465,-53.84553979406886,0.625
1,95.92878753711767,-53.84553979406886,0.625
1,95.59462966816419,-53.84553979406886,0.625
1,90.18196998048833,-53.84553979406886,0.625
1,104.44379052006927,-53.84553979406886,0.625
1,108.45874192620832,-53.84553979406886,0.625
1,101.93267079258304,-53.84553979406886,0.625
1,108.69677936233508,-53.84553979406886,0.625
1,105.9892189320674,-53.84553979406886,0.625
1,105.24343222380766,-53.84553979406886,0.625
1,114.11887332007102,-53.84553979406886,0.625
1,118.14957656490608,-53.84553979406886,0.625
1,100.23043794582553,-53.84553979406886,0.625
1,104.52176964620476,-53.84553979406886,0.625
1,112.14445530881851,-53.84553979406886,0.625
1,103.211766614778,-53.84553979406886,0.625
1,102.56843066972256,-53.84553979406886,0.625
1,94.83312215161581,-53.84553979406886,0.625
1,108.59271171863945,-53.84553979406886,0.625
1,101.42234905445872,-53.84553979406886,0.625
1,124.59512670875495,-53.84553979406886,0.625
1,108.57136626302552,-53.84553979406886,0.625
1,101.91288374056246,-53.84553979406886,0.625
1,89.15230065297979,-53.84553979406886,0.625
1,96.4451332429759,-53.84553979406886,0.625
1,99.50973696071593,-53.84553979406886,0.625
1,103.51465784633467,-53.84553979406886,0.625
1,114.64014162173667,-53.84553979406886,0.625
1,107.48344871668422,-53.84553979406886,0.625
1,99.2181897024395,-53.84553979406886,0.625
1,98.4859430478584,-53.84553979406886,0.625
1,103.31358685413774,-53.84553979406886,0.625
1,102.9576690608158,-53.84553979406886,0.625
1,97.0217761285086,-53.84553979406886,0.625
1,105.84801693307608,-53.84553979406886,0.625
1,99.98273499534008,-53.84553979406886,0.625
1,91.74931150932171,-53.84553979406886,0.625
1,114.64504807731934,-53.84553979406886,0.625
1,99.52270776204372,-53.84553979406886,0.625
1,95.3258200674958,-53.84553979406886,0.625
1,95.19850252095455,-53.84553979406886,0.625
1,101.91953236159257,-53.84553979406886,0.625
1,108.0288120639707,-53.84553979406886,0.625
1,93.07278273140246,-53.84553979406886,0.625
1,110.0069148933547,-53.84553979406886,0.625
1,92.63120633553072,-53.84553979406886,0.625
1,93.18254944706335,-53.84553979406886,0.625
1,103.43940367844475,-53.84553979406886,0.625
1,105.94068583024263,-53.84553979406886,0.625
1,103.77314316210642,-53.84553979406886,0.625
1,101.89883966705173,-53.84553979406886,0.625
1,100.31603898493692,-53.84553979406886,0.625
1,87.2286658158066,-53.84553979406886,0.625
1,104.10664569886995,-53.84553979406886,0.625
1,101.86746167867291,-53.84553979406886,0.625
1,95.28485882804142,-53.84553979406886,0.625
1,103.43586493824226,-53.84553979406886,0.625
1,79.08813673815642,-53.84553979406886,0.625
1,112.527767390394,-53.84553979406886,0.625
1,95.46076830530397,-53.84553979406886,0.625
1,105.13412540250602,-53.84553979406886,0.625
1,98.29056935659426,-53.84553979406886,0.625
1,105.37480312355211,-53.84553979406886,0.625
1,101.82877543972432,-53.84553979406886,0.625
1,100.39003781527573,-53.84553979406886,0.625
1,96.96566870777441,-53.84553979406886,0.625
1,101.73730493105056,-53.84553979406886,0.625
1,99.17241965481132,-53.84553979406886,0.625
1,122.18857583957843,-53.84553979406886,0.625
1,106.46407968025089,-53.84553979406886,0.625
1,93.65876382165979,-53.84553979406886,0.625
1,98.3440491038475,-53.84553979406886,0.625
1,109.91800571996345,-53.84553979406886,0.625
1,96.06693155936249,-53.84553979406886,0.625
1,92.86575558798512,-53.84553979406886,0.625
1,99.72432650946863,-53.84553979406886,0.625
1,93.71622487003471,-53.84553979406886,0.625
1,107.99617568090376,-53.84553979406886,0.625
1,108.34064611528558,-53.84553979406886,0.625
1,100.73402114891172,-53.84553979406886,0.625
1,97.51591347218978,-53.84553979406886,0.625
1,99.3560466165227,-53.84553979406886,0.625
1,107.40536496858218,-53.84553979406886,0.625
1,100.02203976202846,-53.84553979406886,0.625
1,101.13176969301476,-53.84553979406886,0.625
1,111.62450714841314,-53.84553979406886,0.625
1,98.11005267006612,-53.84553979406886,0.625
1,93.55978591776403,-53.84553979406886,0.625
1,90.57747465931718,-53.84553979406886,0.625
1,91.19735024495571,-53.84553979406886,0.625
1,89.175807196391,-53.84553979406886,0.625
1,94.76912617878874,-53.84553979406886,0.625
1,101.84575740415637,-53.84553979406886,0.625
1,104.09673589164925,-53.84553979406886,0.625
1,119.56494949824943,-53.84553979406886,0.625
1,86.90851940703348,-53.84553979406886,0.625
1,109.45503187284511,-53.84553979406886,0.625
1,102.17200365902724,-53.84553979406886,0.625
1,101.69735080392255,-53.84553979406886,0.625
1,90.72473345690496,-53.84553979406886,0.625
1,104.21448557226792,-53.84553979406886,0.625
1,103.64215131660093,-53.84553979406886,0.625
1,96.65303832032514,-53.84553979406886,0.625
1,107.80224811513509,-53.84553979406886,0.625
1,102.81826760898609,-53.84553979406886,0.625
1,90.29105946091495,-53.84553979406886,0.625
1,107.5640827151388,-53.84553979406886,0.625
1,91.2352716860413,-53.84553979406886,0.625
1,123.77299153750715,-53.84553979406886,0.625
1,107.81308278399848,-53.84553979406886,0.625
1,88.37285416086051,-53.84553979406886,0.625
1,103.48672700082477,-53.84553979406886,0.625
1,104.44607312422652,-53.84553979406886,0.625
1,93.56676495644598,-53.84553979406886,0.625
1,96.51306860640557,-53.84553979406886,0.625
1,104.04143241023488,-53.84553979406886,0.625
1,109.00843297894734,-53.84553979406886,0.625
1,95.07205566601232,-53.84553979406886,0.625
1,118.53756978061179,-53.84553979406886,0.625
1,87.76785298829792,-53.84553979406886,0.625
1,114.91458635407447,-53.84553979406886,0.625
1,104.8072024849601,-53.84553979406886,0.625
1,84.82665641842966,-53.84553979406886,0.625
1,89.63829530360883,-53.84553979406886,0.625
1,93.18929651382065,-53.84553979406886,0.625
1,107.269890168069,-53.84553979406886,0.625
1,110.99337067758948,-53.84553979406886,0.625
1,104.06529570692462,-53.84553979406886,0.625
1,114.94585747682535,-53.84553979406886,0.625
1,102.67181212925547,-53.84553979406886,0.625
1,102.31762883203679,-53.84553979406886,0.625
1,95.68139816827738,-53.84553979406886,0.625
1,102.13860612077912,-53.84553979406886,0.625
1,107.7100485100328,-53.84553979406886,0.625
1,94.96830054249132,-53.84553979406886,0.625
1,109.77153285368905,-53.84553979406886,0.625
1,91.68916868473697,-53.84553979406886,0.625
1,113.4526986936635,-53.84553979406886,0.625
1,100.79948040660915,-53.84553979406886,0.625
1,102.63434450617915,-53.84553979406886,0.625
1,98.85403213222288,-53.84553979406886,0.625
1,103.98620064705928,-53.84553979406886,0.625
1,106.8038717118556,-53.84553979406886,0.625
1,87.53402155055305,-53.84553979406886,0.625
1,103.60710523572192,-53.84553979406886,0.625
1,85.09989751610988,-53.84553979406886,0.625
1,97.1346209732351,-53.84553979406886,0.625
1,102.01518599859463,-53.84553979406886,0.625
1,96.38739694114307,-53.84553979406886,0.625
1,94.69924560617753,-53.84553979406886,0.625
1,103.29190903353025,-53.84553979406886,0.625
1,116.7982561791844,-53.84553979406886,0.625
1,93.5577251384349,-53.84553979406886,0.625
1,95.88968287840177,-53.84553979406886,0.625
1,103.76339130371034,-53.84553979406886,0.625
1,102.03461885431705,-53.84553979406886,0.625
1,96.56677216801432,-53.84553979406886,0.625
1,104.00731380483728,-53.84553979406886,0.625
1,101.41084966627913,-53.84553979406886,0.625
1,100.08738839431332,-53.84553979406886,0.625
1,93.25379874873958,-53.84553979406886,0.625
1,102.35570402242331,-53.84553979406886,0.625
1,97.33199062255156,-53.84553979406886,0.625
1,89.82723981710603,-53.84553979406886,0.625
1,103.61629800550618,-53.84553979406886,0.625
1,99.84264270977391,-53.84553979406886,0.625
1,116.64053980289013,-53.84553979406886,0.625
1,97.0596026570211,-53.84553979406886,0.625
1,86.82383917266554,-53.84553979406886,0.625
1,109.39199161077116,-53.84553979406886,0.625
1,103.32330977707598,-53.84553979406886,0.625
1,105.32901018221688,-53.84553979406886,0.625
1,102.13459336423682,-53.84553979406886,0.625
1,109.85251445949815,-53.84553979406886,0.625
1,103.06294829355079,-53.84553979406886,0.625
1,120.04336391185298,-53.84553979406886,0.625
1,94.22158152048495,-53.84553979406886,0.625
1,100.26237177384341,-53.84553979406886,0.625
1,89.97431588172682,-53.84553979406886,0.625
1,109.29381278432646,-53.84553979406886,0.625
1,109.49470130995,-53.84553979406886,0.625
1,109.36562438281202,-53.84553979406886,0.625
1,90.64497658731545,-53.84553979406886,0.625
1,87.3046150310415,-53.84553979406886,0.625
1,93.14685230795128,-53.84553979406886,0.625
1,104.50352455835366,-53.84553979406886,0.625
1,114.04261122153574,-53.84553979406886,0.625
1,115.91873264223744,-53.84553979406886,0.625
1,107.58109466592025,-53.84553979406886,0.625
1,117.11094232269919,-53.84553979406886,0.625
1,116.69830184822665,-53.84553979406886,0.625
1,93.13179787145704,-53.84553979406886,0.625
1,96.84321860911382,-53.84553979406886,0.625
1,105.26279543130347,-53.84553979406886,0.625
1,106.41897874043711,-53.84553979406886,0.625
1,102.9220016078063,-53.84553979406886,0.625
1,100.06164542616769,-53.84553979406886,0.625
1,86.49601873943682,-53.84553979406886,0.625
1,102.49180902235202,-53.84553979406886,0.625
1,119.73538345664905,-53.84553979406886,0.625
1,96.5235326957934,-53.84553979406886,0.625
1,112.20375849313618,-53.84553979406886,0.625
1,111.29667258263527,-53.84553979406886,0.625
1,95.72898624662535,-53.84553979406886,0.625
1,106.39562084417116,-53.84553979406886,0.625
1,109.57586459119662,-53.84553979406886,0.625
1,111.20772949595512,-53.84553979406886,0.625
1,96.19844204892848,-53.84553979406886,0.625
1,102.61915667762749,-53.84553979406886,0.625
1,102.868132113321,-53.84553979406886,0.625
1,105.45837705018984,-53.84553979406886,0.625
1,91.83065168901413,-53.84553979406886,0.625
1,93.33862158212267,-53.84553979406886,0.625
1,97.5411846390783,-53.84553979406886,0.625
1,97.71051914019401,-53.84553979406886,0.625
1,89.53952926144368,-53.84553979406886,0.625
1,111.86876056363913,-53.84553979406886,0.625
1,102.75850410615415,-53.84553979406886,0.625
1,105.18571340170391,-53.84553979406886,0.625
1,103.91094839133362,-53.84553979406886,0.625
1,102.44107507797628,-53.84553979406886,0.625
1,98.97571168445624,-53.84553979406886,0.625
1,88.96179026796027,-53.84553979406886,0.625
1,91.59975224374855,-53.84553979406886,0.625
1,98.72812526669146,-53.84553979406886,0.625
1,109.18033738683891,-53.84553979406886,0.625
1,98.21161496180886,-53.84553979406886,0.625
1,103.1827768114439,-53.84553979406886,0.625
1,107.39347866005957,-53.84553979406886,0.625
1,104.2608743214831,-53.84553979406886,0.625
1,99.57230001253664,-53.84553979406886,0.625
1,101.07049007685285,-53.84553979406886,0.625
1,106.32175561375124,-53.84553979406886,0.625
1,93.53265954223112,-53.84553979406886,0.625
1,108.8632725914104,-53.84553979406886,0.625
1,106.98181060865303,-53.84553979406886,0.625
1,105.2293386235646,-53.84553979406886,0.625
1,99.56800542460313,-53.84553979406886,0.625
1,95.18681162314263,-53.84553979406886,0.625
1,99.28221887373529,-53.84553979406886,0.625
1,96.63297860358449,-53.84553979406886,0.625
1,96.32865118433477,-53.84553979406886,0.625
1,104.72796176837771,-53.84553979406886,0.625
1,94.88428322009361,-53.84553979406886,0.625
1,104.11139791276807,-53.84553979406886,0.625
1,100.4858630252691,-53.84553979406886,0.625
1,102.91566775426517,-53.84553979406886,0.625
1,90.5408335206309,-53.84553979406886,0.625
1,100.54205468369268,-53.84553979406886,0.625
1,97.12781608968496,-53.84553979406886,0.625
1,102.16059277197287,-53.84553979406886,0.625
1,102.4037860519462,-53.84553979406886,0.625
1,96.81519681040355,-53.84553979406886,0.625
1,103.11471525247302,-53.84553979406886,0.625
1,102.53719595022179,-53.84553979406886,0.625
1,88.1607364535115,-53.84553979406886,0.625
1,107.74050438083802,-53.84553979406886,0.625
1,95.84206932749109,-53.84553979406886,0.625
1,104.6525537054108,-53.84553979406886,0.625
1,111.62342780030966,-53.84553979406886,0.625
1,81.55901656673835,-53.84553979406886,0.625
1,93.02886883002955,-53.84553979406886,0.625
1,92.66756994775855,-53.84553979406886,0.625
1,89.97013434838475,-53.84553979406886,0.625
1,100.26965551737983,-53.84553979406886,0.625
1,92.38627256085272,-53.84553979406886,0.625
1,101.1611357600291,-53.84553979406886,0.625
1,106.36674710642238,-53.84553979406886,0.625
1,108.51935305501992,-53.84553979406886,0.625
1,94.87302639979582,-53.84553979406886,0.625
1,104.7405010323378,-53.84553979406886,0.625
1,85.19182264059141,-53.84553979406886,0.625
1,95.15334898689952,-53.84553979406886,0.625
1,109.6521696058026,-53.84553979406886,0.625
1,101.24025126902303,-53.84553979406886,0.625
1,93.28366012406393,-53.84553979406886,0.625
1,96.22484036008709,-53.84553979406886,0.625
1,93.73488929580105,-53.84553979406886,0.625
1,104.40034638455006,-53.84553979406886,0.625
1,94.41488012164815,-53.84553979406886,0.625
1,100.964817324116,-53.84553979406886,0.625
1,102.04610595186499,-53.84553979406886,0.625
1,96.06330136162359,-53.84553979406886,0.625
1,89.53605599685123,-53.84553979406886,0.625
1,93.66452609120353,-53.84553979406886,0.625
1,97.00162547244648,-53.84553979406886,0.625
1,114.03095652344703,-53.84553979406886,0.625
1,101.71674931198731,-53.84553979406886,0.625
1,107.49889906253347,-53.84553979406886,0.625
1,102.32139309983856,-53.84553979406886,0.625
1,91.18763565529349,-53.84553979406886,0.625
1,96.19013955920191,-53.84553979406886,0.625
1,95.87943255858775,-53.84553979406886,0.625
1,92.77002680221167,-53.84553979406886,0.625
1,104.90375299927508,-53.84553979406886,0.625
1,92.59385962349614,-53.84553979406886,0.625
1,91.64234665499521,-53.84553979406886,0.625
1,107.51800976719103,-53.84553979406886,0.625
1,95.06991839680389,-53.84553979406886,0.625
1,101.92349958456246,-53.84553979406886,0.625
1,89.60614685156189,-53.84553979406886,0.625
1,113.23883427305795,-53.84553979406886,0.625
1,104.13871386956679,-53.84553979406886,0.625
1,91.17126623748285,-53.84553979406886,0.625
1,96.97609970706677,-53.84553979406886,0.625
1,108.09638587788935,-53.84553979406886,0.625
1,112.4111317546353,-53.84553979406886,0.625
1,103.5787282857509,-53.84553979406886,0.625
1,111.55102424745368,-53.84553979406886,0.625
1,117.28421433623805,-53.84553979406886,0.625
1,91.47839743508854,-53.84553979406886,0.625
1,91.28548007525119,-53.84553979406886,0.625
1,106.9675881906599,-53.84553979406886,0.625
1,110.82844317682346,-53.84553979406886,0.625
1,94.09936330942182,-53.84553979406886,0.625
1,97.68515632129561,-53.84553979406886,0.625
1,94.7501825128694,-53.84553979406886,0.625
1,98.75680600263091,-53.84553979406886,0.625
1,99.04655411440386,-53.84553979406886,0.625
1,101.79169914693344,-53.84553979406886,0.625
1,118.65962397464625,-53.84553979406886,0.625
1,92.74722680463067,-53.84553979406886,0.625
1,108.50706895135728,-53.84553979406886,0.625
1,95.52894851530122,-53.84553979406886,0.625
1,110.51853007660401,-53.84553979406886,0.625
1,90.27411782241384,-53.84553979406886,0.625
1,100.40958853883313,-53.84553979406886,0.625
1,99.14758781638665,-53.84553979406886,0.625
1,99.19202188914396,-53.84553979406886,0.625
1,96.28266099794118,-53.84553979406886,0.625
1,106.37390630760584,-53.84553979406886,0.625
1,91.86485070961764,-53.84553979406886,0.625
1,107.26714621079185,-53.84553979406886,0.625
1,106.65305637065039,-53.84553979406886,0.625
1,88.87948214193477,-53.84553979406886,0.625
1,109.64847050310078,-53.84553979406886,0.625
1,96.86075776171958,-53.84553979406886,0.625
1,106.85697771907618,-53.84553979406886,0.625
1,100.38289165657834,-53.84553979406886,0.625
1,93.90550704337794,-53.84553979406886,0.625
1,106.00855249238765,-53.84553979406886,0.625
2,104.51523261371729,-67.47649245798145,0.75
2,85.57367768712386,-47.80583576814703,0.5625
2,91.94957781942531,-36.69648035395507,0.4375
2,108.61213811248571,-53.978180017405414,0.625
2,113.21725379251775,-67.56345484544444,0.75
2,112.22236313520635,-67.4717021521685,0.75
2,109.00787568701686,-41.90826171094941,0.5
2,89.53671701233355,-60.475732932223785,0.6875
2,92.66453624892954,-42.11448791712081,0.5
2,119.4103015695575,-60.663501551283375,0.6875
2,87.42136281008148,-47.77853609640829,0.5625
2,86.21496089568716,-41.85689410157694,0.5
2,100.21199085006597,-60.60561289882102,0.6875
2,91.67483481026464,-47.801566613352286,0.5625
2,100.44927473207346,-47.7974544378051,0.5625
2,86.8464302164183,-31.707512042245703,0.375
2,90.69766818664068,-42.036893390768036,0.5
2,134.9631353019315,-83.65923196324947,0.875
2,108.95890874097516,-41.89142024979757,0.5
2,105.35814293420312,-60.48499066801135,0.6875
2,106.7208925272719,-67.74132144404764,0.75
2,96.22852048818436,-47.79319494046939,0.5625
2,88.09739245965397,-42.00777989422414,0.5
2,101.45927089191673,-75.2565995684446,0.8125
2,86.84363333131529,-36.892809925433106,0.4375
2,100.75517263477438,-67.85448855765212,0.75
2,110.12279719781634,-36.56086152323709,0.4375
2,108.82696103257665,-42.22649681360102,0.5
2,106.07058140006853,-75.35315025310189,0.8125
2,121.57602310913353,-67.37010077439454,0.75
2,94.800627739157,-47.75221789434548,0.5625
2,84.96002931832084,-42.05343402168316,0.5
2,86.18752291006201,-42.20396775386912,0.5
2,118.22097432976744,-67.69024778813966,0.75
2,107.53027709003995,-41.88092405804478,0.5
2,94.8232729809768,-53.978180017405414,0.625
2,111.75336493884593,-67.46769338306235,0.75
2,114.59598344740445,-67.5135470262547,0.75
2,112.82384769286938,-67.78829906610231,0.75
2,130.69589595126848,-74.85736351299238,0.8125
2,100.72798518382497,-67.7497325883793,0.75
2,101.69779432005942,-36.453357018938576,0.4375
2,97.28584113353976,-47.861418107485356,0.5625
2,115.56707246678918,-67.45616026904003,0.75
2,90.21138733809748,-36.865731071766845,0.4375
2,98.54313495895968,-47.90351293203971,0.5625
2,126.62620375770612,-67.78828904475124,0.75
2,98.3992009049289,-41.918767835749954,0.5
2,100.12900159070423,-41.983854533697965,0.5
2,84.81400935764447,-31.743546179590787,0.375
2,106.83695795722178,-47.770980854558026,0.5625
2,99.1157942138654,-41.991746748536556,0.5
2,89.05942040360549,-47.77958738162431,0.5625
2,108.38909063574637,-74.92738471911846,0.8125
2,95.76809010139532,-42.003941224257346,0.5
2,108.21113860892714,-75.1830975130259,0.8125
2,100.25920314324024,-41.95354001721741,0.5
2,101.4187237773582,-42.26450922487733,0.5
2,107.32210005238801,-67.41882751668089,0.75
2,116.74124615283337,-60.531693323430694,0.6875
2,86.44388409069698,-47.765742791508956,0.5625
2,89.72652310030368,-47.85981288846607,0.5625
2,110.06157597883531,-67.55189804475282,0.75
2,95.72032766944189,-67.75174918889675,0.75
2,104.50451619763574,-60.60906619508682,0.6875
2,97.03829505458602,-31.649829479634878,0.375
2,121.72164656407767,-60.655329102535276,0.6875
2,111.05673060920793,-60.53558865075244,0.6875
2,103.30977791558563,-53.978180017405414,0.625
2,97.03560469221773,-75.07408135716717,0.8125
2,106.83062887855496,-75.07309224117661,0.8125
2,103.3484838805816,-53.978180017405414,0.625
2,113.82576548142652,-60.62534761384923,0.6875
2,85.4971628731969,-32.22335300530654,0.375
2,98.34387502357751,-47.86718930412361,0.5625
2,102.86484361857096,-60.54103985663741,0.6875
2,104.34637540057057,-60.47675188296663,0.6875
2,107.0254925690292,-53.978180017405414,0.625
2,106.63348466973153,-75.23376258234407,0.8125
2,109.96244862450122,-75.12467671559725,0.8125
2,92.47777688443992,-36.77566795093649,0.4375
2,104.32395547804956,-60.50060516576676,0.6875
2,95.10500842943416,-47.81237814686113,0.5625
2,95.75335228115492,-67.44520641841574,0.75
2,92.72323922972062,-42.03240848400662,0.5
2,93.15370894968221,-36.48050136331135,0.4375
2,123.15690822039163,-83.30294406091484,0.875
2,100.64054519668053,-67.60718983615838,0.75
2,109.7644361439533,-67.40719507860081,0.75
2,103.70824826909593,-67.69409176255414,0.75
2,110.18792331412214,-67.67625313782906,0.75
2,93.8077599562143,-53.978180017405414,0.625
2,107.27910749103712,-60.55321579179267,0.6875
2,123.0413296209435,-53.978180017405414,0.625
2,88.86850424128741,-31.716799209934976,0.375
2,97.69769797556441,-41.91065805147493,0.5
2,109.2813879192644,-60.4576767681568,0.6875
2,114.28177169785097,-60.49767339944723,0.6875
2,117.80027474017476,-53.978180017405414,0.625
2,97.65797118077602,-47.749477479324504,0.5625
2,94.97251941275604,-53.978180017405414,0.625
2,111.41649118724905,-53.978180017405414,0.625
2,83.50012823116046,-36.51062689912219,0.4375
2,88.0125549493501,-32.07585470281709,0.375
2,93.44995234211822,-60.6361734615814,0.6875
2,98.5610291408008,-74.9228311547893,0.8125
2,115.85555130670453,-67.73288017619006,0.75
2,91.29544751441895,-36.61865633347637,0.4375
2,85.25570560765985,-42.16526965873965,0.5
2,88.41914679553643,-31.579856582292738,0.375
2,97.9203386623053,-36.89667824124047,0.4375
2,99.07047486060583,-53.978180017405414,0.625
2,122.48400545435108,-67.5991033978459,0.75
2,113.19319733330602,-75.14868140464272,0.8125
2,100.90823949218617,-41.87973915026447,0.5
2,92.60477487008517,-31.55285605684491,0.375
2,99.11953094710825,-53.978180017405414,0.625
2,108.2422088517498,-60.63033906898151,0.6875
2,96.45903049608694,-47.87860585033191,0.5625
2,113.54448857441623,-83.10739434557408,0.875
2,86.16353819222724,-42.192448572901775,0.5
2,95.54088101809658,-31.580312628609086,0.375
2,96.39156586354034,-36.698244594005196,0.4375
2,102.01404091381674,-36.63452384649093,0.4375
2,92.13555115061905,-47.86418417741453,0.5625
2,100.3412622632401,-53.978180017405414,0.625
2,85.92982536799022,-53.978180017405414,0.625
2,88.9545843779087,-41.85167733147722,0.5
2,115.07826702745432,-60.58748826433759,0.6875
2,120.08938729034115,-67.80493232937643,0.75
2,112.50657203797915,-75.20065687196617,0.8125
2,100.80886230942315,-47.830220306558424,0.5625
2,116.8031287230444,-67.4555511408873,0.75
2,95.9941502680959,-60.456555555351116,0.6875
2,110.35899226150269,-67.370785426727,0.75
2,97.71548836264121,-41.93490123713349,0.5
2,92.86184982112403,-42.11737528415068,0.5
2,103.33180930615826,-31.696692544728744,0.375
2,106.58804949355154,-74.88015022816579,0.8125
2,106.63777998415398,-47.82039987072901,0.5625
2,104.8767559278967,-60.564217523028546,0.6875
2,96.59956576184847,-53.978180017405414,0.625
2,106.09040577596944,-60.48238038587214,0.6875
2,110.66073619867925,-60.581571866258486,0.6875
2,113.2806638660413,-74.90286433811168,0.8125
2,87.63870284718604,-41.863220648590655,0.5
2,105.63763135019045,-53.978180017405414,0.625
2,95.62469557143255,-67.38388869843502,0.75
2,83.60411343693421,-41.96269734759228,0.5
2,95.05938393862598,-31.67259530992468,0.375
2,96.27546929108524,-47.77496038750134,0.5625
2,111.4572195918724,-75.29695317327129,0.8125
2,97.56693948198064,-67.35514278389746,0.75
2,91.02979246519037,-32.386399776339175,0.375
2,110.92812350003409,-67.40764617718263,0.75
2,104.3672780706173,-41.98059026966457,0.5
2,106.63841181478362,-41.93063860110921,0.5
2,91.06259710522424,-42.109473496306165,0.5
2,110.4474326478374,-67.6258098498633,0.75
2,109.74599996431509,-83.78683289972628,0.875
2,113.3931105894978,-60.63585363700804,0.6875
2,105.04910851829675,-41.92876184794043,0.5
2,103.12069831449352,-67.43809306701877,0.75
2,100.40511345321137,-53.978180017405414,0.625
2,104.21977327333047,-53.978180017405414,0.625
2,113.17321153108841,-60.66047881987274,0.6875
2,90.91411405632624,-60.54061601535802,0.6875
2,92.64629967026981,-36.748815171605116,0.4375
2,101.84213021797599,-47.835624188665676,0.5625
2,96.02322577909736,-60.4940289746321,0.6875
2,114.11069173980164,-67.74021509819279,0.75
2,103.42258443477775,-42.2314865778542,0.5
2,93.26081393762644,-47.8695371851294,0.5625
2,94.91359049638001,-53.978180017405414,0.625
2,99.09279923810375,-53.978180017405414,0.625
2,107.4162706552618,-67.7391743198709,0.75
2,85.09750065064361,-41.9524438456889,0.5
2,98.2884684875478,-42.06595406728926,0.5
2,108.01680808422019,-67.40149805100434,0.75
2,101.6233684872904,-67.75564055239045,0.75
2,114.66076820158571,-60.51075480674876,0.6875
2,114.23223385043639,-67.71896738529254,0.75
2,107.74694149292814,-53.978180017405414,0.625
2,89.76046489100243,-47.82873310418241,0.5625
2,117.34217699981527,-67.55628152689918,0.75
2,91.56655667566585,-42.17833488324234,0.5
2,105.80183340194533,-53.978180017405414,0.625
2,97.39021159566089,-53.978180017405414,0.625
2,104.54169200016625,-41.90297787287871,0.5
2,119.03568614076706,-67.56513734596447,0.75
2,105.77966762615041,-47.89548229021021,0.5625
2,107.25423726184621,-53.978180017405414,0.625
2,88.34451275317522,-41.93803331465932,0.5
2,107.10064683641333,-60.624424351338156,0.6875
2,98.88966228573679,-41.85204091203299,0.5
2,108.35435371626234,-67.37306587555264,0.75
2,107.85805866427765,-60.58178489026392,0.6875
2,106.494993302431,-60.460575798768964,0.6875
2,102.90864086729232,-74.87038429650653,0.8125
2,96.5021448252042,-60.592080256879896,0.6875
2,102.75560491988472,-53.978180017405414,0.625
2,95.4785541786762,-42.11109604504572,0.5
2,101.59772991011668,-36.61836648317728,0.4375
2,112.84714955308468,-60.5906470086736,0.6875
2,116.97949664240817,-60.47406387546579,0.6875
2,85.61134977354705,-53.978180017405414,0.625
2,101.52612706030474,-60.554204068365266,0.6875
2,113.29751641684503,-83.30192293926805,0.875
2,106.553128543756,-53.978180017405414,0.625
2,136.8476665213616,-67.48001031163254,0.75
2,95.10276702126752,-60.587230666838764,0.6875
2,105.64802525762653,-60.53243269311065,0.6875
2,96.9214909686233,-47.861765348628175,0.5625
2,105.65354378485942,-41.96198793554365,0.5
2,83.64848614100057,-27.361423813206567,0.3125
2,92.37981214639194,-36.436269077505465,0.4375
2,99.62701994851088,-47.77500604517025,0.5625
2,105.25390908404005,-60.60553151468371,0.6875
2,105.99002353687827,-31.816181352826476,0.375
2,103.28409084328621,-53.978180017405414,0.625
2,92.5148708736392,-60.48435795706923,0.6875
2,90.73381946317816,-32.04758277227869,0.375
2,106.49709230208131,-67.70899430412443,0.75
2,118.54507559981782,-60.64820786638493,0.6875
2,94.15074048037374,-47.87793075397587,0.5625
2,106.90794243873579,-67.56154898824894,0.75
2,109.54028914342662,-60.645942957474006,0.6875
2,91.98926025970815,-37.11550223820465,0.4375
2,99.18199758279377,-36.8895720538018,0.4375
2,95.53790189597787,-47.906892879170194,0.5625
2,116.27856873675914,-91.79252432506793,0.9375
2,98.87946228692918,-53.978180017405414,0.625
2,95.52699744415524,-31.658689457216312,0.375
2,93.2256285736657,-36.481349175601295,0.4375
2,115.98092126212156,-67.37069694518986,0.75
2,97.52205062553607,-53.978180017405414,0.625
2,103.23788320160206,-53.978180017405414,0.625
2,102.01109216974513,-67.79176064957979,0.75
2,101.14020070442444,-53.978180017405414,0.625
2,98.61291401035231,-31.971832124944562,0.375
2,123.5708869593091,-60.52499032866898,0.6875
2,124.50720288337178,-75.49209404212787,0.8125
2,101.93005423860629,-53.978180017405414,0.625
2,95.8293478405402,-53.978180017405414,0.625
2,109.45232125238931,-75.07098986016328,0.8125
2,95.24835991926183,-41.93018536456588,0.5
2,110.79933485800339,-74.95055186039107,0.8125
2,103.771219781894,-67.52339489095468,0.75
2,117.18927601379616,-74.93174832450326,0.8125
2,119.08030935314625,-67.74325729471403,0.75
2,105.9384803890098,-47.78596632814277,0.5625
2,103.35056238301095,-53.978180017405414,0.625
2,94.53175142823115,-41.8908526743812,0.5
2,87.5329598368373,-47.88968747557095,0.5625
2,103.88342084172596,-53.978180017405414,0.625
2,96.46247979127729,-42.14869023803087,0.5
2,93.19739934678537,-36.58546574726407,0.4375
2,125.34648784220346,-83.93624971607306,0.875
2,96.31701823532875,-53.978180017405414,0.625
2,98.64314241879363,-41.87977461548116,0.5
2,103.28156964457298,-36.978294716600246,0.4375
2,90.74354179800194,-41.862670119452545,0.5
2,100.58872622861553,-47.77836445846529,0.5625
2,89.74640969544862,-27.55868992407303,0.3125
2,115.45037584467227,-53.978180017405414,0.625
2,100.51003721360743,-67.40813606746072,0.75
2,101.14330029300997,-53.978180017405414,0.625
2,94.03343396343132,-53.978180017405414,0.625
2,98.16287576959621,-53.978180017405414,0.625
2,88.44598551441929,-53.978180017405414,0.625
2,107.45176372611513,-42.17898560648485,0.5
2,90.9172866095906,-36.87125636608683,0.4375
2,102.63753015817014,-60.49026523462559,0.6875
2,114.37729971598203,-60.59920918616787,0.6875
2,111.32691818758414,-67.56344248709077,0.75
2,84.18607312700078,-36.90755374183616,0.4375
2,96.52375319032987,-42.126898714822026,0.5
2,86.48759802975215,-42.24335613341472,0.5
2,116.85248515598248,-75.06570073163896,0.8125
2,111.45548781230603,-67.42378974106684,0.75
2,100.26917282692365,-47.88219121915132,0.5625
2,98.05238573480196,-41.96651527533867,0.5
2,100.16061870808545,-53.978180017405414,0.625
2,106.05923054210706,-83.56203307476379,0.875
2,95.4297226943646,-67.52914704273294,0.75
2,95.27124955969607,-32.143017529252546,0.375
2,104.80301906552232,-67.68985083946535,0.75
2,106.34210914155568,-60.59593434605732,0.6875
2,108.50152664327891,-60.55781280383753,0.6875
2,102.9336195836428,-53.978180017405414,0.625
2,92.57888374659198,-47.7771887766003,0.5625
2,103.70742944181382,-75.37122433180663,0.8125
2,123.40950058572065,-91.86387989556758,0.9375
2,96.12616554513698,-53.978180017405414,0.625
2,97.9500227813251,-60.59864056497066,0.6875
2,83.94429725629861,-37.01247202801458,0.4375
2,113.00980383967038,-60.574279901677535,0.6875
2,109.6054073171101,-47.85038068965867,0.5625
2,100.82700973144398,-53.978180017405414,0.625
2,90.83048797524303,-36.62232741179621,0.4375
2,123.61479314606545,-53.978180017405414,0.625
2,90.66169154503744,-42.11959198661113,0.5
2,124.3121560502668,-83.26669892391149,0.875
2,126.74021081734104,-74.90130548480508,0.8125
2,124.84025841673471,-47.838419693428655,0.5625
2,103.93238036677623,-47.806461732655045,0.5625
2,105.94241120174983,-60.50627653448994,0.6875
2,116.8796505094669,-74.90687162137067,0.8125
2,99.65062736178662,-41.8427312889006,0.5
2,112.50442969344331,-53.978180017405414,0.625
2,110.90136942056247,-67.45421208596427,0.75
2,105.42112356005819,-60.52138260620342,0.6875
2,106.57804431824711,-67.48523274123939,0.75
2,115.26499397085956,-67.72114755152542,0.75
2,91.68399336673336,-42.04920670481809,0.5
2,98.94942009035518,-41.90972213022512,0.5
2,97.52710200985901,-42.031583723553,0.5
2,114.92735624531487,-75.03902227945697,0.8125
2,114.05494467990138,-60.50223578266744,0.6875
2,136.30180146434174,-83.57337259514554,0.875
2,113.05406374059648,-67.84809512497138,0.75
2,90.60633155428363,-36.75036717341569,0.4375
2,98.50579782071111,-67.40821962571879,0.75
2,98.35046065247988,-47.90607303187443,0.5625
2,122.33193295166456,-67.42726099368049,0.75
2,94.93913164730587,-42.23344459897234,0.5
2,106.58213055990609,-42.01530762450746,0.5
2,99.58012290287431,-60.49062726480196,0.6875
2,105.44090784402897,-60.546467609319244,0.6875
2,111.517857904994,-53.978180017405414,0.625
2,107.99608705562515,-53.978180017405414,0.625
2,116.91896728637772,-82.93270248710388,0.875
2,88.43963200667136,-47.889546609002316,0.5625
2,102.66040271245016,-53.978180017405414,0.625
2,92.0378164912205,-60.477904767640176,0.6875
2,128.3439002960835,-75.10896501129915,0.8125
2,103.27600127729026,-47.76968835475767,0.5625
2,113.51175255646567,-60.638142346403654,0.6875
2,99.45135894660082,-42.03194233860623,0.5
2,121.06356164986339,-67.6468064064411,0.75
2,105.4266097176575,-53.978180017405414,0.625
2,99.5084907727127,-60.61621510172738,0.6875
2,96.91180430847773,-36.44238880308896,0.4375
2,96.57221902579188,-42.01159904592497,0.5
2,122.40800110133326,-60.59301475824992,0.6875
2,102.70643030880183,-67.47732208607918,0.75
2,97.70330782780903,-67.742824610586,0.75
2,90.57564703105218,-31.665824258388746,0.375
2,137.61482631719903,-102.67700326623846,1.0
2,118.15295916937845,-53.978180017405414,0.625
2,127.04067252507885,-74.85275210735266,0.8125
2,93.67531731263445,-41.94126828403081,0.5
2,110.9897515732728,-53.978180017405414,0.625
2,122.35021578002936,-84.07021990113621,0.875
2,88.52634327653182,-36.598914076999876,0.4375
2,104.41099070503907,-36.68609361278935,0.4375
2,92.21414105389512,-42.04836719350807,0.5
2,108.40947044950393,-60.61166291022791,0.6875
2,95.5788239143774,-67.45718162218698,0.75
2,103.05262066889695,-36.56449192735765,0.4375
2,78.325601685829,-27.593410365283088,0.3125
2,99.31892144934085,-53.978180017405414,0.625
2,101.91261851893402,-60.583307391067144,0.6875
2,111.6760767975385,-67.77943529336908,0.75
2,106.66615217787864,-47.866765740534795,0.5625
2,120.04818903081069,-83.86658224774611,0.875
2,110.93781530045628,-60.60045361128834,0.6875
2,109.355750744243,-47.748662770753555,0.5625
2,98.25619379429052,-60.51825264055748,0.6875
2,90.92131490053838,-60.47316911098707,0.6875
2,94.70199764150935,-42.10306549921156,0.5
2,108.82298518110373,-53.978180017405414,0.625
2,87.54165161148619,-42.00794773749866,0.5
2,117.99768995511637,-41.88554589390086,0.5
2,95.83624468041731,-36.7157326354854,0.4375
2,112.18468599171581,-67.75399194229915,0.75
2,108.00091162879266,-47.896660720095525,0.5625
2,108.0675831896681,-67.54443749187925,0.75
2,91.15496018009827,-41.96115564682473,0.5
2,107.03799020275704,-53.978180017405414,0.625
2,131.54523358605837,-75.37600356786561,0.8125
2,102.94109180518718,-67.50448864983183,0.75
2,93.61533705828006,-37.123898871172564,0.4375
2,107.82290809374089,-53.978180017405414,0.625
2,81.19703128304369,-36.91693183762002,0.4375
2,97.12334879730552,-47.83180439412806,0.5625
2,112.0356215321342,-75.04391421484638,0.8125
2,122.5102258383823,-75.1611563340754,0.8125
2,101.84981004408571,-41.90662082499402,0.5
2,90.99166930058276,-36.452440472542,0.4375
2,100.73654318641434,-53.978180017405414,0.625
2,92.76127678850109,-47.83416520101609,0.5625
2,83.9639488149433,-31.8039351568237,0.375
2,112.1655942345741,-82.93382238272234,0.875
2,101.40453984942167,-41.94935150031513,0.5
2,96.07373312442148,-53.978180017405414,0.625
2,111.61183950863777,-53.978180017405414,0.625
2,103.12193753313433,-53.978180017405414,0.625
2,113.72115514452403,-67.6191543933786,0.75
2,110.96727620831184,-67.73133775604326,0.75
2,107.25880350155398,-75.15622484089654,0.8125
2,105.89143262232834,-53.978180017405414,0.625
2,113.28941108219297,-53.978180017405414,0.625
2,92.19395432601003,-47.88849134152139,0.5625
2,107.35904641467641,-37.11971381243626,0.4375
2,108.87426930574233,-53.978180017405414,0.625
2,107.10318385903983,-67.78981196949363,0.75
2,94.38723612774058,-36.63355282005879,0.4375
2,99.16223007943684,-67.53678086779814,0.75
2,99.32113361577753,-60.66015984742468,0.6875
2,92.99104111522827,-42.08397992329563,0.5
2,102.57996544573177,-67.80303262887325,0.75
2,115.185102902936,-67.69747325041438,0.75
2,105.67970008942338,-53.978180017405414,0.625
2,120.75328057048011,-82.8483815050177,0.875
2,101.28252656348207,-67.74377514232599,0.75
2,104.90286600246847,-47.8291045107612,0.5625
2,76.11791574784974,-28.5734685744369,0.3125
2,81.09476882294557,-36.806875279849564,0.4375
2,94.07690243804919,-42.13032620123006,0.5
2,111.8155908300043,-74.83232171587898,0.8125
2,110.69746974292312,-60.4923238857654,0.6875
2,92.39837380032132,-36.553496460286546,0.4375
2,107.97790690189022,-67.54858289142103,0.75
2,78.3468314036825,-27.817469667645266,0.3125
2,102.7014394950476,-53.978180017405414,0.625
2,107.92609795661086,-60.606869654594256,0.6875
2,105.85930347895531,-42.20935239102246,0.5
2,117.79068315750996,-67.47153154717827,0.75
2,96.08027081803098,-60.490034304403956,0.6875
2,118.09550470945409,-60.59885582142075,0.6875
2,110.29662416695413,-53.978180017405414,0.625
2,121.59957853721508,-83.48465518799529,0.875
2,108.76285045373311,-60.54099711017982,0.6875
2,97.60495551739314,-42.03915523251283,0.5
2,87.60815614874907,-53.978180017405414,0.625
2,93.8945318053172,-31.687741603114755,0.375
2,89.53716759370643,-36.488217479567965,0.4375
2,104.02049132357402,-53.978180017405414,0.625
2,108.70283580196794,-67.3851290332215,0.75
2,91.43028309494541,-47.74731963722645,0.5625
2,108.57446555830663,-67.54046799663409,0.75
2,92.86690211473694,-53.978180017405414,0.625
2,95.48172188317207,-47.86796813581459,0.5625
2,91.12831934904881,-27.53146775694499,0.3125
2,89.41434851471362,-42.16887657732002,0.5
2,97.25571484590996,-67.45553448057615,0.75
2,96.84445358276483,-53.978180017405414,0.625
2,96.64978653009587,-53.978180017405414,0.625
2,116.33815333162958,-53.978180017405414,0.625
2,107.44931760957917,-36.83242150101048,0.4375
2,87.37269415987456,-67.52672683434497,0.75
2,95.34188969787579,-53.978180017405414,0.625
2,94.24708395040527,-41.970012701837604,0.5
2,106.89467356599289,-41.97999273521578,0.5
2,100.29765508180284,-36.6535864504602,0.4375
2,86.26430351419675,-37.099545566143696,0.4375
2,107.71323430789988,-60.619323542995495,0.6875
2,107.2575549640522,-67.63554708549044,0.75
2,97.78931881112723,-53.978180017405414,0.625
2,101.28446584684418,-42.07269413628134,0.5
2,100.31978669599482,-53.978180017405414,0.625
2,94.38558377377075,-42.067872965234834,0.5
2,99.78589116150741,-60.487667967640576,0.6875
2,97.483938011908,-53.978180017405414,0.625
2,90.85977336933847,-31.619713485136906,0.375
2,96.10680122726902,-53.978180017405414,0.625
2,94.88788510025876,-42.0034650211605,0.5
2,90.6796254182965,-53.978180017405414,0.625
2,116.21334227642105,-74.9146482413114,0.8125
2,108.06094130740705,-53.978180017405414,0.625
2,91.41992386941524,-53.978180017405414,0.625
2,109.02982386725112,-75.09808915340118,0.8125
2,96.42377439599316,-53.978180017405414,0.625
2,108.0506344164726,-75.0619677416745,0.8125
2,110.92214773744442,-53.978180017405414,0.625
2,103.28496433509706,-83.13233880794752,0.875
2,89.78338507602663,-36.99640499015813,0.4375
2,108.71166096088241,-47.79524650200491,0.5625
2,103.64270670368944,-67.85571764118154,0.75
2,97.08033124631856,-53.978180017405414,0.625
2,88.95010871987068,-32.34276024783415,0.375
2,108.72759471378733,-60.61971916609737,0.6875
2,111.42143236151267,-60.496822774792776,0.6875
2,97.3269836968662,-53.978180017405414,0.625
2,100.22942012886101,-53.978180017405414,0.625
2,103.16748710256473,-53.978180017405414,0.625
2,104.48814657537713,-53.978180017405414,0.625
2,113.92484164434703,-60.622977700730786,0.6875
2,95.6231163831421,-36.9080793529549,0.4375
2,88.59612497707431,-42.0498508016131,0.5
2,109.09710269307294,-67.3559417484387,0.75
2,104.60606826463984,-60.56074582496513,0.6875
2,98.65595932683665,-31.70415600113131,0.375
2,114.52705639571587,-53.978180017405414,0.625
2,90.30346627347609,-47.86657419250208,0.5625
2,87.01412153228966,-42.10752026801536,0.5
2,106.84360772520571,-60.47249184684555,0.6875
2,93.85179159826546,-47.88061933377939,0.5625
2,102.97205791971538,-60.516375599537284,0.6875
2,94.08192612906599,-36.95278124440297,0.4375
2,98.05333583281771,-60.636000934164386,0.6875
2,79.07171813116408,-32.32726820586602,0.375
2,103.16990492830752,-60.46159483209541,0.6875
2,95.39376611372555,-53.978180017405414,0.625
2,107.01836408456127,-60.507856221006165,0.6875
2,102.32814276941569,-60.461693470641166,0.6875
2,113.22671728175683,-41.90094980758118,0.5
2,93.49443650973808,-41.98184688459018,0.5
2,101.07080220944418,-53.978180017405414,0.625
2,89.688937348076,-36.658425311923736,0.4375
2,108.5532899165112,-60.62627185872024,0.6875
2,99.21146201303375,-53.978180017405414,0.625
2,116.36566857402553,-60.639921422977444,0.6875
2,112.12920052412542,-60.57971481128583,0.6875
2,92.66642378450396,-42.03998362424021,0.5
2,107.14030348156962,-75.01287863995157,0.8125
2,98.04771314889233,-53.978180017405414,0.625
2,103.99688089734325,-60.59676586311648,0.6875
2,96.30083388209565,-60.55417027199753,0.6875
2,91.3057346179413,-41.95631801490559,0.5
2,97.58217738117824,-53.978180017405414,0.625
2,104.98537133967385,-60.63608216754866,0.6875
2,119.47827583860804,-75.12192682551306,0.8125
2,84.45511087178737,-41.959340554763955,0.5
2,102.78893048670994,-53.978180017405414,0.625
2,93.21284170187482,-27.17917033825068,0.3125
2,86.33904056023373,-31.98287392245267,0.375
2,107.76071526293882,-47.835098622981256,0.5625
2,110.53345839702244,-47.859751743338094,0.5625
2,112.18655478417499,-60.649049850248154,0.6875
2,109.6332049860887,-53.978180017405414,0.625
2,96.51000025771324,-36.90824440293742,0.4375
2,116.85396535017212,-53.978180017405414,0.625
2,117.73316332548282,-53.978180017405414,0.625
2,135.8117260411409,-75.31113471833795,0.8125
2,115.43050926316387,-74.84214832150238,0.8125
2,103.41259683585666,-75.02959779874337,0.8125
2,104.57255719268271,-60.61302290228854,0.6875
2,100.18024997536195,-60.649283062666704,0.6875
2,118.81326461863348,-83.22407249039863,0.875
2,102.78651628638514,-60.55174098541181,0.6875
2,106.75447175489714,-60.65948590485869,0.6875
2,111.58448756663668,-75.04761664022782,0.8125
2,102.541801990569,-47.75721774826995,0.5625
2,88.61952731004646,-31.662807903020962,0.375
2,101.65540834314596,-47.81153482298214,0.5625
2,95.32929448212408,-41.86557179442981,0.5
2,86.34091208422075,-47.904024544021354,0.5625
2,103.54542597542,-60.48434059124701,0.6875
2,110.81910944532287,-53.978180017405414,0.625
2,88.58949242216302,-41.932293536238646,0.5
2,94.06101068126394,-47.76045596337848,0.5625
2,101.30778714052894,-60.564886153309246,0.6875
2,82.24700968412971,-42.1489858079472,0.5
2,104.56124741505126,-47.866844810375646,0.5625
2,99.8920367033045,-53.978180017405414,0.625
2,106.55184746298548,-47.805546841472875,0.5625
2,117.84258371163912,-75.57640456961165,0.8125
2,108.99239170227051,-67.69210872497787,0.75
2,88.32743461521699,-41.89119701505755,0.5
2,102.20782070422527,-67.45965693702182,0.75
2,98.75283253578857,-36.53970866355758,0.4375
2,95.48730113228824,-67.60273278845852,0.75
2,96.73436668931268,-41.96757556632033,0.5
2,121.82250848518098,-83.35036515839461,0.875
2,109.41917456457058,-60.49737295417516,0.6875
2,105.43597832615359,-67.44182581462739,0.75
2,102.13435452184085,-47.827563005963015,0.5625
2,104.32393434338859,-53.978180017405414,0.625
2,103.21570780994713,-53.978180017405414,0.625
2,102.43882196300866,-60.48763802076563,0.6875
2,112.46077983537678,-47.760416706678335,0.5625
2,91.04790518495807,-60.5324736745859,0.6875
2,100.87502285024395,-47.79253967136576,0.5625
2,100.85118074815381,-41.94042923349501,0.5
2,98.72214800688009,-36.61749034555314,0.4375
2,97.52843546366215,-53.978180017405414,0.625
2,87.60137721042656,-41.913306940584306,0.5
2,95.28930921104012,-42.202227437824526,0.5
2,98.01267165948818,-53.978180017405414,0.625
2,80.84186081392805,-36.5467200896016,0.4375
2,85.17443275126891,-32.23264418887478,0.375
2,92.71800464302004,-41.878304589080976,0.5
2,95.64198606057572,-42.265151067694866,0.5
2,114.52608619484272,-75.52926897034558,0.8125
2,102.28747017940798,-42.01814877164281,0.5
2,99.5303899782656,-53.978180017405414,0.625
2,104.08716886355242,-53.978180017405414,0.625
2,102.33113632470506,-42.02287172679636,0.5
2,88.5238254217342,-53.978180017405414,0.625
2,117.33928581838906,-75.16752480875881,0.8125
2,101.59668497571941,-47.885397816011064,0.5625
2,101.20144104681314,-36.73953417244862,0.4375
2,113.80159313126863,-83.00208186428566,0.875
2,108.77635505329515,-83.57299352641193,0.875
2,97.41788457662794,-53.978180017405414,0.625
2,124.16544217574553,-67.370892406879,0.75
2,111.09310927431353,-53.978180017405414,0.625
2,93.60035694302262,-37.10025809853509,0.4375
2,91.00453575124492,-47.858052056097385,0.5625
2,117.61159351075953,-67.59433941896366,0.75
2,83.69403124369204,-36.60225759600565,0.4375
2,89.79435456757577,-47.761656554111774,0.5625
2,112.48319605699038,-36.79012444429959,0.4375
2,91.96498857641193,-36.891800864870696,0.4375
2,101.19922368787743,-47.77749486420913,0.5625
2,103.85516713803517,-42.14376161180962,0.5
2,101.75162580530186,-53.978180017405414,0.625
2,115.6641396845518,-53.978180017405414,0.625
2,101.66081644607998,-53.978180017405414,0.625
2,112.32674093717753,-47.75260486433703,0.5625
2,106.8355905390511,-53.978180017405414,0.625
2,105.5088502018464,-47.829528951818624,0.5625
2,118.05048329308919,-67.77660815113462,0.75
2,101.55353402353609,-60.505964058264134,0.6875
2,95.41643065982022,-47.89487709758106,0.5625
2,103.54564529241001,-60.4884994121847,0.6875
2,106.43905924253202,-47.85066855567192,0.5625
2,106.99228956326068,-60.471075823497365,0.6875
2,91.09601989585258,-41.941618744089816,0.5
2,111.16632580628149,-75.12413301681408,0.8125
2,103.0420436890273,-47.88862964953617,0.5625
2,108.11069064075478,-67.59658292054394,0.75
2,86.56235576036119,-36.868475122333415,0.4375
2,104.64829999431824,-60.646978344849984,0.6875
2,114.18931005931334,-60.6255582691542,0.6875
2,116.92141122079329,-67.68898162662539,0.75
2,100.90991196366399,-42.12263086624341,0.5
2,99.64484339811005,-53.978180017405414,0.625
2,103.92325110186063,-60.485212262475464,0.6875
2,116.54421771175376,-83.86631591968309,0.875
2,99.29318887271693,-53.978180017405414,0.625
2,93.37869425178354,-53.978180017405414,0.625
2,113.1998336026723,-60.52566891172262,0.6875
2,97.35995529517115,-42.09674522970971,0.5
2,110.73148420655241,-60.48007933821721,0.6875
2,97.58342631418473,-60.60498873399634,0.6875
2,83.40106156760278,-47.760502934643156,0.5625
2,108.42314312517847,-74.89758421661365,0.8125
2,120.0070577952212,-67.71932520000445,0.75
2,103.81582491441468,-47.83404330658479,0.5625
2,118.60629003043243,-74.93055572038465,0.8125
2,107.33528518533349,-53.978180017405414,0.625
2,107.51327562067902,-53.978180017405414,0.625
2,96.91043846464753,-47.79158635996326,0.5625
2,97.41934683714932,-47.772513724799694,0.5625
2,89.26825489292898,-31.876996901332166,0.375
2,117.23426142051872,-53.978180017405414,0.625
2,111.46645265458295,-67.50439879599199,0.75
2,83.06957757515458,-36.85956353443324,0.4375
2,108.63057786918449,-47.825005610905556,0.5625
2,100.57100302760603,-47.84935873029884,0.5625
2,100.73440279569417,-47.786845456692916,0.5625
2,104.9227645198854,-67.3621987185345,0.75
2,95.30353393850129,-42.100154682386055,0.5
2,111.09906593251327,-74.9009740270776,0.8125
2,99.15083126412921,-47.826835892304686,0.5625
2,100.10459732621193,-36.71037392419746,0.4375
2,79.8153496639302,-27.86954987242694,0.3125
2,82.82794037031606,-42.27470225272438,0.5
2,90.05156694382664,-53.978180017405414,0.625
2,97.99481073567642,-36.89908971260038,0.4375
2,111.0199192357751,-60.47719529170019,0.6875
2,98.28417901990207,-47.89323883640192,0.5625
2,95.89552467972297,-42.15668804793405,0.5
2,107.06420054065514,-53.978180017405414,0.625
2,89.5154969307718,-32.077345992448414,0.375
2,96.03676464108129,-36.91346863459203,0.4375
2,101.51949483878748,-53.978180017405414,0.625
2,96.90753058279033,-47.89513131115348,0.5625
2,107.73004329770414,-67.79162355768088,0.75
2,103.69605935117683,-47.85917950227918,0.5625
2,88.67993088572403,-47.767903712871764,0.5625
2,90.76727289293126,-42.04800382947216,0.5
2,98.31189153254188,-36.62632225237467,0.4375
2,120.22040157833158,-83.74640924551576,0.875
2,95.27284156693098,-60.50008486837485,0.6875
2,75.80767256624382,-36.52120701706971,0.4375
2,108.38155402258832,-53.978180017405414,0.625
2,117.31193298430556,-83.39973174481517,0.875
2,112.29159719990783,-67.62549408311956,0.75
2,102.23240263717923,-47.80281798716211,0.5625
2,101.26981650425313,-47.79488161642657,0.5625
2,85.12340742322641,-42.07776939192493,0.5
2,110.85553772126487,-53.978180017405414,0.625
2,120.30516231530197,-67.59545459588008,0.75
2,94.09923678326442,-53.978180017405414,0.625
2,83.7401451304031,-32.05275405005771,0.375
2,106.43768319248939,-67.61980346833437,0.75
2,84.04521156477884,-27.405064471746723,0.3125
2,87.41681468575881,-31.828844219447998,0.375
2,99.20636313257225,-36.71174403923223,0.4375
2,117.17128493074902,-83.05491706577712,0.875
2,96.43067850907474,-37.04780068590476,0.4375
2,96.01497789008958,-75.30627681036846,0.8125
2,105.05255794207815,-53.978180017405414,0.625
2,95.38362402438545,-42.00460103781329,0.5
2,87.35558340058924,-36.79328735065597,0.4375
2,107.30430191209884,-60.549391049146365,0.6875
2,88.5646956614495,-36.611896943591624,0.4375
2,102.23783674688363,-60.49556754723192,0.6875
2,107.11311849392958,-60.52976165650012,0.6875
2,100.98160086729335,-36.52476858392653,0.4375
2,102.08384001367381,-47.852530848372595,0.5625
2,107.19237875465824,-53.978180017405414,0.625
2,104.21077436358918,-41.891084766220416,0.5
2,81.9546218316201,-31.626670158670233,0.375
2,109.4094878256822,-47.80236076592778,0.5625
2,106.53686092259495,-42.11749280233006,0.5
2,122.6515276618864,-67.8332521864853,0.75
2,90.30805071491214,-53.978180017405414,0.625
2,99.88117809270287,-41.89738226984941,0.5
2,107.15163234402787,-83.27985990703104,0.875
2,118.1504212329743,-53.978180017405414,0.625
2,96.42098984849011,-47.8318172289948,0.5625
2,90.58355418171311,-32.31946556775437,0.375
2,97.72481686858372,-53.978180017405414,0.625
2,83.99455631003491,-37.12776435054636,0.4375
2,102.78852486224544,-67.52267403864154,0.75
2,108.11270354605398,-60.474905180296055,0.6875
2,93.91881282805262,-41.89082309195888,0.5
2,115.62415161894322,-53.978180017405414,0.625
2,102.3336875356543,-47.81658359946656,0.5625
2,96.91993001257839,-53.978180017405414,0.625
2,115.42401854484939,-74.91073888980492,0.8125
2,95.57972494878177,-47.75439532505714,0.5625
2,104.296146674786,-60.46453132193964,0.6875
2,107.35593864978219,-42.09192896263543,0.5
2,96.46620231683958,-42.173027485295286,0.5
2,91.94535719112797,-36.44463648233496,0.4375
2,91.86122147051184,-32.286198324023346,0.375
2,88.48781404209304,-37.106831649665,0.4375
2,102.59939138225116,-37.04911538686359,0.4375
2,84.79930622931835,-36.54243593597703,0.4375
2,92.77241059305727,-47.89646369428127,0.5625
2,96.66934298032571,-41.86195414382971,0.5
2,88.38863740544167,-37.134295831244536,0.4375
2,86.52408472637244,-32.16601365009669,0.375
2,101.63518249461205,-53.978180017405414,0.625
2,107.48749563221031,-67.58753588565862,0.75
2,109.82322505808557,-75.46097850756298,0.8125
2,110.37477558952689,-67.58861773730617,0.75
2,102.68944000804167,-47.86967241065902,0.5625
2,89.53688197958633,-60.49920972345292,0.6875
2,107.9694832135264,-74.99876707451718,0.8125
2,103.28698971542786,-53.978180017405414,0.625
2,109.21857113528293,-53.978180017405414,0.625
2,84.38677908563137,-37.112726063509626,0.4375
2,111.05751182015362,-36.43755291076643,0.4375
2,117.35198132697026,-67.52139395041274,0.75
2,92.29855289358314,-41.91655088696113,0.5
2,124.18391160831081,-67.40986295847809,0.75
2,95.20052957054867,-47.75280456378783,0.5625
2,96.3496710936094,-42.01369341332512,0.5
2,131.8984184385681,-92.37259620674214,0.9375
2,101.2764203209519,-53.978180017405414,0.625
2,85.59277284957224,-42.246292865338376,0.5
2,110.75724961014886,-53.978180017405414,0.625
2,85.72529761021556,-60.64870982748533,0.6875
2,97.99222120428537,-53.978180017405414,0.625
2,85.58655276342597,-27.396005438830507,0.3125
2,111.42892616450773,-75.54987333028629,0.8125
2,111.37811436803644,-60.47344964706549,0.6875
2,94.45838876741934,-31.760125603606014,0.375
2,98.51026912567256,-67.6075346315145,0.75
2,99.39722120249549,-53.978180017405414,0.625
2,84.12553119617286,-31.643390539929435,0.375
2,96.89630256814863,-42.27516577974648,0.5
2,103.94551038364463,-53.978180017405414,0.625
2,82.76551642924936,-36.955405621521564,0.4375
2,111.6726771000623,-67.35354160716709,0.75
2,94.9991601267117,-31.662335643163964,0.375
2,87.08937698294864,-36.78622232789114,0.4375
2,93.10137134190481,-53.978180017405414,0.625
2,101.548299209268,-53.978180017405414,0.625
2,112.31803353498077,-83.91810990375389,0.875
2,107.2826271260179,-60.56465180507776,0.6875
2,95.28622979314022,-41.90904155409062,0.5
2,93.91646275628996,-42.12799927721048,0.5
2,91.38201716457297,-47.895377283508225,0.5625
2,96.37025388912349,-42.19972990165524,0.5
2,109.60508125376968,-67.79768951065087,0.75
2,99.66984449775734,-53.978180017405414,0.625
2,94.60873721357626,-53.978180017405414,0.625
2,85.2063778373564,-32.16901668207247,0.375
2,108.197696915015,-82.85256105781878,0.875
2,91.55781718252504,-31.627174157506776,0.375
2,103.01015655887875,-32.193493661560574,0.375
2,124.15121397155467,-74.90238713416886,0.8125
2,116.70412262895906,-75.21908072403893,0.8125
2,101.86356317509286,-60.54139222983893,0.6875
2,110.3600968585903,-67.577890718654,0.75
2,105.93700421104384,-53.978180017405414,0.625
2,109.41598758064882,-67.50338155995173,0.75
2,95.50371317990144,-53.978180017405414,0.625
2,87.52178927594471,-67.39189035000959,0.75
2,111.00764429450827,-60.586626643401765,0.6875
2,111.0945175521499,-53.978180017405414,0.625
2,98.77452427457322,-60.46832955138294,0.6875
2,97.2598630174496,-53.978180017405414,0.625
2,87.41516287137979,-42.11042112091875,0.5
2,83.95416637435727,-36.800767711491964,0.4375
2,123.10673716114246,-67.77351289297629,0.75
2,100.17342489755798,-60.55918634697271,0.6875
2,101.06928314123948,-67.49926976654407,0.75
2,104.05222306921044,-53.978180017405414,0.625
2,115.83469800498307,-47.7547294106027,0.5625
2,96.5168169803198,-42.205694704495855,0.5
2,93.22129325418082,-36.84797428440744,0.4375
2,88.94844798518461,-36.46751095646377,0.4375
2,100.79139400753543,-53.978180017405414,0.625
2,87.41936044074097,-53.978180017405414,0.625
2,107.64578700572389,-60.492654847417796,0.6875
2,114.46477184167713,-67.52713058133558,0.75
2,101.73039168509797,-60.658904622655044,0.6875
2,101.4419272623987,-60.5410267124768,0.6875
2,94.75575534701349,-41.97610836698343,0.5
2,96.73326957976845,-67.50534616424882,0.75
2,98.92436440986822,-47.746578307015845,0.5625
2,107.0369163893712,-67.52772985012359,0.75
2,109.9949098973553,-53.978180017405414,0.625
2,93.23834698412462,-41.9090971772213,0.5
2,93.35279260573353,-31.964964685932244,0.375
2,100.75329564709436,-60.56168400144224,0.6875
2,88.82033021840931,-53.978180017405414,0.625
2,115.17646286461208,-83.23901609540988,0.875
2,99.85695488791353,-53.978180017405414,0.625
2,96.62075986823629,-67.60819131721239,0.75
2,96.46901071852571,-60.59145352345361,0.6875
2,82.45912009962046,-42.07576948276272,0.5
2,107.29798102235964,-47.895637568167395,0.5625
2,84.06507898444558,-36.58282931082245,0.4375
2,109.82748443919523,-75.09280686471867,0.8125
2,102.23113816593417,-47.803378377414184,0.5625
2,93.67280837191494,-31.648715844787684,0.375
2,96.87732098044383,-74.80893051180472,0.8125
2,86.3328804082833,-42.18065527344727,0.5
2,84.85213544124649,-36.83314251675649,0.4375
2,101.00955205030434,-32.17602308144759,0.375
2,116.67886183804282,-53.978180017405414,0.625
2,98.49557819369548,-41.87463816795886,0.5
2,101.6066176477177,-60.493467035939624,0.6875
2,92.68231038105031,-47.809097575444284,0.5625
2,96.30627672770481,-36.510795386151514,0.4375
2,105.95801591966591,-41.904931054818164,0.5
2,105.93402598627723,-41.854975524294304,0.5
2,90.06393862640445,-42.27164950338968,0.5
2,108.39690931879571,-42.00644773719953,0.5
2,80.95179495452285,-42.1508968793329,0.5
2,123.24888626862831,-67.46009069154827,0.75
2,99.05960655367402,-53.978180017405414,0.625
2,89.76542095352929,-36.666692868987695,0.4375
2,114.26046224383688,-67.73780660384298,0.75
2,107.31387446520984,-83.33483993978267,0.875
2,95.56864196500919,-67.58999479161677,0.75
2,101.85984605779221,-67.41087994613966,0.75
2,103.19664395521555,-60.46795174762085,0.6875
2,91.41405600895527,-41.85467914921977,0.5
2,107.11852283491888,-42.2540939132903,0.5
2,112.88229758767774,-47.812587772226834,0.5625
2,96.65217708433028,-60.518931202414954,0.6875
2,92.11271863317668,-67.58423285829647,0.75
2,95.72764058960762,-60.572094127066265,0.6875
2,108.67890272086503,-53.978180017405414,0.625
2,105.48014781423154,-53.978180017405414,0.625
2,99.18143718264542,-53.978180017405414,0.625
2,83.60690913701144,-27.483929903240583,0.3125
2,103.05989444125336,-53.978180017405414,0.625
2,87.6065592008814,-60.59409139823008,0.6875
2,103.19059339321652,-53.978180017405414,0.625
2,98.55907553555137,-47.8248547794142,0.5625
2,100.9742777525467,-42.20312264533188,0.5
2,122.84847452141277,-67.58639906864917,0.75
2,102.44351258039705,-67.70142403781477,0.75
2,90.42887282389242,-42.2215274594153,0.5
2,88.53529415049219,-36.981447526285095,0.4375
2,106.39726926192704,-67.46978365766333,0.75
2,94.51974023937137,-60.548229434912564,0.6875
2,96.34792918368852,-47.86074644717587,0.5625
2,105.96478337639346,-53.978180017405414,0.625
2,112.91585142531137,-67.52054951710993,0.75
2,93.94779416276705,-53.978180017405414,0.625
2,89.83751335764407,-42.12233448874634,0.5
2,106.0730909961959,-67.63866151603358,0.75
2,109.11196908713944,-75.23044157522192,0.8125
2,88.09204108024721,-42.040647834429066,0.5
2,86.97684639608647,-42.029997119543964,0.5
2,94.72185984425532,-42.119192127139335,0.5
2,97.7401676084573,-41.947203664875076,0.5
2,115.03652913717795,-67.47703238458965,0.75
2,114.46795179443126,-60.6336299685723,0.6875
2,94.9105713571674,-32.4720181744561,0.375
2,103.25211690892404,-47.84595466087924,0.5625
2,88.68986901188566,-36.76224388670789,0.4375
2,86.8232092347133,-27.19865370361001,0.3125
2,105.03642602025936,-47.86708740234629,0.5625
2,101.6606968621453,-60.617963357452325,0.6875
2,92.09921134472108,-36.66810619086526,0.4375
2,100.11566692071463,-53.978180017405414,0.625
2,114.77866831400645,-60.59994934374126,0.6875
2,97.87235200677144,-37.07084668437358,0.4375
2,113.87978962149063,-67.54487348795652,0.75
2,102.21455343434931,-42.10917585188806,0.5
2,104.08333018699317,-60.57494706077307,0.6875
2,116.71444257071113,-74.91751376878427,0.8125
2,109.3484630809086,-53.978180017405414,0.625
2,96.45502998059524,-60.49398429459951,0.6875
2,106.26008796136837,-60.618942300278896,0.6875
2,123.76510999689374,-67.62711074286439,0.75
2,92.11117559610118,-36.99635089686433,0.4375
2,91.62717646737522,-83.31484780316924,0.875
2,111.19625688061281,-47.874785666421744,0.5625
2,103.76369720952145,-53.978180017405414,0.625
2,113.59115088643456,-42.024116370465016,0.5
2,121.75069000412577,-53.978180017405414,0.625
2,107.99611424551452,-53.978180017405414,0.625
2,87.58605881644293,-27.252817582669646,0.3125
2,76.20751944557466,-28.30030424816636,0.3125
2,107.83057660478296,-60.516304774468445,0.6875
2,86.82144909362133,-31.575132689734723,0.375
2,97.8069573904902,-36.543192051044066,0.4375
2,88.95650562039175,-36.785144634121025,0.4375
2,92.23070131549248,-36.94015169662902,0.4375
2,109.14808869411883,-83.64602527678979,0.875
2,110.49183042236899,-47.80127668432478,0.5625
2,133.19835445572042,-60.6606735346084,0.6875
2,97.16721528006603,-53.978180017405414,0.625
2,87.46181683115637,-53.978180017405414,0.625
2,100.03569315186027,-42.17669375675484,0.5
2,74.97615804590411,-27.554937558299006,0.3125
2,102.35615581431254,-47.79378875835953,0.5625
2,91.25151170848632,-47.893458240477045,0.5625
2,87.60497469723572,-41.84171075366225,0.5
2,125.1559066112554,-67.81743137995498,0.75
2,102.3274777811412,-53.978180017405414,0.625
2,88.24650591656184,-36.89767038638972,0.4375
2,87.05670420376049,-32.49436984005173,0.375
2,103.44422298243383,-47.84792330900129,0.5625
2,120.38247246730927,-83.7884720845797,0.875
2,92.58953770825099,-53.978180017405414,0.625
2,100.75270926827717,-36.601298789849224,0.4375
2,104.60474401137718,-67.40047372475914,0.75
2,111.14822552664494,-67.35716987590517,0.75
2,93.31028954311945,-42.07096917603323,0.5
2,99.91824624384587,-60.456445975468355,0.6875
2,108.09469041915747,-53.978180017405414,0.625
2,102.88270388428826,-53.978180017405414,0.625
2,97.48493421377644,-41.95718545758628,0.5
2,100.86093734530502,-83.18517739613256,0.875
2,123.33124622598643,-83.69182533247165,0.875
2,80.17512108987985,-36.56298212257817,0.4375
2,111.28874029794915,-67.73515096478715,0.75
2,97.5316699942502,-60.502032478786724,0.6875
2,96.55301111965566,-53.978180017405414,0.625
2,106.87752447606778,-74.8417803534977,0.8125
2,92.6898445565102,-36.68947136321259,0.4375
2,104.00713763111975,-36.82850636710139,0.4375
2,124.41139572136098,-75.50799463819389,0.8125
2,97.53277996003057,-67.42693161886821,0.75
2,92.6007442045371,-32.17219431478302,0.375
2,114.47289610437319,-53.978180017405414,0.625
2,109.62830139178708,-60.61326861514643,0.6875
2,107.71958385942636,-74.96166137235784,0.8125
2,121.49312391819471,-67.56697709592149,0.75
2,82.15785769194935,-32.27027694457208,0.375
2,86.44935850680383,-32.522996537032384,0.375
2,102.27304150807615,-67.8488308707361,0.75
2,89.88878609849347,-32.17752928082419,0.375
2,107.24027025799165,-60.59733815529704,0.6875
2,95.2655991891963,-41.91712025467736,0.5
2,106.25964682944029,-82.87595784110582,0.875
2,105.41483258280964,-47.863194876413075,0.5625
2,103.8083678581557,-60.64952295021229,0.6875
2,116.91097838039039,-75.01964363082342,0.8125
2,88.87722654363934,-42.06847062874048,0.5
2,93.65351448406618,-53.978180017405414,0.625
2,95.11503682120046,-42.0528725796966,0.5
2,93.0815564425034,-41.960512472743744,0.5
2,90.42986610708145,-36.705342192043,0.4375
2,82.90004663299531,-42.16570464020257,0.5
2,89.16269121331125,-36.44490842066952,0.4375
2,97.99314861182049,-53.978180017405414,0.625
2,120.23947541195858,-67.58492182158635,0.75
2,109.12210531284119,-67.71634603769164,0.75
2,113.93812940125294,-47.83167924358449,0.5625
2,112.85756062423333,-82.91740289278049,0.875
2,93.30691244470529,-47.75399896058818,0.5625
2,91.16340911186214,-47.80494213858184,0.5625
2,117.59443688488528,-75.06232755422825,0.8125
2,77.15637505945614,-42.26797479731927,0.5
2,107.01090301915552,-47.76148446030946,0.5625
2,108.67975457152843,-60.54573776489525,0.6875
2,92.83818734051475,-36.842264155400926,0.4375
2,80.51587440531986,-28.06716463645365,0.3125
2,86.6698907092992,-42.04305168384105,0.5
2,109.41994818697877,-67.42968554569917,0.75
2,86.37048234700957,-53.978180017405414,0.625
2,99.97640667836895,-53.978180017405414,0.625
2,103.52734389708749,-53.978180017405414,0.625
2,92.67737617586039,-53.978180017405414,0.625
2,96.65544751997098,-42.17282269272004,0.5
2,106.32872536655347,-53.978180017405414,0.625
2,100.70416649876476,-74.87072744935385,0.8125
2,134.8926224910535,-91.87532754207803,0.9375
2,102.15569374143764,-53.978180017405414,0.625
2,117.8157856624576,-75.33629889612837,0.8125
2,109.22650496330017,-67.64084224382154,0.75
2,110.58298349631511,-53.978180017405414,0.625
2,105.19374819390224,-60.59216914824683,0.6875
2,119.08477458993751,-67.45718856489468,0.75
2,89.69835817343753,-41.87206509806832,0.5
2,97.93573019962881,-67.61814761957625,0.75
2,115.16687597901247,-60.59740550740745,0.6875
2,90.83165433105647,-60.46218583072787,0.6875
2,92.13136560111721,-31.821449858355525,0.375
2,100.83565571472815,-53.978180017405414,0.625
2,105.48363609476795,-53.978180017405414,0.625
2,91.69630395814683,-53.978180017405414,0.625
2,109.31047954601414,-74.80538518857092,0.8125
2,103.43967858409701,-53.978180017405414,0.625
2,96.62634947322535,-37.12217156515963,0.4375
2,117.50134165800318,-67.70165084860967,0.75
2,89.32750084163047,-53.978180017405414,0.625
2,106.7813269041069,-60.58504804698862,0.6875
2,114.63456712938667,-60.4792146213325,0.6875
2,104.42015682132781,-53.978180017405414,0.625
2,136.85193340666876,-75.53868992841092,0.8125
2,92.45174199521303,-60.47127845702657,0.6875
2,130.84295968446145,-92.63379990606717,0.9375
2,113.33720769418983,-53.978180017405414,0.625
2,80.25193982786956,-32.104514160566055,0.375
2,89.46165536199125,-27.217635919955946,0.3125
2,96.77954179987267,-53.978180017405414,0.625
2,96.3504326744089,-47.78323942723939,0.5625
2,93.14733283357789,-53.978180017405414,0.625
2,88.81758095634325,-42.1967549788332,0.5
2,105.47831537366783,-53.978180017405414,0.625
2,99.48281204817202,-42.12988988465156,0.5
2,89.94919452793971,-36.946906101967976,0.4375
2,108.6256914994458,-42.06175262166107,0.5
2,104.12765890979483,-60.63260153000563,0.6875
2,87.78931166978852,-47.77611182533463,0.5625
2,125.37424321082713,-67.65056775483217,0.75
2,105.43741759299235,-60.49081621739473,0.6875
2,119.03151408246914,-53.978180017405414,0.625
2,110.49879821471731,-67.6783029713774,0.75
2,111.78953471307742,-67.38547243936011,0.75
2,105.86448028281059,-67.81357945843398,0.75
2,106.7337864983136,-47.89647840266647,0.5625
2,124.45187338314861,-75.3582746378628,0.8125
2,98.37839917275059,-37.02638661405396,0.4375
2,103.58056269675274,-53.978180017405414,0.625
2,102.8693542501306,-60.516374793403145,0.6875
2,104.00297533531536,-53.978180017405414,0.625
2,94.1397916084632,-42.27146136952981,0.5
2,104.37153910103292,-60.57277115306093,0.6875
2,111.4288529496972,-75.27616378966118,0.8125
2,131.97431335615164,-83.41633047663667,0.875
2,101.27848865779295,-47.7593380704484,0.5625
2,106.01237311365155,-67.58103604196226,0.75
2,102.6140853501486,-60.543028785662486,0.6875
2,103.4776704594608,-53.978180017405414,0.625
2,95.9356582151799,-47.79922538243153,0.5625
2,128.34511478864437,-83.16015446375592,0.875
2,113.42886486131229,-67.79107198382079,0.75
2,113.61761885313794,-53.978180017405414,0.625
2,96.2556345667415,-47.88979410296968,0.5625
2,105.89130582281277,-60.5685108894931,0.6875
2,89.96498356399022,-36.431126506490614,0.4375
2,99.85931469014272,-60.533385839042076,0.6875
2,107.9572759423684,-47.76848708843033,0.5625
2,100.25352045372877,-47.876898599547516,0.5625
2,108.2435766734727,-60.61566654184135,0.6875
2,108.28298554133757,-53.978180017405414,0.625
2,107.90444219574995,-53.978180017405414,0.625
2,94.99963957853475,-47.76065630242742,0.5625
2,112.77653837151482,-47.77814198621588,0.5625
2,108.07885782213779,-74.80333872229377,0.8125
2,115.5756713549071,-75.21328331735106,0.8125
2,101.3679068951429,-53.978180017405414,0.625
2,109.41444494645847,-60.57346603169633,0.6875
2,103.50944683534031,-41.95250324655283,0.5
2,115.91993208963905,-67.43387436482115,0.75
2,123.40538303545567,-75.19394211871786,0.8125
2,101.35105317561701,-67.80806367595618,0.75
2,107.52497771472005,-60.46425654068245,0.6875
2,96.0274060386418,-53.978180017405414,0.625
2,94.58860095110191,-60.55932681401673,0.6875
2,96.26745964994954,-42.134082718789166,0.5
2,123.53651283072911,-75.5244814296766,0.8125
2,114.01256190899491,-75.36493917875309,0.8125
2,96.29776944010348,-47.76734286053781,0.5625
2,96.49527211115934,-53.978180017405414,0.625
2,92.60760767566667,-31.847380583263458,0.375
2,114.38962862374815,-60.57541759695574,0.6875
2,94.76658136551734,-41.93629955624012,0.5
2,101.05222084661133,-53.978180017405414,0.625
2,116.10373845299485,-75.18358818779231,0.8125
2,98.89982705739749,-53.978180017405414,0.625
2,94.93219385430521,-47.77386913477062,0.5625
2,108.67798605210537,-60.65066357791532,0.6875
2,97.35297998385788,-47.74817641478076,0.5625
2,97.09130327468158,-60.477572618121236,0.6875
2,87.82418731576053,-67.399013808026,0.75
2,130.6127458592532,-83.01346197780383,0.875
2,105.64655674194736,-67.49640710343951,0.75
2,84.55064365826846,-36.776629825334055,0.4375
2,118.28618739962363,-75.19676702859951,0.8125
2,99.28573228469756,-47.76804062237123,0.5625
2,113.0417442084622,-53.978180017405414,0.625
2,101.76960952093263,-60.598257880999604,0.6875
2,100.83628921687051,-67.76646102074811,0.75
2,90.51173625362891,-41.92528888032241,0.5
2,106.68792486122653,-53.978180017405414,0.625
2,111.06011199822801,-83.07707475186898,0.875
2,78.62150814278237,-27.749759459040405,0.3125
2,104.73995166085332,-42.038113731803726,0.5
2,98.77007585532655,-60.46124499783941,0.6875
2,83.75887534003884,-42.14025469432214,0.5
2,88.52655928947036,-31.648285799408132,0.375
2,105.69780344488053,-60.65130198743522,0.6875
2,103.66646982429262,-41.91851533447389,0.5
2,109.41388347410698,-53.978180017405414,0.625
2,97.2583733693128,-47.894269434888706,0.5625
2,85.45715908167688,-36.899741520456814,0.4375
2,99.62125978002076,-42.23952760735285,0.5
2,98.95717380867315,-47.79056111212777,0.5625
2,101.63351494967334,-60.46699076491626,0.6875
2,105.33995790343846,-60.55726695157002,0.6875
2,97.60649357166301,-42.11298064782119,0.5
2,103.19306632849599,-41.917912026670265,0.5
2,125.56942209474894,-83.89641329539346,0.875
2,104.73994237264748,-47.81948125081803,0.5625
2,101.72006540291882,-47.75020676997025,0.5625
2,114.36059001025045,-67.36456646242388,0.75
2,93.04099716337493,-53.978180017405414,0.625
2,110.94067246231933,-83.03333590384764,0.875
2,101.89815505421997,-47.84072123029949,0.5625
2,99.98353401981412,-31.960525984051007,0.375
2,102.92950273211035,-60.51193030301042,0.6875
2,80.74152356705393,-36.805878693152344,0.4375
2,109.37691912396281,-41.93250794201025,0.5
2,81.93860778825261,-42.14984383891946,0.5
2,96.17171338965521,-67.44822887431377,0.75
2,93.18436535757535,-41.839346774198624,0.5
2,92.78960399296254,-36.47982548203241,0.4375
2,99.04186600152823,-53.978180017405414,0.625
2,85.40612753242945,-32.09506201877455,0.375
2,104.39148131294642,-67.35690116806396,0.75
2,90.90294020484147,-53.978180017405414,0.625
2,106.36706216831288,-53.978180017405414,0.625
2,112.14708861237608,-60.636078399049524,0.6875
2,106.06682475610425,-42.076157585176915,0.5
2,106.77084431493383,-53.978180017405414,0.625
2,109.93603427107115,-47.856066591211004,0.5625
2,95.57901580110443,-41.96769470740854,0.5
2,107.87492039068628,-60.47354055063214,0.6875
2,106.98152908403583,-53.978180017405414,0.625
2,102.62426901725259,-47.77979266324371,0.5625
2,111.00754465381486,-60.62253778049075,0.6875
2,117.31276360198939,-74.88938770742823,0.8125
2,112.05210006331005,-60.60208711691172,0.6875
2,105.16539215004879,-47.845450441594934,0.5625
2,94.06440727400592,-37.02397465352925,0.4375
2,114.69798982742276,-67.53445724920344,0.75
2,100.90542841245511,-42.0599410691274,0.5
2,99.61733528924994,-60.493390478502945,0.6875
2,121.02790117852453,-75.3907746210527,0.8125
2,85.22686843488869,-37.05239171277953,0.4375
2,89.31991306249273,-47.90046633925412,0.5625
2,102.22348181448318,-53.978180017405414,0.625
2,88.37175135959959,-42.039038381226796,0.5
2,107.05066496008597,-67.7184413863029,0.75
2,115.66077017795158,-67.36404957401339,0.75
2,95.68461412127682,-53.978180017405414,0.625
2,101.27387766273965,-53.978180017405414,0.625
2,89.31025034978467,-53.978180017405414,0.625
2,110.82644914103861,-60.61661902542438,0.6875
2,95.54601426367195,-41.93604133204967,0.5
2,90.89963954631841,-41.87911782881679,0.5
2,111.32180315936128,-53.978180017405414,0.625
2,93.27239581834021,-47.82369146273737,0.5625
2,101.06839898455915,-53.978180017405414,0.625
2,100.31285368049502,-41.89755362733491,0.5
2,93.41190350854424,-47.894593184539396,0.5625
2,87.13978428689019,-42.13027091397121,0.5
2,128.26356433067323,-91.75428025455464,0.9375
2,123.55562433130109,-67.68988926368539,0.75
2,112.34186599999741,-47.83397675293566,0.5625
2,94.52253295348292,-36.486830836321865,0.4375
2,94.28333683308364,-36.837120853735996,0.4375
2,113.59381892508979,-67.77357851176943,0.75
2,106.82423961306489,-67.5389603851301,0.75
2,120.31532371471386,-83.90122377471252,0.875
2,108.77063952667602,-67.59923769703286,0.75
2,91.7690463916569,-41.914780368865195,0.5
2,110.3132797686025,-67.61956567261983,0.75
2,87.51780038551387,-36.69219501564903,0.4375
2,84.29245539699075,-47.75405293815985,0.5625
2,92.11881350866005,-60.48211377028549,0.6875
2,96.50979186949482,-36.57892561555451,0.4375
2,117.62741517360205,-60.52024827556885,0.6875
2,103.17132681953683,-53.978180017405414,0.625
2,111.92420299977921,-67.57022187015706,0.75
2,117.98693718701597,-60.63827171779706,0.6875
2,108.44815117842346,-47.76087614141206,0.5625
2,96.22091310957319,-53.978180017405414,0.625
2,96.3771883906779,-41.99956502860649,0.5
2,110.82691241074588,-60.5504055854265,0.6875
2,106.63478221652389,-60.56741877971849,0.6875
2,89.9727281130538,-47.881693570937024,0.5625
2,97.72157004555413,-47.81090171641594,0.5625
2,109.76388605341441,-36.66176497150098,0.4375
2,88.11615997327112,-53.978180017405414,0.625
2,102.13606969410382,-53.978180017405414,0.625
2,96.34481243718486,-53.978180017405414,0.625
2,109.42164589129601,-60.60269678388411,0.6875
2,96.70199464520815,-47.78536159020544,0.5625
2,102.82313777821169,-53.978180017405414,0.625
2,113.09777379059511,-60.636410791982776,0.6875
2,88.62507365840833,-47.897663936227474,0.5625
2,104.07296718991981,-53.978180017405414,0.625
2,91.03716963192406,-53.978180017405414,0.625
2,104.50404771847863,-60.650404039401984,0.6875
2,103.03671784552523,-41.90275658460753,0.5
2,106.55761031761047,-47.79173713822744,0.5625
2,86.41983741208993,-37.05435628612465,0.4375
2,93.35057164867315,-36.573669352341646,0.4375
2,108.82447855485036,-67.71858552159343,0.75
2,106.19928127181093,-60.529293130541376,0.6875
2,110.45662723772611,-92.27183160648771,0.9375
2,101.4575376456366,-53.978180017405414,0.625
2,112.75603878712867,-60.64186280641335,0.6875
2,105.98396477219258,-47.896036885083625,0.5625
2,90.03859128643809,-42.057329931840606,0.5
2,105.29780644799527,-67.38967715529718,0.75
2,79.0424399426405,-31.685506665293087,0.375
2,103.36201010414308,-31.770901701897316,0.375
2,113.99283211042739,-53.978180017405414,0.625
2,99.67748356839132,-41.859869404060944,0.5
2,91.77143106187418,-41.88923390233032,0.5
2,91.0522257316334,-41.87273182026793,0.5
2,89.24156363455032,-36.86340013363748,0.4375
2,107.72841404842109,-67.4606763189851,0.75
2,96.09669378431794,-31.89727762085342,0.375
2,99.98604974433088,-36.76371279169324,0.4375
2,130.63553441057297,-75.18713932054284,0.8125
2,88.58245364949515,-32.02322725922333,0.375
2,103.90630444118709,-67.6297414358888,0.75
2,121.14484000345527,-53.978180017405414,0.625
2,106.00476972258639,-53.978180017405414,0.625
2,116.62928676938222,-53.978180017405414,0.625
2,102.06563748091864,-53.978180017405414,0.625
2,97.4650931051049,-47.86096422758897,0.5625
2,113.79827776327154,-53.978180017405414,0.625
2,113.24730408683195,-60.478115851086415,0.6875
2,107.92105324508412,-47.76871943591336,0.5625
2,110.42468585896744,-60.55602907139896,0.6875
2,110.95657252034114,-75.4110899198154,0.8125
2,119.21818527912158,-75.53430249849428,0.8125
2,101.09807544046578,-60.486429189771364,0.6875
2,96.47975787533095,-42.02633827482826,0.5
2,90.7914941579584,-36.522025413802815,0.4375
2,107.11043067702073,-60.518546346125184,0.6875
2,93.61304032977321,-47.84015911430972,0.5625
2,125.06368694172387,-83.6426953539561,0.875
2,119.80812496015194,-67.82456419943715,0.75
2,107.02127196009583,-83.11769267390535,0.875
2,108.95208276900243,-60.548947452368594,0.6875
2,130.11770018082774,-83.63191871737024,0.875
2,100.55844682429156,-60.4703707466866,0.6875
2,89.43015070329318,-37.09228102038306,0.4375
2,95.17145698566598,-42.198982178690045,0.5
2,105.44811971255317,-42.132031638681916,0.5
2,106.46822624685943,-67.85185025642562,0.75
2,81.05845867411078,-42.01433916477777,0.5
2,102.76748318470045,-53.978180017405414,0.625
2,84.35244676771754,-32.52201213118202,0.375
2,106.89728529472087,-60.53315125468236,0.6875
2,103.14300001309272,-47.80622306085001,0.5625
2,92.20472329744696,-31.618545906303304,0.375
2,102.01902801829088,-47.777008053603744,0.5625
2,99.89572368405247,-60.64203021415415,0.6875
2,96.34409004083314,-53.978180017405414,0.625
2,105.95201070780584,-27.498638790090585,0.3125
2,96.89006807666563,-42.20213327266551,0.5
2,86.58586423239089,-53.978180017405414,0.625
2,106.38262752895238,-67.8451478213047,0.75
2,116.37192269790191,-60.57858755238951,0.6875
2,114.24136564815032,-60.47429313887692,0.6875
2,84.9114113600241,-31.712461227854156,0.375
2,104.48864215857472,-53.978180017405414,0.625
2,93.26956895202987,-41.96172579669881,0.5
2,86.46856187629072,-36.943881674724864,0.4375
2,89.713429996019,-41.99849684098971,0.5
2,98.28450693777721,-53.978180017405414,0.625
2,98.89464358420595,-60.4683412807281,0.6875
2,100.10700846434932,-36.46410070064177,0.4375
2,85.89043858166693,-53.978180017405414,0.625
2,122.89901877764858,-74.92874598738845,0.8125
2,117.06710623593662,-53.978180017405414,0.625
2,106.2755389316991,-47.856419975428295,0.5625
2,94.44558911139302,-47.795803379951074,0.5625
2,92.739944689013,-31.818123193451495,0.375
2,115.01971384903418,-75.28140796779542,0.8125
2,104.3973253489549,-36.452369183510086,0.4375
2,114.30432216923552,-60.472503001642394,0.6875
2,106.93871073114991,-47.89696901790959,0.5625
2,108.23254614987698,-47.802493645286916,0.5625
2,93.01890089519273,-47.88901804997321,0.5625
2,95.37312850054951,-47.796175015544506,0.5625
2,98.96767742068297,-53.978180017405414,0.625
2,102.38217097752849,-47.769044638652844,0.5625
2,91.20227526218562,-42.12979062155706,0.5
2,119.3083941853749,-75.08248347577093,0.8125
2,109.55403710315372,-67.53637040423374,0.75
2,82.67779089416486,-36.78003341272424,0.4375
2,104.50097887682578,-60.5750499693419,0.6875
2,104.02133446864225,-60.60788176932689,0.6875
2,95.12068284402483,-47.84594331837799,0.5625
2,115.02080785983075,-53.978180017405414,0.625
2,92.00577829974159,-47.884941832280106,0.5625
2,107.97172313196826,-60.45868870424239,0.6875
2,92.52918091815691,-53.978180017405414,0.625
2,106.32930106022019,-60.58042652634048,0.6875
2,98.90137293212211,-47.82723498155939,0.5625
2,122.08724816806478,-67.72782622618645,0.75
2,94.00159112332244,-41.88856101680775,0.5
2,94.43302494274761,-53.978180017405414,0.625
2,100.02440763645724,-53.978180017405414,0.625
2,116.6573689552695,-67.79281501083042,0.75
2,98.71162830346096,-47.79007004725922,0.5625
2,99.45000102313966,-75.26448992928081,0.8125
2,96.94782635857764,-36.69118760139591,0.4375
2,91.67012252918684,-60.4661792285484,0.6875
2,99.45132225676554,-42.113444857804396,0.5
2,119.35531978070739,-67.54133135027008,0.75
2,97.2489861625465,-37.1135403381714,0.4375
2,106.33304498541678,-42.21707912939113,0.5
2,108.01456754483026,-67.84252783200235,0.75
2,96.41702505430003,-47.8399165089239,0.5625
2,85.14655381909704,-27.55883931768272,0.3125
2,103.6129730437687,-67.50724919402883,0.75
2,123.1289766114497,-75.2232236612634,0.8125
2,102.56875503633236,-67.46184477241569,0.75
2,96.47557394787299,-41.919521737290246,0.5
2,103.80018339743104,-60.483772424817005,0.6875
2,102.90073090819443,-42.20615047452166,0.5
2,99.47393393267568,-67.3838018414799,0.75
2,103.06687689619338,-60.45632920547085,0.6875
2,118.39051603313338,-60.60335480713409,0.6875
2,87.36139652696126,-36.57615423007213,0.4375
2,97.1529142187304,-41.88300158458013,0.5
2,92.6014185313225,-47.82278249485056,0.5625
2,94.43267528482293,-67.35367891349212,0.75
2,90.19342206902654,-36.428780341179085,0.4375
2,117.40775826631314,-67.8089588229541,0.75
2,100.01031162162626,-53.978180017405414,0.625
2,109.50558652761838,-60.50362611394946,0.6875
2,123.80260455593995,-82.78539673054357,0.875
2,85.92786836075165,-60.50429967176638,0.6875
2,114.60562768776023,-60.65819069836681,0.6875
2,116.60524217527666,-60.45699671602071,0.6875
2,113.07157583266996,-67.35752914190063,0.75
2,94.95416697842914,-41.969030908352124,0.5
2,89.83602887976213,-36.8105619183682,0.4375
2,105.31648043010821,-53.978180017405414,0.625
2,92.32629366920297,-28.12772767859625,0.3125
2,103.76312886921566,-67.35710576285108,0.75
2,96.27040148710391,-31.60218242155991,0.375
2,100.36284223006805,-74.97929496378883,0.8125
2,94.75304965396057,-42.19283207792483,0.5
2,98.3059918634637,-47.783426307421486,0.5625
2,100.3471410411197,-47.824134238351974,0.5625
2,90.70567878186648,-32.12259751125151,0.375
2,110.15754450500191,-60.46388687603502,0.6875
2,111.59130503149571,-67.85315728811393,0.75
2,111.65690967732253,-82.83839599343891,0.875
2,90.65028225604269,-36.542829145044074,0.4375
2,108.45920492577068,-60.48869263967544,0.6875
2,90.59831102889785,-47.85518979022192,0.5625
2,90.99049803146323,-36.887865806470714,0.4375
2,107.38778928774451,-53.978180017405414,0.625
2,88.24917898266203,-47.9035961498672,0.5625
2,94.88401593510449,-60.46235414798592,0.6875
2,99.41995754010715,-67.47667772311313,0.75
2,101.36014577149797,-60.52335903119172,0.6875
2,133.35016599175137,-67.35312420911355,0.75
2,103.65641214927024,-53.978180017405414,0.625
2,93.87615154616267,-47.7503450825661,0.5625
2,110.82930182985828,-53.978180017405414,0.625
2,99.56736991913891,-60.610216105069895,0.6875
2,104.4234960320026,-53.978180017405414,0.625
2,106.10348093132096,-74.80723066039447,0.8125
2,100.40263792395506,-36.641155424721845,0.4375
2,86.49330120588453,-36.477751044985304,0.4375
2,107.0483474273602,-60.65148756993773,0.6875
2,97.75371065991195,-41.83944311371634,0.5
2,105.85327511567795,-67.585356321219,0.75
2,94.65369750646225,-41.95977063739314,0.5
2,108.09873890535215,-74.90534117522935,0.8125
2,97.3042517272492,-53.978180017405414,0.625
2,90.36248542579428,-27.318274415170414,0.3125
2,117.24193255878251,-67.76476856511383,0.75
2,98.17841011194356,-53.978180017405414,0.625
2,92.84738213001057,-36.819210203990586,0.4375
2,106.71014492505127,-67.66639181841428,0.75
2,110.35054315931119,-74.80605000567553,0.8125
2,109.09848468639542,-67.35469453382444,0.75
2,104.48850298836403,-36.49423632747299,0.4375
2,103.74346411225804,-60.56530902813056,0.6875
2,91.21284664023607,-42.17795967532644,0.5
2,103.34092317002397,-47.76766304664635,0.5625
2,90.01634987273867,-42.15107033854802,0.5
2,112.85374414358502,-67.74916881342904,0.75
2,87.06122715648104,-42.17427943075195,0.5
2,140.4814000464136,-83.4425274263999,0.875
2,81.66575616508929,-42.10862885084266,0.5
2,97.99816310206492,-47.82588048676436,0.5625
2,92.64010258456155,-41.88901869055819,0.5
2,100.70826267994013,-42.22142328484309,0.5
2,82.35669608927142,-31.669652547567296,0.375
2,89.8412994582191,-36.887844298588995,0.4375
2,88.68218589270495,-47.90170712078929,0.5625
2,94.98599610767263,-47.844088424845694,0.5625
2,91.6169421169448,-42.15212043679713,0.5
2,103.32942612337332,-36.79386661994754,0.4375
2,99.74741223879388,-47.75152810281652,0.5625
2,95.23119501810213,-42.02437259500712,0.5
2,94.53889660657244,-36.487137957589816,0.4375
2,104.9972567725008,-82.97961210980631,0.875
2,116.48863569230092,-67.46926730988136,0.75
2,87.48519884586021,-31.663568141132483,0.375
2,89.81127897938099,-42.08157254719526,0.5
2,121.53440470515831,-92.00886797418585,0.9375
2,98.39691682006269,-67.35739027193958,0.75
2,101.7204154572041,-41.928697578051064,0.5
2,103.09562729911195,-53.978180017405414,0.625
2,116.83153940726669,-67.6836245549106,0.75
2,101.09944247958825,-60.53943954506004,0.6875
2,91.76676950091135,-53.978180017405414,0.625
2,118.7979077879711,-67.75585266044679,0.75
2,105.10129976201286,-60.460967728336676,0.6875
2,90.44129185308879,-47.822147315393785,0.5625
2,84.93873007470724,-41.853200486451335,0.5
2,92.21616183816093,-60.46038878965573,0.6875
2,122.32337326749969,-67.56322866400048,0.75
2,94.45214789262157,-47.89125855330003,0.5625
2,94.45740311459718,-47.83436073952306,0.5625
2,96.9146418429269,-67.3699105559279,0.75
2,87.44593185116156,-42.10726488962415,0.5
2,93.79016372049982,-36.657615505838365,0.4375
2,99.92284599653632,-31.637275499712498,0.375
2,102.42473959991693,-53.978180017405414,0.625
2,97.78684915528021,-37.001815459195086,0.4375
2,104.06009510742385,-67.670990194263,0.75
2,108.54248543762044,-60.53178002806753,0.6875
2,103.66705773721728,-41.89540285479737,0.5
2,92.75592127842025,-47.88476714511986,0.5625
2,92.15884268166218,-53.978180017405414,0.625
2,115.9381630505273,-53.978180017405414,0.625
2,109.96442773891482,-67.41896601023967,0.75
2,104.3571975180112,-67.5246616209017,0.75
2,91.98310308412682,-36.51342247114432,0.4375
2,95.54257564392279,-53.978180017405414,0.625
2,128.12778709330664,-91.87075896348767,0.9375
2,96.02798763253078,-36.460084496086225,0.4375
2,87.17403196644806,-32.20156814774227,0.375
2,124.3484430424025,-83.32088750899602,0.875
2,84.80081450528623,-47.836796443434324,0.5625
2,120.44468652678071,-83.178663331874,0.875
2,86.21612832051939,-53.978180017405414,0.625
2,101.97332819843454,-53.978180017405414,0.625
2,122.95932390926312,-75.46011689638785,0.8125
2,124.63028391315494,-67.3682428029134,0.75
2,122.11008369445288,-92.2096808920497,0.9375
2,89.67147589102757,-36.8001514924918,0.4375
2,105.5019065060861,-67.35981457871195,0.75
2,101.27842734729448,-47.76886209818018,0.5625
2,89.75908574829646,-37.07804174248315,0.4375
2,109.24950408835959,-67.63481378062174,0.75
2,122.48469978601612,-83.74280450607027,0.875
2,86.49704541435194,-31.941352725284624,0.375
2,94.43507465854377,-42.10951127465994,0.5
2,100.57603559743798,-42.028660224121765,0.5
2,113.90192847854212,-67.83239787079434,0.75
2,119.79300485697291,-60.655395806804464,0.6875
2,109.48465403609188,-53.978180017405414,0.625
2,90.2284390926723,-53.978180017405414,0.625
2,118.02603617525136,-53.978180017405414,0.625
2,96.80347072844452,-42.047197023803655,0.5
2,85.69025001933788,-47.84238069918412,0.5625
2,117.1394453610742,-60.48097038196413,0.6875
2,82.27225878966071,-36.88500351004866,0.4375
2,102.73663502257617,-67.62990236768469,0.75
2,98.71967258510809,-47.77406189428749,0.5625
2,97.29271684814854,-42.00952378081746,0.5
2,86.14726015188789,-47.84222070442061,0.5625
2,94.37673290348594,-53.978180017405414,0.625
2,113.38787455785024,-53.978180017405414,0.625
2,120.83727963318536,-91.9725565441938,0.9375
2,111.37711517829389,-53.978180017405414,0.625
2,101.2341789580017,-53.978180017405414,0.625
2,98.55720106948431,-42.00355191172312,0.5
2,111.035805103713,-75.05146941151166,0.8125
2,109.44549815689382,-53.978180017405414,0.625
2,101.65390980477574,-67.50777953814695,0.75
2,103.20315645337266,-60.510560303998155,0.6875
2,116.99766065597947,-53.978180017405414,0.625
2,105.13843702971725,-60.53304812759329,0.6875
2,83.061624296911,-42.05373813852438,0.5
2,91.21691912791908,-31.75887667855326,0.375
2,83.46953817159002,-31.549728189553434,0.375
2,97.13346881265002,-47.90108311642618,0.5625
2,99.59316289489807,-42.05201883192101,0.5
2,95.9218542215831,-60.4993250196791,0.6875
2,100.61894930699683,-53.978180017405414,0.625
2,107.91815886167717,-67.46965869529075,0.75
2,91.39590463930635,-42.019067249603935,0.5
2,110.23174160216807,-60.63821134617842,0.6875
2,110.10661308349299,-60.550380624289176,0.6875
2,90.05913920070813,-60.48602536388113,0.6875
2,101.08232909993957,-60.478203330570466,0.6875
2,108.65875023170122,-75.10701338062388,0.8125
2,104.66712013275834,-53.978180017405414,0.625
2,126.9041579236336,-60.638561104983374,0.6875
2,93.15678066806558,-41.861209789999585,0.5
2,121.29547232270083,-74.93176416274615,0.8125
2,122.71996908571361,-84.05585306721636,0.875
2,91.62546379004355,-47.834839564545355,0.5625
2,97.55605189859807,-53.978180017405414,0.625
2,109.81242294697215,-41.86012515685887,0.5
2,98.13059560384174,-53.978180017405414,0.625
2,102.81179927230495,-47.831992067220945,0.5625
2,118.49805178426693,-67.77316538485216,0.75
2,124.30216609631061,-82.80882377620065,0.875
2,105.2472760273445,-60.47795982973964,0.6875
2,94.08033646882016,-37.07419892156292,0.4375
2,96.23487501518117,-36.49090795220015,0.4375
2,98.72731542698327,-47.78689481386478,0.5625
2,114.16639253750746,-67.68960784714605,0.75
2,97.38385849049348,-47.88531828473152,0.5625
2,96.44536828087728,-42.09320337112476,0.5
2,97.59982025072976,-67.64343962108381,0.75
2,103.6367722639641,-67.49442398965124,0.75
2,108.576673953185,-67.53590991405058,0.75
2,90.375884301904,-32.20972769250965,0.375
2,97.83254044089685,-47.84412974231315,0.5625
2,113.91263657754595,-74.87381621945332,0.8125
2,112.01906483332615,-53.978180017405414,0.625
2,98.39500213359604,-53.978180017405414,0.625
2,107.11591678694265,-83.29234056704264,0.875
2,93.41619843891013,-53.978180017405414,0.625
2,99.92676828311335,-36.85843783086852,0.4375
2,105.59837794341205,-53.978180017405414,0.625
2,100.01117338271241,-53.978180017405414,0.625
2,103.51561354361829,-53.978180017405414,0.625
2,93.28120621308102,-42.2035578716788,0.5
2,85.9516321996579,-42.1944495467029,0.5
2,111.65924607819635,-67.3957826147797,0.75
2,102.30639457639758,-75.08968032480153,0.8125
2,109.08803628867132,-47.81234019000718,0.5625
2,95.78401775287179,-41.84431347874089,0.5
2,99.67464017736218,-36.67224548585565,0.4375
2,102.86687255208015,-60.52398244559417,0.6875
2,97.64548680768847,-31.627860078199568,0.375
2,94.18612378123686,-60.46382486356251,0.6875
2,90.76584589057885,-36.51586172822927,0.4375
2,105.98616901647398,-53.978180017405414,0.625
2,101.46929122387482,-60.61103607392044,0.6875
2,105.34981071331482,-67.61288362857123,0.75
2,94.90129503897361,-53.978180017405414,0.625
2,101.63969026433735,-47.84595651187945,0.5625
2,98.18789701177482,-47.772286387810105,0.5625
2,95.22258888399443,-53.978180017405414,0.625
2,111.45963725372488,-67.4455385604289,0.75
2,91.86139681308481,-41.98002974672862,0.5
2,94.03256101180865,-42.15847303840299,0.5
2,104.60593743034674,-53.978180017405414,0.625
2,97.53382318788296,-36.762624379148,0.4375
2,102.71049410320197,-53.978180017405414,0.625
2,100.78299621094882,-67.54314175920283,0.75
2,91.18938237147776,-36.78403678885149,0.4375
2,97.36715579104936,-47.77562025927208,0.5625
2,97.01795146661568,-41.86167932899511,0.5
2,106.75847227180594,-47.79399183857282,0.5625
2,90.0832345804217,-47.82950527307382,0.5625
2,116.67067222582794,-75.33056603895528,0.8125
2,111.43430968377682,-42.08871350103389,0.5
2,119.62424452300849,-53.978180017405414,0.625
2,102.80683940560836,-60.51031698841011,0.6875
2,91.30206512750904,-31.703858829227407,0.375
2,81.54682227932274,-28.04672133655605,0.3125
2,100.80814982235582,-47.78134738102583,0.5625
2,95.10678080386008,-36.84686436264156,0.4375
2,82.80278600877948,-36.93061905760938,0.4375
2,98.34571332738956,-60.45627174967758,0.6875
2,113.36145670758103,-53.978180017405414,0.625
2,95.23897322504618,-53.978180017405414,0.625
2,118.06279743252348,-41.95177232333113,0.5
2,104.40393148268987,-53.978180017405414,0.625
2,97.45938131442004,-42.08445918869707,0.5
2,106.54514449729827,-74.82586817589922,0.8125
2,118.5239289679917,-83.36357809378204,0.875
2,87.34694277310918,-36.88531323510452,0.4375
2,101.48342936175116,-53.978180017405414,0.625
2,110.43430339352503,-67.82487647482374,0.75
2,92.53563666578978,-53.978180017405414,0.625
2,97.19961862748089,-53.978180017405414,0.625
2,105.13570198919618,-83.04844356961362,0.875
2,92.53627958942154,-60.494568438308384,0.6875
2,93.24548331291915,-28.45741313934614,0.3125
2,111.93523290923757,-60.478414165745775,0.6875
2,101.85766353419147,-60.49124871816227,0.6875
2,117.29358438603232,-47.78744381609961,0.5625
2,96.23946965112277,-53.978180017405414,0.625
2,105.31436958834807,-67.56263874948068,0.75
2,107.97768914715893,-75.07414142416967,0.8125
2,118.31049379132735,-47.81560640393455,0.5625
2,106.89855264144539,-47.80433734019286,0.5625
2,92.7599417542864,-60.59137491505945,0.6875
2,100.5657888118223,-42.24226973546682,0.5
2,113.73616823761743,-60.4737869811811,0.6875
2,106.91626683666553,-53.978180017405414,0.625
2,121.85155507426113,-67.61186223924963,0.75
2,100.59154883159212,-60.5534140057154,0.6875
2,95.56413698477073,-42.15556252085315,0.5
2,99.26877459569145,-60.4859759532385,0.6875
2,99.7229703881216,-42.23690354390662,0.5
2,101.4303558437162,-60.63284352188595,0.6875
2,88.6092672386711,-36.624346111477685,0.4375
2,113.6795547337469,-67.53726575264226,0.75
2,92.86224869571745,-36.512294817998665,0.4375
2,96.02568741077545,-47.75256132635727,0.5625
2,99.27158489634591,-60.52308746540252,0.6875
2,115.02309740916839,-82.86111517878246,0.875
2,115.03527173757632,-67.5113078044384,0.75
2,89.95268400737967,-42.18685964578653,0.5
2,98.70515124502319,-47.76123843689347,0.5625
2,117.25430624352866,-74.88017607197133,0.8125
2,104.47091968578333,-67.82651164832625,0.75
2,91.55713769057286,-36.628734910650195,0.4375
2,92.56295141801061,-60.634984691115086,0.6875
2,88.24794510234024,-42.074279911961455,0.5
2,105.20009712720031,-53.978180017405414,0.625
2,101.10945204774686,-42.00985873011025,0.5
2,90.97404403762812,-47.9000748780576,0.5625
2,101.72296962135215,-42.054920114082805,0.5
2,100.62965966311135,-53.978180017405414,0.625
2,101.3288022325691,-32.081272296113866,0.375
2,103.09278105536401,-42.099582008499354,0.5
2,112.25894460520149,-60.59341116827931,0.6875
2,90.57822944141962,-31.820162906177462,0.375
2,115.62037691511686,-67.82131128810623,0.75
2,98.26815849106643,-47.81205056230332,0.5625
2,101.84972113837271,-60.505040849755055,0.6875
2,85.5390503146068,-42.2019966370727,0.5
2,102.74647005688038,-47.835040604658,0.5625
2,88.7257985703656,-41.920415211423496,0.5
2,101.26897100425774,-41.981584617933386,0.5
2,92.48560786388703,-42.02337349962684,0.5
2,93.1498514526148,-37.061309170403824,0.4375
2,97.31212734834858,-60.53508463690779,0.6875
2,103.85891676500643,-67.5961006696575,0.75
2,101.11122175771206,-53.978180017405414,0.625
2,114.26399858960308,-67.62598830121094,0.75
2,123.50586632992686,-60.63210549993165,0.6875
2,113.69747802257615,-60.585285556991984,0.6875
2,114.76334621359956,-75.47107769716736,0.8125
2,122.33957978745008,-83.6475553058031,0.875
2,95.5248031658304,-53.978180017405414,0.625
2,109.16351841463519,-60.53998010929381,0.6875
2,122.25894174205753,-75.09922015022235,0.8125
2,95.55346306924338,-60.45773907911333,0.6875
2,108.9249883297824,-53.978180017405414,0.625
2,89.2691714601766,-42.11860557546386,0.5
2,114.91178227500114,-67.61292172041584,0.75
2,97.86974489233735,-53.978180017405414,0.625
2,138.95622529096832,-93.08813369756878,0.9375
2,118.09979866176322,-67.61024161629814,0.75
2,110.24530174448755,-53.978180017405414,0.625
2,92.01136444678515,-31.67988755849043,0.375
2,100.16192086963119,-41.91701181681214,0.5
2,98.10035579127455,-47.755970380054954,0.5625
2,115.41788020575873,-60.47675436863425,0.6875
2,120.38822898354424,-75.56925222295311,0.8125
2,98.02212697552518,-67.47364428390101,0.75
2,102.64087075389625,-47.774200436887554,0.5625
2,95.22888010930188,-47.81998683257314,0.5625
2,109.61376518776045,-60.46413127911386,0.6875
2,94.46011470618743,-53.978180017405414,0.625
2,90.40178245617369,-41.84489841305373,0.5
2,109.80450988977444,-60.623240941925296,0.6875
2,117.31308355382073,-53.978180017405414,0.625
2,103.67633275552865,-36.76729791491503,0.4375
2,120.74049976950378,-75.57017629400939,0.8125
2,111.21941326610461,-47.755159333342434,0.5625
2,96.42671197038032,-42.05699010316688,0.5
2,94.0547980456021,-42.07291209209558,0.5
2,100.7512906193091,-53.978180017405414,0.625
2,116.1750782818254,-67.54211930636667,0.75
2,102.77533003133203,-36.51903330350204,0.4375
2,116.63441382452288,-67.79048699802654,0.75
2,97.14433270222969,-36.601866832861205,0.4375
2,89.06276129231948,-36.49844260945824,0.4375
2,90.01224860148803,-60.47202996712969,0.6875
2,99.48271553533662,-60.62905862737016,0.6875
2,107.89895992673539,-60.49298188730834,0.6875
2,90.48238497670428,-53.978180017405414,0.625
2,92.27576276836827,-53.978180017405414,0.625
2,84.50148863926582,-32.16101672587342,0.375
2,107.83478175130267,-60.51391893213438,0.6875
2,103.54016289219805,-53.978180017405414,0.625
2,90.80183837312848,-42.062112605279246,0.5
2,103.3233557460145,-60.471807807613416,0.6875
2,74.90400090429078,-29.251807420997178,0.3125
2,123.8755920408104,-75.17141230485056,0.8125
2,98.48139852688405,-42.0401138405723,0.5
2,106.5520891265227,-60.57842335486425,0.6875
2,107.34116770228461,-47.832203285975574,0.5625
2,108.6757605355478,-60.59353292579308,0.6875
2,99.70630406393198,-53.978180017405414,0.625
2,104.97802337386084,-53.978180017405414,0.625
2,89.05750000325664,-41.8519150557398,0.5
2,110.0852476540096,-53.978180017405414,0.625
2,102.1391310098988,-47.77706237623291,0.5625
2,133.42273105486834,-92.33272619882719,0.9375
2,107.96506062233571,-60.661916909665834,0.6875
2,84.21126347193758,-42.26546766035189,0.5
2,85.18693782037808,-47.8288592695112,0.5625
2,97.8946762144292,-67.77932369254286,0.75
2,103.02133733716079,-41.964308699157854,0.5
2,92.90727742655292,-36.557868687645595,0.4375
2,114.75437663479265,-53.978180017405414,0.625
2,84.67572545644683,-42.258281736644506,0.5
2,105.77727480885959,-67.53802152994875,0.75
2,115.48478351299913,-67.58127273274853,0.75
2,101.25320359516398,-53.978180017405414,0.625
2,99.23884747093312,-47.88064147360212,0.5625
2,103.85706337840226,-47.76558042998589,0.5625
2,98.57571230309138,-67.46384020294822,0.75
2,92.42086007726692,-53.978180017405414,0.625
2,90.1978017035726,-53.978180017405414,0.625
2,124.43985943187836,-75.00129425693888,0.8125
2,93.95934572834422,-47.8434907509104,0.5625
2,102.27088997336406,-36.427678346324456,0.4375
2,79.92015280317909,-36.987118048025586,0.4375
2,108.3291701484476,-36.87083809510678,0.4375
2,101.88833577994782,-31.674008228671212,0.375
2,82.47355359159634,-42.12660873919513,0.5
2,105.07430693391673,-53.978180017405414,0.625
2,102.25018946982274,-60.5132968017002,0.6875
2,119.5456127874543,-84.00297960738185,0.875
2,78.07052105161178,-32.241090018432416,0.375
2,112.48900581480612,-67.72119337494784,0.75
2,96.69928714126377,-53.978180017405414,0.625
2,92.58404186784807,-53.978180017405414,0.625
2,88.72141627215713,-36.95949436603665,0.4375
2,108.89499494899123,-60.5206890403479,0.6875
2,96.93476312168177,-60.48475831525455,0.6875
2,105.27541624890624,-41.89101176866717,0.5
2,104.61427210467602,-67.51367226905913,0.75
2,97.60840481749052,-53.978180017405414,0.625
2,93.61171477980109,-37.04084551617734,0.4375
2,119.2449232303962,-67.48376857054981,0.75
2,87.8046152891607,-36.86372456541436,0.4375
2,114.91826691563811,-92.83006848012657,0.9375
2,123.80515487602047,-67.51503265419963,0.75
2,93.97614479849535,-31.874838509952728,0.375
2,116.40815916149418,-60.47500089062432,0.6875
2,97.46519535720444,-60.5352279371238,0.6875
2,91.99428046737998,-36.42636917669728,0.4375
2,95.15131865459537,-41.908516003518706,0.5
2,104.29598575509462,-60.50982488967025,0.6875
2,97.47165666318858,-67.66511907247603,0.75
2,111.72310017825052,-42.0887251946816,0.5
2,116.94324020073108,-83.74498702465317,0.875
2,95.31488565177723,-32.02615813922734,0.375
2,112.49554526790757,-82.83519404806532,0.875
2,115.51910735482565,-60.557899373710335,0.6875
2,84.23741387558209,-27.45769794240327,0.3125
2,89.96326271841961,-31.55833319843666,0.375
2,80.27912699441208,-36.49717695450577,0.4375
2,111.25323393689459,-67.4468301855812,0.75
2,119.84583321950772,-74.8824274017489,0.8125
2,101.21598824590362,-60.51132300994645,0.6875
2,122.3942702827475,-82.84304676073309,0.875
2,107.62173166243485,-53.978180017405414,0.625
2,114.34220060559652,-53.978180017405414,0.625
2,97.26976440442925,-42.01252246506253,0.5
2,113.60707348603634,-53.978180017405414,0.625
2,112.67860618622348,-67.50209582179306,0.75
2,96.89390475163582,-42.10170053054751,0.5
2,106.69035046466003,-67.76093277416037,0.75
2,98.28728240584394,-36.77857986402407,0.4375
2,109.24737312198252,-75.34561183279564,0.8125
2,110.38469590485789,-53.978180017405414,0.625
2,103.71158470975381,-53.978180017405414,0.625
2,104.30080642787689,-47.79697071859185,0.5625
2,107.90031975413845,-60.50635748005876,0.6875
2,109.71913754479199,-67.38831759133116,0.75
2,75.95133338626495,-32.08464279690565,0.375
2,101.84035262170916,-60.482558147983084,0.6875
2,82.48209281161556,-27.37227095589755,0.3125
2,100.49648780843997,-47.90448317928949,0.5625
2,106.5939593494504,-53.978180017405414,0.625
2,101.51006018777808,-41.92423216297448,0.5
2,92.64928318091131,-42.135347815101575,0.5
2,107.0376240810689,-60.46277036142431,0.6875
2,109.77044542068226,-83.30821569220056,0.875
2,90.60702146990522,-36.428064919580315,0.4375
2,94.40843365503177,-41.98647494106676,0.5
2,105.57823552903307,-60.4923696727856,0.6875
2,99.25422943229987,-53.978180017405414,0.625
2,93.45073580833024,-41.9017999809704,0.5
2,95.4237315765307,-60.50768294862973,0.6875
2,100.04430420284471,-53.978180017405414,0.625
2,119.90809390065142,-53.978180017405414,0.625
2,96.78249843726435,-36.48507724125153,0.4375
2,104.76358340699936,-53.978180017405414,0.625
2,102.25951949468867,-47.89214192132212,0.5625
2,91.075474802093,-37.1278515664146,0.4375
2,109.94005394557193,-60.483135263332535,0.6875
2,102.40842622973727,-53.978180017405414,0.625
2,129.3544129308577,-83.26861041816194,0.875
2,98.66257372513918,-41.84016792943581,0.5
2,94.2187648017784,-32.262269781799105,0.375
2,117.70912230844648,-67.71327813204927,0.75
2,112.62690990499968,-60.464741677089755,0.6875
2,96.2759645641712,-60.59065807849879,0.6875
2,106.2339090607166,-53.978180017405414,0.625
2,106.75757275592801,-67.77110070587905,0.75
2,92.02637971139282,-53.978180017405414,0.625
2,132.0092171394136,-84.12311763236059,0.875
2,96.61350710724528,-42.19508319714938,0.5
2,111.48096077629724,-53.978180017405414,0.625
2,84.25416071618798,-37.10026216256355,0.4375
2,106.4242448515619,-67.70095094251609,0.75
2,114.14621508071822,-67.72617421132138,0.75
2,115.92453487495958,-67.70996750155705,0.75
2,94.63144955916167,-36.9744556344842,0.4375
2,76.16330292996246,-32.14202071790807,0.375
2,89.00172656611475,-36.5051388913436,0.4375
2,106.55661665762028,-60.538834696050785,0.6875
2,120.8319685667981,-75.45671466121216,0.8125
2,121.20931375049354,-83.08735232009765,0.875
2,99.36214174693033,-67.485904566153,0.75
2,122.00888386982488,-83.38673651985944,0.875
2,117.64423987530976,-83.28311545364612,0.875
2,96.38919110715737,-36.507962892171065,0.4375
2,96.89616953179943,-41.86722833476658,0.5
2,95.1106651557524,-60.58650116496682,0.6875
2,102.13261567398413,-60.65908550571988,0.6875
2,112.72440673454658,-53.978180017405414,0.625
2,103.126379447571,-53.978180017405414,0.625
2,72.14787118901766,-32.344262459953256,0.375
2,108.7946241796337,-53.978180017405414,0.625
2,131.6740689695728,-84.04577848335468,0.875
2,96.79512188440148,-41.90720739272696,0.5
2,107.16655769303716,-75.1103891815626,0.8125
2,112.54073589404283,-74.93955061565362,0.8125
2,90.02378201200723,-42.006571228354176,0.5
2,118.71672705586518,-60.65761911411187,0.6875
2,104.53670156936687,-67.73636495394169,0.75
2,102.65965052204827,-74.9227992702738,0.8125
2,91.33991812884578,-41.947862352085046,0.5
2,111.71458416309324,-53.978180017405414,0.625
2,102.4862743537158,-53.978180017405414,0.625
2,112.9869903618446,-60.59877963565407,0.6875
2,79.01553574253157,-36.75203963973179,0.4375
2,110.29830375632285,-36.46916566915426,0.4375
2,88.96244404070607,-47.879061301621334,0.5625
2,107.84917612438542,-47.868473043658256,0.5625
2,95.64428012237993,-31.58303602805606,0.375
2,112.7551341582468,-75.04729640810505,0.8125
2,119.28805197770593,-53.978180017405414,0.625
2,95.8014833818303,-60.58166201164382,0.6875
2,109.02345068317094,-60.501633198598476,0.6875
2,113.45163563255456,-53.978180017405414,0.625
2,100.85170286785143,-47.78936226030727,0.5625
2,78.6819795909962,-31.727536988179985,0.375
2,95.91343587284321,-36.795353132385,0.4375
2,96.9976060081841,-47.804843505075326,0.5625
2,105.76187543052849,-67.6867031379452,0.75
2,95.66367745713634,-47.83714019779093,0.5625
2,97.25820651348856,-60.45591912050734,0.6875
2,101.20991351001277,-67.46234777547363,0.75
2,92.5759601567795,-60.523601292024196,0.6875
2,114.05208824163849,-47.75205839680718,0.5625
2,99.68262314674092,-53.978180017405414,0.625
2,109.58988853396325,-60.652981909083685,0.6875
2,100.78713951207989,-36.43276687334973,0.4375
2,116.405205873164,-67.64689294699991,0.75
2,104.45024832298711,-67.4106593383817,0.75
2,115.55795604715617,-60.58440077109827,0.6875
2,106.23093430791477,-47.75232693159829,0.5625
2,98.48951771235805,-42.07437412423949,0.5
2,103.82737203964932,-47.77019677916645,0.5625
2,89.64714765589073,-41.893520382731246,0.5
2,95.06009678195163,-41.931578748853006,0.5
2,99.48909659245645,-60.5529246996007,0.6875
2,88.8675986744289,-42.112207510248076,0.5
2,110.83124251269587,-60.5142172726399,0.6875
2,101.33003410728116,-53.978180017405414,0.625
2,107.85150518787563,-53.978180017405414,0.625
2,91.40151734523933,-36.99399141097138,0.4375
2,93.40779076534496,-53.978180017405414,0.625
2,94.02155930462128,-47.904908679479725,0.5625
2,104.51596116561099,-53.978180017405414,0.625
2,114.74105418287401,-53.978180017405414,0.625
2,101.47061063728616,-41.8707326653239,0.5
2,94.34213435803917,-53.978180017405414,0.625
2,94.14395226836065,-53.978180017405414,0.625
2,94.46638090008568,-31.92789224653092,0.375
2,110.65006378808577,-67.5059198162877,0.75
2,90.18626422867216,-41.9924293633051,0.5
2,120.00395526930106,-60.54819063667601,0.6875
2,103.0698984848031,-75.0010909748903,0.8125
2,76.82498408496659,-28.47930350571667,0.3125
2,94.69786485930598,-36.52727093457257,0.4375
2,100.78116864494613,-36.59504552998081,0.4375
2,91.01217503988637,-37.10104655948353,0.4375
2,100.33469444674532,-53.978180017405414,0.625
2,100.46641517945369,-36.64781296858205,0.4375
2,108.36259498113054,-53.978180017405414,0.625
2,102.85560552011658,-60.65580644201824,0.6875
2,116.39577089712458,-67.6037109141444,0.75
2,99.02560410976537,-42.11361525782901,0.5
2,112.86255515133499,-60.55371190540179,0.6875
2,85.43062556261104,-27.34353118565329,0.3125
2,99.80279156533162,-42.07855887126189,0.5
2,109.63290981572875,-67.74594569972409,0.75
2,96.37889594418776,-53.978180017405414,0.625
2,88.21483442398062,-36.47947566668197,0.4375
2,91.9137862960185,-41.94456105050154,0.5
2,100.31242525614041,-42.255947613905846,0.5
2,100.42216899393527,-60.53235724592113,0.6875
2,94.41446453532463,-42.170909795514945,0.5
2,100.51701649537395,-53.978180017405414,0.625
2,109.46790430087994,-53.978180017405414,0.625
2,99.56071236631806,-41.96476268189455,0.5
2,84.42905658427374,-31.583904742257516,0.375
2,93.63438369271114,-42.26474704646659,0.5
2,89.69248143921195,-41.847418399744036,0.5
2,106.39604099470444,-75.45451964100016,0.8125
2,104.18107682108698,-53.978180017405414,0.625
2,111.85272574082173,-67.475584206678,0.75
2,108.32724507432343,-53.978180017405414,0.625
2,86.66885757996722,-36.87266041567355,0.4375
2,94.21381305704332,-41.94890063905411,0.5
2,107.87089437583737,-41.98775681841225,0.5
2,94.35806667481191,-36.57582606322322,0.4375
2,105.42141431602042,-60.56396074423485,0.6875
2,92.59187078976404,-36.608872551456464,0.4375
2,85.68381587370142,-36.78736301912822,0.4375
2,106.92033375525558,-67.47798371874141,0.75
2,86.32829241334758,-42.08899247580348,0.5
2,111.89019953709236,-53.978180017405414,0.625
2,98.1170197935952,-31.566373995820395,0.375
2,121.10798469133867,-75.3053330780578,0.8125
2,109.46747492478531,-60.5159321483872,0.6875
2,89.12166091740484,-36.875731088525384,0.4375
2,100.87218987932651,-41.85061058310614,0.5
2,110.10052864731715,-67.55060377538936,0.75
2,113.19472024502217,-75.14944540566688,0.8125
2,97.0449113792575,-60.480776663862045,0.6875
2,108.28487206647928,-74.98745464894428,0.8125
2,114.3311721373669,-83.43024807991854,0.875
2,106.25694259555156,-36.81811758990582,0.4375
2,90.68023879642787,-36.854306176839756,0.4375
2,99.06618800483797,-67.4088735924264,0.75
2,104.7895327983952,-74.85136531889255,0.8125
2,93.24088320230305,-42.210367476938735,0.5
2,97.99482382058461,-47.870058946515606,0.5625
2,93.16248826327552,-42.12897778295406,0.5
2,118.47533325436095,-47.80305013734048,0.5625
2,113.49715161794893,-47.78493257871212,0.5625
2,101.73101841944343,-53.978180017405414,0.625
2,136.48362819357098,-83.77563691603336,0.875
2,98.56907178086463,-36.58010302251423,0.4375
2,121.12108360801395,-67.60216854009515,0.75
2,95.91378016657163,-42.031587407427594,0.5
2,120.991257785695,-67.85472465048537,0.75
2,85.24285706902474,-37.044023529593126,0.4375
2,104.1703582478848,-53.978180017405414,0.625
2,97.7735116899907,-47.7786150775974,0.5625
2,96.89689966554715,-47.77583667495881,0.5625
2,99.94878372489134,-41.9373301575039,0.5
2,121.53775305974028,-60.656255891421395,0.6875
2,89.37970598117558,-36.74562438383565,0.4375
2,101.26437243640171,-67.44648565832772,0.75
2,120.7777905389175,-67.36938143816175,0.75
2,93.89633379820283,-31.748123452605682,0.375
2,103.32738229751828,-67.74548124581116,0.75
2,109.1023424135459,-41.86503493565394,0.5
2,103.44178712146316,-67.39498550375245,0.75
2,112.54688523437592,-53.978180017405414,0.625
2,101.20514846347804,-42.23461061863884,0.5
2,106.70520451949616,-60.63331924667853,0.6875
3,100.52896179348767,-61.107513911876815,0.6875
3,88.1553810608228,-26.520371518043135,0.3125
3,88.88316079996515,-36.78687650131341,0.4375
3,122.17618589832995,-67.74832783212081,0.75
3,122.7069357471296,-74.83758326061856,0.8125
3,115.91127895716953,-74.68314604237759,0.8125
3,105.68737702508786,-69.38523444642783,0.75
3,89.6858196109169,-32.631654862819396,0.375
3,97.7182771269999,-36.42404202520328,0.4375
3,129.10415514923704,-83.30241041864986,0.875
3,81.4063350822569,-26.03087156313761,0.3125
3,88.45613871977237,-25.78728647178859,0.3125
3,105.38237410314433,-54.48878489886946,0.625
3,89.05536915046027,-36.4547108897785,0.4375
3,115.80765893423816,-54.22132797710459,0.625
3,83.74567668074202,-26.355228485452706,0.3125
3,92.24027918909027,-30.798039101466752,0.375
3,141.67784608662322,-100.81108707468987,1.0
3,122.35831572472,-69.35605506298737,0.75
3,99.89450144511602,-60.633986159585895,0.6875
3,112.0838044239522,-67.90819179282333,0.75
3,96.7094569875586,-41.893886544244694,0.5
3,91.00453219146462,-25.58542622819228,0.3125
3,99.52509568783793,-56.40964855762994,0.625
3,84.68698268958568,-26.12325917867036,0.3125
3,99.5972554914079,-55.421467575734084,0.625
3,97.6532893834722,-78.13149457313062,0.8125
3,127.38208884483468,-69.65882271477733,0.75
3,115.80300976427114,-68.90632078278766,0.75
3,122.09604136476896,-90.4334175524883,0.9375
3,98.8360958534714,-36.014337375981036,0.4375
3,81.24019572418236,-26.21971807461572,0.3125
3,92.15888003999342,-26.140362067457655,0.3125
3,123.88377532196932,-82.70064456769914,0.875
3,107.98671490632874,-68.98677922360721,0.75
3,95.09458485347967,-42.252804248345406,0.5
3,116.02775291587419,-74.64968403525646,0.8125
3,120.72765604485576,-74.87410813840576,0.8125
3,115.45998128251634,-75.03828360390683,0.8125
3,130.30784634541948,-99.65674081230485,1.0
3,96.62765563451802,-55.3198535454854,0.625
3,105.47973513254246,-55.69669324129025,0.625
3,95.68502093265144,-41.89616493468031,0.5
3,116.9055916748763,-82.13276038222331,0.875
3,78.90168934164865,-31.31574776559789,0.375
3,105.9972072314738,-48.02151588415444,0.5625
3,139.25162504160295,-91.80377588462582,0.9375
3,99.69823568174664,-48.19945800051684,0.5625
3,100.46671142020355,-54.65932598172547,0.625
3,78.3842748678238,-26.51843592241494,0.3125
3,112.50142479658798,-68.01009508583202,0.75
3,97.84164967598699,-48.31760388838134,0.5625
3,80.81508940272171,-25.622223310130742,0.3125
3,115.71979012189419,-68.33453318536242,0.75
3,104.56874066286855,-42.107411486906926,0.5
3,108.38365854069232,-68.60200298871445,0.75
3,101.29478224631798,-54.645284706166855,0.625
3,116.4556481067645,-55.10260764988298,0.625
3,111.29763534259163,-67.58490345116128,0.75
3,121.79030014725055,-82.66759347291462,0.875
3,88.95622815960022,-26.262528447648794,0.3125
3,87.09706733367554,-31.14627278261627,0.375
3,116.17876105056753,-67.7183017780561,0.75
3,101.27282937917272,-43.97759328333075,0.5
3,101.62610796461009,-60.75836732767982,0.6875
3,95.26583290609807,-50.00377310263054,0.5625
3,123.38793889516482,-91.37112723106871,0.9375
3,131.59927326683572,-74.6288290857256,0.8125
3,102.21309292840253,-60.596859118912995,0.6875
3,100.02884938872923,-50.98899290014063,0.5625
3,101.08831681405361,-68.5780481472242,0.75
3,94.0502076876419,-60.599289051026915,0.6875
3,112.37058388233795,-75.06648511582445,0.8125
3,90.56622686237054,-26.956708010690466,0.3125
3,97.63169589950422,-47.985102778555735,0.5625
3,103.99233351112176,-54.25817348535521,0.625
3,110.56370666724278,-60.62572707955867,0.6875
3,115.3395056869222,-67.54911094346521,0.75
3,107.69857602198107,-68.75144143659563,0.75
3,133.59913582244602,-68.43393122744139,0.75
3,104.66384677517556,-36.86625916478667,0.4375
3,99.68150640337295,-60.649639121260094,0.6875
3,92.38423923317836,-41.98336869920619,0.5
3,84.10398616995684,-43.66203545406883,0.5
3,94.0126819104246,-36.33808978379016,0.4375
3,101.08608172872044,-36.57036547957362,0.4375
3,126.95299267896341,-91.23984851212448,0.9375
3,111.35366392717793,-55.18789466999222,0.625
3,96.28495871537284,-67.57324235835527,0.75
3,99.97364022774902,-61.37610888158082,0.6875
3,116.89746301291063,-67.84296320081874,0.75
3,89.29891815968695,-36.514128861994124,0.4375
3,96.23259720949918,-67.43728308635703,0.75
3,112.26371526861523,-92.73336944794946,0.9375
3,82.98981546519644,-31.79492867705176,0.375
3,105.34094170428902,-42.013898525345006,0.5
3,109.77993363319203,-67.46721041476428,0.75
3,105.02805036292213,-74.99575186768865,0.8125
3,133.24283029293682,-83.69280661779294,0.875
3,102.43087330639584,-41.760679768022705,0.5
3,98.33448054962473,-42.234139892182476,0.5
3,104.366437048568,-75.09508395036259,0.8125
3,76.92150432985024,-20.937114035160466,0.25
3,94.2756191179675,-26.651562294909766,0.3125
3,92.80298921009496,-37.4123434553743,0.4375
3,93.15048763879068,-50.45583918275173,0.5625
3,109.2718218512654,-82.44638292666872,0.875
3,97.71202214495682,-36.70886077330431,0.4375
3,94.5668963084704,-26.276364482872523,0.3125
3,93.4503529760785,-26.128918719391823,0.3125
3,101.98428881540758,-49.282301731499885,0.5625
3,104.56911179743584,-47.91640380888524,0.5625
3,119.4631541048156,-90.83399168720878,0.9375
3,112.20299468489915,-75.3337986478365,0.8125
3,105.74645975777797,-54.652794094689945,0.625
3,93.14400914256315,-37.44424156925883,0.4375
3,90.67670569372149,-47.91333639796116,0.5625
3,111.08193778540183,-67.5750591424483,0.75
3,106.40487542150801,-41.96509437088386,0.5
3,113.3428155360753,-83.31211665663409,0.875
3,86.57318663182558,-26.13331370692561,0.3125
3,102.0694294858802,-43.65407885422697,0.5
3,100.5353856599307,-42.84003694453131,0.5
3,100.69259722366436,-55.93786753363191,0.625
3,83.52989982302202,-36.45986675986686,0.4375
3,96.34192573820583,-47.83694318658638,0.5625
3,73.1387943606759,-27.245766572046488,0.3125
3,90.5653220598821,-25.268141967234286,0.3125
3,116.51347158814463,-82.41032402413272,0.875
3,129.46348091206625,-83.05020680922273,0.875
3,118.13439352888113,-75.38590214874677,0.8125
3,104.78065407494215,-54.27674920410254,0.625
3,105.43196392837535,-82.28734716524198,0.875
3,92.36738845655255,-42.598326771953474,0.5
3,106.6680626796228,-67.53674301689205,0.75
3,103.38990920712618,-42.038201430370705,0.5
3,93.55320466880274,-36.41459875327813,0.4375
3,104.07894442898929,-64.21024875161477,0.6875
3,110.2443031184539,-68.39979901293887,0.75
3,108.44638638369514,-68.02212309666403,0.75
3,111.74482611129821,-60.713408177801085,0.6875
3,99.37084603818595,-42.030665864756685,0.5
3,110.32904807658588,-60.63136944741725,0.6875
3,103.72474296030192,-74.62520509610731,0.8125
3,113.3595876069192,-75.08737604868885,0.8125
3,87.16421033439457,-25.52655461145897,0.3125
3,98.9722902092102,-60.74300005139813,0.6875
3,99.80321135365064,-43.63274560942307,0.5
3,83.65353161337379,-21.155456207140773,0.25
3,101.98030601257663,-43.68613279226797,0.5
3,98.96618248419384,-41.87267142793126,0.5
3,110.5564637013944,-75.48243566121107,0.8125
3,100.74719696757994,-49.218874446691714,0.5625
3,107.12145809557265,-32.46617870168433,0.375
3,115.98968775303436,-74.53768085961134,0.8125
3,104.37517392969569,-61.74030668283204,0.6875
3,111.93697016305524,-68.81265363757359,0.75
3,81.85474127651347,-30.825160970801008,0.375
3,125.99291065820557,-67.79239565355486,0.75
3,100.87366348946037,-77.13095954668934,0.8125
3,103.71447976675469,-75.02269350493454,0.8125
3,93.89242951883526,-61.81676503707186,0.6875
3,104.34981307207562,-61.15621827874553,0.6875
3,101.29571910487871,-47.83295065779745,0.5625
3,112.90390705081754,-60.65398796051489,0.6875
3,114.15306129799436,-75.01976914472253,0.8125
3,82.08186328187679,-37.950800809136005,0.4375
3,88.46281513478111,-36.83934023775465,0.4375
3,99.32259644625474,-54.34703419983623,0.625
3,107.46843804691355,-42.630438343790566,0.5
3,114.41863041522424,-75.07086831462973,0.8125
3,111.62753561135455,-61.81389951336212,0.6875
3,89.49577852979297,-36.324510625171555,0.4375
3,96.45469830649537,-42.24150938350247,0.5
3,106.13484294686215,-47.91500789567054,0.5625
3,112.85722932995037,-67.90603937953571,0.75
3,87.82302749713175,-26.092691433839647,0.3125
3,106.02447655137277,-48.34005510274338,0.5625
3,99.89853453733414,-67.56753129700567,0.75
3,114.1309257798266,-55.21380184224304,0.625
3,130.4962883540696,-82.25477073456827,0.875
3,125.84162245482298,-75.05719858587429,0.8125
3,98.92809570853855,-67.6396950128157,0.75
3,90.05205804762298,-31.108749434874863,0.375
3,124.13621475790701,-82.45600779656887,0.875
3,90.37400677635985,-36.55670145033163,0.4375
3,97.31490014895422,-60.753308535859695,0.6875
3,85.30025585786838,-41.931789829563854,0.5
3,112.18790685886668,-61.69535183581312,0.6875
3,109.2091913217907,-82.67751995589663,0.875
3,114.84187414955329,-61.29500547032315,0.6875
3,117.09703773834804,-67.57783179179043,0.75
3,87.82549940392448,-25.469151542689684,0.3125
3,109.636505957038,-67.49746342816103,0.75
3,101.58259895578436,-48.16335751128047,0.5625
3,116.04132869535731,-67.53902908325338,0.75
3,96.59294010228301,-67.50226869074663,0.75
3,113.09958699070386,-60.60951114806021,0.6875
3,97.04834158247681,-62.185338968843425,0.6875
3,100.31306639102415,-42.63889267430585,0.5
3,92.08914169098911,-54.11114697957519,0.625
3,98.50504900698223,-42.214830267150724,0.5
3,103.63142467727451,-55.84326327006944,0.625
3,110.3871329540676,-74.90882544957302,0.8125
3,118.5047395922503,-82.65469363699744,0.875
3,84.64351409664343,-27.345335818912627,0.3125
3,93.9358978820625,-54.35507826587864,0.625
3,115.9181357265869,-83.50712444166335,0.875
3,117.62090031034474,-60.80047429422043,0.6875
3,138.00087353399277,-102.01102178169495,1.0
3,98.00168873612189,-42.89653475800789,0.5
3,105.34133369204169,-60.68154505083287,0.6875
3,107.26782286109223,-41.919295355589504,0.5
3,100.18027449591929,-61.963910981131825,0.6875
3,85.66828936154974,-22.19839746485258,0.25
3,95.44532569745185,-36.526024234320204,0.4375
3,99.19639652560139,-47.892692440291775,0.5625
3,115.19842976648627,-60.754823940134024,0.6875
3,105.93568179529314,-71.8184116027589,0.75
3,106.51651587976639,-54.11114697957519,0.625
3,92.28920403162257,-37.49403150875881,0.4375
3,77.57330492489243,-32.12652707393429,0.375
3,98.29708394258164,-61.216665477375216,0.6875
3,112.39497307201623,-83.1241243033994,0.875
3,102.51596710174964,-36.22163305744624,0.4375
3,103.54145431650257,-67.72797649517035,0.75
3,121.73331308443404,-67.67219399804272,0.75
3,87.20862566467997,-37.20693058166544,0.4375
3,116.73350381540189,-49.43359008371572,0.5625
3,92.29526694685897,-42.05104800945929,0.5
3,123.88779227156394,-84.74789904971338,0.875
3,116.11718480070874,-47.92834756748704,0.5625
3,89.88292242745635,-43.730905550929705,0.5
3,101.30185766082032,-36.571215380319025,0.4375
3,122.0064312096873,-82.09904878069395,0.875
3,82.31426711319858,-41.91530239612622,0.5
3,95.99874157079016,-54.11114697957519,0.625
3,88.58332398793856,-55.20152323791327,0.625
3,103.45634045308691,-54.11114697957519,0.625
3,98.58041100172717,-50.623129223939124,0.5625
3,116.95607977020315,-91.70484321427752,0.9375
3,148.36394625044,-91.31099911508201,0.9375
3,108.25509056953362,-54.11114697957519,0.625
3,98.5246423698481,-42.126987240316474,0.5
3,119.17925262230176,-68.41200969921718,0.75
3,92.58199337566461,-42.033473940974794,0.5
3,107.92180652739339,-75.13518104186053,0.8125
3,99.8599072595634,-61.201054000674105,0.6875
3,111.86821338660408,-82.47338804367587,0.875
3,122.18731870045471,-82.86168150093845,0.875
3,102.08403210617804,-61.20516003020041,0.6875
3,97.0870302178614,-60.59941953788604,0.6875
3,85.12072075750963,-36.08310144462997,0.4375
3,77.62882667463083,-26.114384700402358,0.3125
3,91.42446243021655,-60.63287200137949,0.6875
3,91.28306479018077,-42.25251706766053,0.5
3,103.45300798468253,-36.67558842717679,0.4375
3,137.2603087213773,-92.01217442242975,0.9375
3,95.78157647476824,-42.06600049624536,0.5
3,103.42136986082326,-48.17568319588427,0.5625
3,88.79555659099432,-63.00515004942206,0.6875
3,90.7633585829215,-30.617649827769494,0.375
3,105.09041146468977,-54.21094563527609,0.625
3,80.98831559768274,-33.26079035052405,0.375
3,116.03615355862307,-83.10270689634235,0.875
3,104.56911373718738,-55.004671539200245,0.625
3,98.14209219739377,-54.11114697957519,0.625
3,104.0334426327516,-36.47179558812085,0.4375
3,100.71279440905695,-47.97315475591227,0.5625
3,91.55753116111624,-26.45910607075259,0.3125
3,106.29421742161891,-69.26585895515535,0.75
3,86.51830252786762,-31.277147741275034,0.375
3,90.50659115791242,-54.22148739194214,0.625
3,122.20685591321086,-75.10953213016367,0.8125
3,108.95684341117857,-74.71889698801634,0.8125
3,89.35287047739907,-21.206345018748575,0.25
3,82.9641365528089,-42.23067186437871,0.5
3,90.29588819861704,-26.123557596716868,0.3125
3,115.42666318059057,-82.58652693879672,0.875
3,116.40364623747467,-74.58697173569409,0.8125
3,110.04857047054182,-54.29496682890237,0.625
3,90.06020125731845,-48.22555025640349,0.5625
3,99.39164626202029,-47.84823858444531,0.5625
3,109.61064672316031,-70.50439404396433,0.75
3,97.71312165973625,-43.82712733948402,0.5
3,103.01113873011283,-44.1843153613539,0.5
3,107.94154202337141,-61.30340297031195,0.6875
3,95.96333107703373,-60.74520313035565,0.6875
3,111.00187079595484,-67.5186340008731,0.75
3,93.61169143741692,-54.11114697957519,0.625
3,86.9372800079597,-36.31721508068096,0.4375
3,123.18030531541406,-62.58751840232335,0.6875
3,129.8596022120134,-92.09017246487807,0.9375
3,96.9351751024213,-42.0898680188516,0.5
3,87.23098372374108,-48.49855038883588,0.5625
3,80.32444663129866,-21.356875512314442,0.25
3,111.04566030973453,-74.91284065851808,0.8125
3,116.18623227473539,-68.61109417549402,0.75
3,111.89109861098363,-54.11114697957519,0.625
3,82.39612882422375,-31.033032990245086,0.375
3,111.60345581146902,-92.91337754695968,0.9375
3,93.34692451613887,-30.88544055435969,0.375
3,121.88866821350031,-91.2760397028397,0.9375
3,131.27759401047803,-90.99912844375908,0.9375
3,123.50678798908432,-102.81792177331758,1.0
3,108.00143417760904,-60.97382294384172,0.6875
3,111.53720363970638,-60.65532446052971,0.6875
3,111.89997090355777,-82.4290119983732,0.875
3,96.83043259077246,-48.20179778506523,0.5625
3,111.71808444450826,-75.29998389649091,0.8125
3,103.56561381684719,-74.58268187486203,0.8125
3,106.04078656691223,-60.670467743732445,0.6875
3,110.07497759027424,-60.98729089183585,0.6875
3,119.10525312257354,-82.36047188706235,0.875
3,92.2003313135703,-36.4199120265593,0.4375
3,105.60845425329839,-48.22493236947702,0.5625
3,91.70841706902787,-42.135122079257165,0.5
3,129.70258521321728,-82.43892458630349,0.875
3,101.5585623111561,-74.97184542175984,0.8125
3,148.75083726619823,-100.89309716628134,1.0
3,114.59265847519737,-75.1126797559352,0.8125
3,89.26768804104559,-31.175404356835667,0.375
3,90.22806891947384,-49.095965398289586,0.5625
3,102.87162294566679,-48.024082290402184,0.5625
3,111.71571651397274,-90.63308497487097,0.9375
3,95.28191434341993,-42.33748020796249,0.5
3,93.50735942753646,-68.88339804639105,0.75
3,112.48490289671318,-48.18641509050794,0.5625
3,108.86338183747861,-60.69561453990353,0.6875
3,110.91515580692723,-75.11417513510042,0.8125
3,117.81217411865536,-67.67097736445845,0.75
3,124.1184395820216,-83.13699447158139,0.875
3,82.39116811873201,-25.88747153524611,0.3125
3,106.611809183958,-54.11114697957519,0.625
3,103.58611242695727,-37.60688069129012,0.4375
3,134.48922877964102,-91.4086564078124,0.9375
3,107.06291382124348,-60.854544984047635,0.6875
3,111.87855665203898,-75.03988436367591,0.8125
3,87.44350099188644,-48.37896500209585,0.5625
3,118.87069813183567,-90.61428894193877,0.9375
3,107.12503490546756,-60.7297522679705,0.6875
3,89.12040187575705,-48.32127041476386,0.5625
3,96.04711355932474,-42.616211080419625,0.5
3,102.70629304507813,-42.115088172442945,0.5
3,113.64634000439248,-91.48101472417302,0.9375
3,98.66917708200269,-54.79935299128876,0.625
3,113.60398279638369,-49.58193048185158,0.5625
3,95.56827748109689,-31.74382815653578,0.375
3,142.39828979065868,-102.9299323054281,1.0
3,112.8656389303526,-83.78137169769123,0.875
3,132.27843745923485,-90.98818099410548,0.9375
3,100.32023333763291,-36.187192915520164,0.4375
3,123.16977717065821,-75.01471274976927,0.8125
3,129.7194751434425,-91.95837085845876,0.9375
3,93.13549319783672,-25.618204196316842,0.3125
3,113.16304566802027,-62.99584605862312,0.6875
3,95.83050536599129,-36.38592102740605,0.4375
3,101.646494031828,-67.56683753836093,0.75
3,104.29355887995317,-43.717692250427184,0.5
3,104.44279366819707,-62.53283492495349,0.6875
3,87.84695090882636,-17.866194034944773,0.1875
3,105.49149112380674,-47.900868778786595,0.5625
3,107.1734979291469,-54.36008649052569,0.625
3,115.74213817825519,-74.95734178104966,0.8125
3,103.62262407757416,-68.07394673825623,0.75
3,122.35149260922668,-91.60971202285724,0.9375
3,100.35591897309214,-74.67892299928151,0.8125
3,114.8688623689636,-68.46210592011084,0.75
3,90.39380277546516,-48.37967552012973,0.5625
3,82.81047308898941,-37.88138672336208,0.4375
3,91.85131973276096,-42.20677993929939,0.5
3,121.24460401159848,-67.7748014809868,0.75
3,86.20163008193711,-25.689843661946817,0.3125
3,116.74743543656938,-93.84338395223187,0.9375
3,108.26700352582709,-42.82270540824941,0.5
3,124.72742937587498,-74.96376586662792,0.8125
3,105.59087446884816,-68.35530101966492,0.75
3,112.01507733434566,-67.71082284725554,0.75
3,88.30674478153443,-30.664927086068047,0.375
3,106.06670467890092,-67.55068012803645,0.75
3,137.94097887721117,-100.3366208399918,1.0
3,110.23055382902749,-54.797240341968184,0.625
3,81.78436604567615,-37.21534789845,0.4375
3,111.54484727748199,-67.64923326785826,0.75
3,83.55279244877362,-21.776448481035242,0.25
3,109.5038338090389,-41.87663869910661,0.5
3,118.79700875926092,-75.22877338014725,0.8125
3,106.351581263548,-90.72850868227185,0.9375
3,95.88311348311954,-54.797964206596966,0.625
3,103.39096184277187,-30.85264910971094,0.375
3,95.56309953384013,-54.11114697957519,0.625
3,89.9179987500768,-36.351522275961756,0.4375
3,86.50572937523984,-21.381974325691715,0.25
3,120.82034403500828,-76.12455380292647,0.8125
3,112.95098938548598,-54.78489266943493,0.625
3,106.36027787867629,-42.09642507594872,0.5
3,117.0477165270849,-75.13187542368661,0.8125
3,110.18888569480222,-54.11114697957519,0.625
3,119.18279117436934,-74.92505457339819,0.8125
3,120.89816074453577,-74.86462778132764,0.8125
3,103.59435286991989,-68.63461234967365,0.75
3,96.86888584357308,-60.758933509245935,0.6875
3,110.64543270753066,-75.44782556525323,0.8125
3,87.13366010714059,-36.47693005737135,0.4375
3,106.31294829307629,-70.91076376998963,0.75
3,124.04970039097216,-67.78124064050171,0.75
3,109.16489033400654,-67.95680176723667,0.75
3,110.87944116310749,-36.72379395509518,0.4375
3,95.30917398213509,-49.10170585995322,0.5625
3,94.93346686618915,-48.388753792244216,0.5625
3,104.09210893903736,-36.37304297070473,0.4375
3,105.84519184532326,-55.14168122665048,0.625
3,113.90304060051658,-82.32670826256357,0.875
3,99.54771468344785,-60.74564109601398,0.6875
3,111.59939930485405,-90.63326822894953,0.9375
3,95.55349147012748,-55.244531975125156,0.625
3,110.92570687137612,-61.11837425278997,0.6875
3,74.16199655258623,-19.124753715206854,0.1875
3,90.48299957963388,-21.685303816932755,0.25
3,97.61437139779795,-36.351605971632736,0.4375
3,126.58684444734796,-75.0166596555328,0.8125
3,116.27834181635595,-74.54034947688109,0.8125
3,90.69060223650334,-36.64354038876729,0.4375
3,100.38375271778635,-67.71497845835289,0.75
3,81.8537895156639,-18.08815034176366,0.1875
3,92.56312998019844,-54.11114697957519,0.625
3,108.79852529723333,-67.53168670444907,0.75
3,95.58753579215688,-68.89640659494788,0.75
3,116.92298652087705,-82.42736282399832,0.875
3,90.40137657129073,-42.61573298527212,0.5
3,111.02173521148002,-82.98997949425937,0.875
3,100.90912556627589,-67.95982943191979,0.75
3,132.14755012190324,-91.32423924057265,0.9375
3,115.99109781378645,-67.51818260162472,0.75
3,93.60750988440263,-42.14271223946728,0.5
3,92.43066485258956,-26.72104777177359,0.3125
3,97.13842587374049,-37.66042938047057,0.4375
3,85.38487555766629,-30.97946227785935,0.375
3,96.2001178004738,-60.641477185767684,0.6875
3,108.52586766468902,-67.55112195665977,0.75
3,84.00527457415676,-30.713900978014856,0.375
3,106.12478234271532,-67.70684357376807,0.75
3,85.46006533459261,-36.690620577501164,0.4375
3,98.20708177877516,-42.01554024139976,0.5
3,89.22814706037042,-39.04122549959608,0.4375
3,94.3550971979171,-31.090835904732106,0.375
3,102.08934971116514,-49.377894813085554,0.5625
3,102.84226888500496,-42.00004085446293,0.5
3,107.9201423831854,-42.024385390951245,0.5
3,105.30329509525345,-83.32564297617382,0.875
3,115.15731175603436,-70.65109955531724,0.75
3,83.92695452194057,-34.913288236367606,0.375
3,82.93869140872707,-42.18794744070951,0.5
3,101.44613483547813,-36.180256344105125,0.4375
3,100.09550739608422,-68.92648104769717,0.75
3,106.66797762308701,-55.63371676173939,0.625
3,84.58780914531688,-26.40295350507757,0.3125
3,113.749224595293,-67.53080784723979,0.75
3,114.88530837711785,-67.80215687536756,0.75
3,116.99858307393187,-41.881878557797734,0.5
3,108.53543947787898,-54.893462825301405,0.625
3,96.04699257071516,-47.83828602484083,0.5625
3,108.88004978280638,-36.26969746409017,0.4375
3,95.54434442116336,-48.15771568021173,0.5625
3,87.86268754176092,-41.92006865677697,0.5
3,92.8903817196711,-31.697603796470887,0.375
3,95.95336682664922,-42.09228966820851,0.5
3,96.35881773067527,-42.10693411075684,0.5
3,94.18347296623286,-31.43084829034049,0.375
3,112.38263829296385,-82.39497743230623,0.875
3,105.7247330429564,-67.67912036924572,0.75
3,92.25359726942736,-36.962053371659735,0.4375
3,103.20369775724008,-68.4655939390498,0.75
3,86.8790795884234,-42.052649858769655,0.5
3,106.09411117768568,-68.49061094343419,0.75
3,111.9740916345648,-75.00198039197474,0.8125
3,110.67963019188353,-63.96231402628346,0.6875
3,82.66098391243271,-31.473505983306694,0.375
3,123.62992459034714,-68.38749794964289,0.75
3,114.38620195580971,-61.54223112643968,0.6875
3,99.97970623894457,-41.970542630143854,0.5
3,86.17744991507573,-32.42243167389841,0.375
3,100.0072657303358,-67.59488524773111,0.75
3,104.9384494607378,-74.63575913340225,0.8125
3,98.15976439225932,-41.93969694002853,0.5
3,111.26375258319258,-47.84393652440086,0.5625
3,105.7903410857516,-54.11114697957519,0.625
3,103.6952118725463,-60.67083623972018,0.6875
3,124.5076636932001,-75.0765492225745,0.8125
3,98.60232454135316,-43.00214590404086,0.5
3,89.34354558582736,-25.534045555874037,0.3125
3,96.650001045894,-67.52186277348042,0.75
3,101.5173325237813,-60.709927927742314,0.6875
3,105.47401269190608,-50.36290078133629,0.5625
3,114.62082433719907,-82.8708456232119,0.875
3,99.49131804935016,-31.044824306706165,0.375
3,97.35978268436575,-25.888618707131812,0.3125
3,114.23357014944837,-67.32901993424993,0.75
3,96.54689516673072,-36.26171400092905,0.4375
3,88.04813705711771,-54.22674450599892,0.625
3,102.57829661360678,-37.04380874966914,0.4375
3,93.29522764786373,-48.52308273803469,0.5625
3,76.8356445795183,-17.57415781186898,0.1875
3,99.74296240410663,-54.159457687944894,0.625
3,101.27194790262261,-42.18145991608106,0.5
3,113.54881983353093,-67.37544249927598,0.75
3,102.48424249708683,-54.21219082193152,0.625
3,106.51743379882194,-84.65390831298886,0.875
3,91.42129384367513,-36.23918170787444,0.4375
3,112.81540593723224,-54.11114697957519,0.625
3,102.72084213743693,-31.1405994330478,0.375
3,99.56941400083969,-67.59051135448574,0.75
3,102.93674543131263,-47.90758807240183,0.5625
3,131.3084681041131,-82.70535272039095,0.875
3,106.98992436318149,-74.80772169472264,0.8125
3,80.31022354062132,-36.34923617737808,0.4375
3,113.85215073004382,-68.49832268378418,0.75
3,103.44166649635298,-47.980355719258085,0.5625
3,99.90952590560148,-60.74603669572947,0.6875
3,99.86374558243315,-42.63865240925095,0.5
3,86.10895456517919,-30.6412220929057,0.375
3,110.86356585335896,-41.90778310625879,0.5
3,109.06433964043988,-60.785449849843545,0.6875
3,117.21267665596882,-82.80773675157432,0.875
3,75.99803271169485,-20.939244258129946,0.25
3,104.47780513636214,-54.11114697957519,0.625
3,98.68954496505647,-38.949789821308116,0.4375
3,82.5062537457122,-26.662995068244477,0.3125
3,91.80459168925347,-68.24834921836468,0.75
3,107.36088198932671,-75.7344849186988,0.8125
3,105.29901587356547,-74.88442884673145,0.8125
3,104.96387953691115,-67.87653149204183,0.75
3,97.81793875785257,-43.05798928022589,0.5
3,102.39593864767764,-83.45517217806645,0.875
3,112.80675966221449,-83.67595379608574,0.875
3,151.5861082394856,-101.07513400395676,1.0
3,124.2097619438409,-82.27315323725641,0.875
3,95.38753096507983,-62.281921295110884,0.6875
3,117.48452858394486,-60.76233378162248,0.6875
3,101.74064621235392,-54.5345473515459,0.625
3,126.42739648475967,-83.42908222016123,0.875
3,99.43300156193598,-54.27379867715475,0.625
3,104.07147912160116,-67.51087873253998,0.75
3,106.996952830829,-75.23248492588537,0.8125
3,107.27760360663771,-54.31235949828527,0.625
3,87.29695659443242,-26.199544854660715,0.3125
3,98.80973531034691,-54.31116323124854,0.625
3,87.1132305692634,-41.968701205225265,0.5
3,85.56381878369594,-26.42690563875724,0.3125
3,104.64495182977456,-54.15877865319528,0.625
3,112.85522860349167,-74.98257438659424,0.8125
3,91.78122271828644,-25.417442880357065,0.3125
3,83.86250954794163,-36.11509025236032,0.4375
3,107.53896239626302,-54.37943916519477,0.625
3,90.0907823330477,-21.681635029546836,0.25
3,103.00162997153954,-61.113314390765055,0.6875
3,100.52976905416406,-47.86503265495146,0.5625
3,109.74748237418378,-67.99104913715901,0.75
3,115.5815245115136,-83.16064647895122,0.875
3,113.61114159915171,-67.85885784577306,0.75
3,84.37648511847901,-25.425403487848676,0.3125
3,107.5709851322916,-54.843999098986316,0.625
3,94.03845561638902,-49.02897952449358,0.5625
3,95.64453492755362,-43.886493144145255,0.5
3,88.9211459877469,-42.070956247752804,0.5
3,104.17135847794272,-91.20361378683684,0.9375
3,100.29445935523333,-67.51565453084972,0.75
3,107.79929372624335,-61.015188885034135,0.6875
3,99.97942600519177,-54.35729878726564,0.625
3,100.65563121715965,-60.660527116151,0.6875
3,102.1984765866573,-54.11114697957519,0.625
3,101.91022494965571,-54.231278661777736,0.625
3,110.67625344940176,-76.11888849470162,0.8125
3,100.18593598846768,-37.90917529567241,0.4375
3,93.04359657008328,-54.24312925871021,0.625
3,104.08927403807688,-54.706469466364844,0.625
3,101.76806965123501,-49.103100105254285,0.5625
3,94.34246648511248,-41.914503925493406,0.5
3,91.26378400792836,-25.583766048515624,0.3125
3,78.5749215117739,-42.30618614812925,0.5
3,108.21928988484697,-41.85394665308072,0.5
3,83.3956388063266,-21.471949764375537,0.25
3,94.60651941286875,-26.986201960901973,0.3125
3,101.66575634037646,-36.183933589216636,0.4375
3,97.50486641210226,-42.36926478070457,0.5
3,134.7784942808979,-82.90518748500622,0.875
3,100.34778108152693,-54.9647188502735,0.625
3,96.67268902154971,-47.88764593689333,0.5625
3,116.1353014313035,-60.64566315285796,0.6875
3,92.5597290826646,-54.9749360968978,0.625
3,84.05404021894381,-26.43476994866755,0.3125
3,125.38277928636705,-82.71916283270116,0.875
3,95.890112301185,-54.381521564457394,0.625
3,108.35761480877093,-55.8900932641812,0.625
3,117.87536422790093,-83.20654475421085,0.875
3,113.86540901441646,-76.97722400136516,0.8125
3,103.39877431585592,-41.92832912121256,0.5
3,118.263104790293,-90.92189662850242,0.9375
3,122.69084600293614,-75.03417891192329,0.8125
3,81.82400862289452,-37.1916488903974,0.4375
3,89.89969096800003,-30.90477039071619,0.375
3,130.03635435611577,-82.52798698060008,0.875
3,79.39231311643779,-20.992596968668057,0.25
3,86.88468658173379,-31.035150424716477,0.375
3,111.29083280244517,-86.31203951736867,0.875
3,93.66512447471528,-36.982678154330856,0.4375
3,98.41744048256052,-54.24840048195225,0.625
3,104.63200289066475,-61.807430125508205,0.6875
3,94.31498777402378,-54.11114697957519,0.625
3,118.3565625103745,-83.15638664512244,0.875
3,92.75697043260985,-54.11114697957519,0.625
3,125.05374792512585,-76.07739795393108,0.8125
3,92.90407950724071,-67.52526712294863,0.75
3,104.18505386348795,-61.19488622718612,0.6875
3,121.9665265734478,-82.76581106154276,0.875
3,107.62413020738299,-54.30500570347083,0.625
3,99.04749339919039,-42.04659806139766,0.5
3,107.72718591083044,-54.16293400515449,0.625
3,102.40553228739695,-68.01503971633127,0.75
3,102.2272811283357,-67.33693455956619,0.75
3,92.2502793118177,-30.652712970126785,0.375
3,118.79960430751859,-75.30918978882201,0.8125
3,111.02609665410822,-54.475499919791936,0.625
3,115.93014290559498,-67.76309672818073,0.75
3,82.1112632571903,-26.13404024478938,0.3125
3,96.97081041936102,-60.79637286820536,0.6875
3,117.96840965446013,-75.11234241434491,0.8125
3,110.14321360998345,-82.53620404818916,0.875
3,104.78129943109495,-54.89649413020056,0.625
3,99.18996710856905,-47.8804893189207,0.5625
3,100.50040040438711,-60.634208299913965,0.6875
3,109.41406595602939,-84.0729077175654,0.875
3,104.88472026028536,-47.9024778020958,0.5625
3,92.18609480444793,-36.594615561367654,0.4375
3,120.36786472589213,-74.88796978133782,0.8125
3,101.14428405442312,-42.20044410078363,0.5
3,116.27106769395634,-74.53234557296251,0.8125
3,103.00386446864572,-42.44899973012599,0.5
3,79.25201662160963,-21.803374144756486,0.25
3,112.57218373692177,-68.30253001765777,0.75
3,124.94686546047535,-82.95405162910134,0.875
3,103.8049788414442,-60.98683792899978,0.6875
3,112.36289360149883,-82.56115160316106,0.875
3,112.5811675650243,-67.58800805025957,0.75
3,116.52662856206209,-67.61035626841468,0.75
3,94.61746015594773,-41.849634589923156,0.5
3,101.07376759723445,-41.79869361811301,0.5
3,105.66050283952082,-31.955520990875364,0.375
3,128.48429830430575,-83.55067101233962,0.875
3,100.90835875065851,-74.66846772341631,0.8125
3,85.26581573053217,-21.36767547775053,0.25
3,124.80392567227383,-68.40205935433386,0.75
3,101.87914690284879,-54.281002141032836,0.625
3,102.43280801889574,-54.2285929932526,0.625
3,121.19799720776703,-60.96745620691422,0.6875
3,103.47561441218969,-42.203861952123376,0.5
3,117.69946601225388,-75.08548108116365,0.8125
3,102.43639188829484,-47.94464996230003,0.5625
3,98.97280811441122,-55.65428404950467,0.625
3,79.8432609944148,-22.947456068563298,0.25
3,95.33863628601851,-21.662361908407924,0.25
3,81.03081332220394,-31.587934887573027,0.375
3,96.15627299693304,-49.29406974751714,0.5625
3,120.84761455517668,-74.5656699015069,0.8125
3,98.50569678933049,-48.01121647985886,0.5625
3,95.62692206166075,-42.260534578940934,0.5
3,101.64568508644744,-67.55397105964258,0.75
3,86.86975436452205,-32.15636361122899,0.375
3,84.5446103035962,-43.03351699580692,0.5
3,93.29534494830308,-54.11114697957519,0.625
3,89.2347160826767,-41.95361643413956,0.5
3,109.91618740332501,-67.95861781799339,0.75
3,97.00369200213478,-60.996998455292434,0.6875
3,84.92322928076112,-25.705426731303987,0.3125
3,91.43304267672286,-30.800472332222906,0.375
3,95.39797060996477,-49.060442566578416,0.5625
3,119.65557750990365,-91.50005437039414,0.9375
3,97.33036240039395,-42.77727069339264,0.5
3,76.28100903502707,-12.910413809600383,0.125
3,110.3010493189728,-67.71937603179447,0.75
3,114.51001333151736,-83.60517418419172,0.875
3,113.93233777819502,-74.84166327998598,0.8125
3,111.47693359119386,-54.3386482017278,0.625
3,115.3115916755539,-54.27026182903825,0.625
3,75.24267588406472,-26.21346595368178,0.3125
3,124.2584148105947,-74.9894352079877,0.8125
3,117.14408134992567,-82.86730545532028,0.875
3,86.9021757061428,-36.45945190340509,0.4375
3,95.44489344405041,-21.65939443115517,0.25
3,101.24285202677787,-61.13096970514387,0.6875
3,80.79140876832166,-27.472572642079626,0.3125
3,79.078907075091,-26.441194174296264,0.3125
3,89.19264873076851,-49.25838331983842,0.5625
3,117.03955348847141,-83.2595101071123,0.875
3,93.0930823378755,-43.192909577435195,0.5
3,82.69590562131974,-51.47703400062848,0.5625
3,109.25909564097975,-60.706269571651106,0.6875
3,95.2714796616712,-42.1080729258123,0.5
3,84.7439194406438,-25.95946835063716,0.3125
3,106.7543315136375,-67.4350306093329,0.75
3,86.69395272267091,-25.62642279840645,0.3125
3,99.4027341837046,-54.25179505589887,0.625
3,116.64728484135291,-67.4033505078207,0.75
3,106.61264309127374,-55.63339441756054,0.625
3,106.05402825675468,-54.37915687032362,0.625
3,99.25604739302874,-67.57006492830305,0.75
3,107.21202515657593,-61.62110513225125,0.6875
3,83.18726766383378,-21.455553674753695,0.25
3,107.29900294051365,-68.52605691581756,0.75
3,110.08858483338837,-68.97446696311157,0.75
3,120.70818660235798,-91.10026802967712,0.9375
3,82.04549728677424,-31.523784550489843,0.375
3,91.50668793304594,-48.27105719622884,0.5625
3,117.2786683795398,-70.084912963368,0.75
3,110.20020845372794,-83.78073437854187,0.875
3,91.71213664225344,-41.92056912334548,0.5
3,89.86261616216275,-32.39907961094941,0.375
3,101.35169012522923,-41.88994499673688,0.5
3,95.62290381318441,-21.46302394726017,0.25
3,107.84700080609537,-54.83455013802399,0.625
3,107.11034419059031,-67.41111211805924,0.75
3,99.3546170355123,-36.12139801329768,0.4375
3,123.5192823405028,-83.14634495931963,0.875
3,103.51488340716195,-54.35880631519763,0.625
3,88.83884711013673,-41.9906019757497,0.5
3,114.21445507544368,-82.34150528535844,0.875
3,87.82061454829224,-41.89555966194369,0.5
3,103.71847718353924,-60.61347641505514,0.6875
3,115.80615037621611,-69.15452454838604,0.75
3,103.44090444598932,-42.276914265998414,0.5
3,87.78657324711057,-36.53441225096731,0.4375
3,84.50107090845914,-38.13271057510555,0.4375
3,93.79312492426828,-26.132191308095052,0.3125
3,103.93697891555924,-62.904838570242084,0.6875
3,79.56344653928498,-20.725293884861195,0.25
3,79.09794891966433,-36.41258186843971,0.4375
3,97.72806504993056,-41.965074643098134,0.5
3,90.86492212380458,-26.172125906119405,0.3125
3,85.28544980154005,-26.83501537037178,0.3125
3,96.46334755334198,-54.11114697957519,0.625
3,104.60575679586601,-67.75402740731347,0.75
3,110.56462406539103,-75.64686504674,0.8125
3,139.13412137775515,-67.75511192393651,0.75
3,102.30087205712522,-54.43435978200566,0.625
3,82.56060318861496,-32.655137909621544,0.375
3,99.63623468370415,-68.43232886639973,0.75
3,111.82690486685567,-54.11114697957519,0.625
3,113.62787383250881,-67.82447067352476,0.75
3,81.32254340209563,-21.37437313228095,0.25
3,117.22934142940721,-78.35996640231195,0.8125
3,122.05911144638296,-82.42226529683806,0.875
3,82.60039197295221,-36.248501853134115,0.4375
3,124.67910114083864,-90.96444167039364,0.9375
3,96.03166030089025,-41.917675557635306,0.5
3,101.82195276276565,-42.11718769899576,0.5
3,118.21160845140301,-100.88062795868343,1.0
3,97.28671339474158,-54.11114697957519,0.625
3,80.5321854153642,-26.29435819766427,0.3125
3,118.66901238262884,-74.97092384125322,0.8125
3,82.24686822945945,-28.63638519605611,0.3125
3,88.79847926478789,-41.85650413184285,0.5
3,92.57264159436394,-27.463491293626156,0.3125
3,116.37344445700073,-75.73597884821595,0.8125
3,120.83762843451503,-74.60688948579872,0.8125
3,82.41715588675594,-43.69841863066479,0.5
3,97.75134680570781,-49.294932632006635,0.5625
3,94.03069231620053,-47.89597280082945,0.5625
3,89.01496266285001,-21.200827175048623,0.25
3,94.36504778911849,-42.37930416246231,0.5
3,112.14442058716226,-60.63676993731424,0.6875
3,85.15922279690949,-21.520791257154393,0.25
3,120.2651710288818,-74.53018554059993,0.8125
3,103.26586635583573,-43.66828623884777,0.5
3,84.02857978310246,-25.98567698076578,0.3125
3,92.41050931502677,-36.64663744390525,0.4375
3,98.44025236086446,-54.11114697957519,0.625
3,111.82833650044826,-84.12482928816688,0.875
3,107.84844043689662,-67.44896823061019,0.75
3,96.27046686947607,-42.01227804596748,0.5
3,93.26269829945542,-36.35930539249865,0.4375
3,82.25467787165938,-36.58537163301121,0.4375
3,102.67297321694737,-42.303682459662916,0.5
3,113.47933004924806,-67.96469871350754,0.75
3,105.9352904421146,-47.87892603388026,0.5625
3,93.87879029777996,-42.27963351270177,0.5
3,70.2293788069848,-26.920420234355106,0.3125
3,99.73533984130664,-69.52574351555391,0.75
3,90.70260104642782,-37.45301550487096,0.4375
3,111.92799595669113,-64.6073080431152,0.6875
3,122.94923774118145,-90.67514210871832,0.9375
3,115.80191159097673,-82.73097066855988,0.875
3,98.09042168084922,-54.32113544221719,0.625
3,99.04805422727661,-67.74435848092023,0.75
3,108.7028181802367,-60.76179446018499,0.6875
3,108.57658433889318,-67.66966578034078,0.75
3,97.50544069789682,-42.16771023256962,0.5
3,83.69904629293231,-34.72218330396152,0.375
3,94.25179417765635,-74.67382959691614,0.8125
3,107.94869558320079,-75.03444414387451,0.8125
3,95.45142844538988,-48.26480844143016,0.5625
3,94.2977194353023,-41.948090871136934,0.5
3,86.9284280051016,-25.816296983767362,0.3125
3,81.59370451025588,-21.142798386776004,0.25
3,127.58949889910325,-91.12611473377521,0.9375
3,102.65496765413738,-48.180946310444966,0.5625
3,107.3659162159848,-55.02609194503252,0.625
3,117.82622949349246,-60.64346928150178,0.6875
3,116.46076852704579,-84.232453071033,0.875
3,102.78549468983638,-42.30966195587988,0.5
3,100.84710368177552,-36.93874361381292,0.4375
3,98.30564081210495,-25.433690108132595,0.3125
3,88.7393134876529,-54.11114697957519,0.625
3,78.94861247205395,-26.780073476681352,0.3125
3,121.86072902191658,-67.39959283057415,0.75
3,133.14514628841837,-74.8794877860504,0.8125
3,96.55052488006052,-54.44726434243073,0.625
3,109.56248574530774,-54.34713334939404,0.625
3,90.74080800506889,-42.07951006766077,0.5
3,89.85497442298245,-49.525832593710966,0.5625
3,108.0108951895966,-47.864194674767376,0.5625
3,105.26817150731131,-67.69407404878862,0.75
3,121.725243238972,-67.92194663049614,0.75
3,101.89792200427443,-36.18226572539989,0.4375
3,85.06433310649133,-37.90432536990948,0.4375
3,86.30380971027502,-54.41090073052632,0.625
3,83.40148366666668,-31.895885174760537,0.375
3,113.04431297609881,-83.44406263644996,0.875
3,100.76817319313665,-47.8672262735509,0.5625
3,99.11295366197135,-49.65003633146504,0.5625
3,103.93973430146298,-42.64447989001985,0.5
3,79.84974046843666,-21.555186434404202,0.25
3,109.1648853266832,-68.2218869425273,0.75
3,94.56681973853607,-20.903517480561717,0.25
3,105.42288559549537,-68.41042199854923,0.75
3,104.50307033165531,-54.339130589837254,0.625
3,85.83069662244446,-37.60738785353473,0.4375
3,106.1104647617197,-50.762777964406276,0.5625
3,84.66686142769,-26.089725135384196,0.3125
3,83.99519223573151,-26.312496142514526,0.3125
3,97.67399964473735,-57.620506357716025,0.625
3,115.84369377995816,-83.41120069745072,0.875
3,103.45150650360662,-48.16127012161349,0.5625
3,101.7383260445188,-54.289158649226835,0.625
3,91.13107877069748,-36.336268226043856,0.4375
3,94.69299224483795,-42.64677159488554,0.5
3,105.68637822375273,-61.964057161942236,0.6875
3,107.58932035418842,-61.90946036232982,0.6875
3,95.33401539513646,-31.11262600904698,0.375
3,99.80200973756435,-69.33023825566416,0.75
3,83.61840618794002,-22.007502928994963,0.25
3,118.35231004254223,-90.83869251520693,0.9375
3,84.12310301087079,-47.91708338945895,0.5625
3,100.46064983585359,-31.144104939278794,0.375
3,125.09136509698604,-75.07785636979669,0.8125
3,116.24433075866816,-70.11973886896877,0.75
3,95.48927245948997,-43.85337923896029,0.5
3,108.87575446613937,-54.83861872408716,0.625
3,120.51609374386358,-54.16415830746809,0.625
3,97.85751347172952,-30.525786474512312,0.375
3,102.3239632777939,-69.25746980411097,0.75
3,115.53047284599644,-76.27703837785927,0.8125
3,84.10799416970316,-42.537419483955084,0.5
3,91.95161878771945,-38.95229595277232,0.4375
3,95.89363355968106,-42.76414342742219,0.5
3,116.67293864700451,-67.75671069848218,0.75
3,99.03440544476062,-60.733113350434074,0.6875
3,101.01777468750363,-47.909465484549706,0.5625
3,87.65647876434376,-22.32380508381979,0.25
3,112.46801234082375,-54.11114697957519,0.625
3,88.26832543431763,-33.35375570988901,0.375
3,103.82744777057395,-54.11114697957519,0.625
3,98.11317028741271,-47.942663969242,0.5625
3,96.9413322133586,-54.985265862535,0.625
3,126.541576691772,-90.88989936555303,0.9375
3,87.3237138577118,-55.05688676567661,0.625
3,86.24408050985394,-31.016742810789566,0.375
3,96.69892423263705,-26.00056058589273,0.3125
3,116.17711601716307,-60.98310737226289,0.6875
3,80.06872254391715,-42.966805087457956,0.5
3,91.15356298275688,-41.954137989044334,0.5
3,110.4708464210921,-60.76353841582563,0.6875
3,105.76531796371948,-74.77565042188435,0.8125
3,92.98912549684466,-36.48786041180471,0.4375
3,92.19096519830924,-30.991259313105445,0.375
3,113.1187278919089,-61.17267166503603,0.6875
3,120.25502646771943,-68.59313596094351,0.75
3,82.34735099861668,-25.619378977133216,0.3125
3,86.4761439698237,-25.817896884256687,0.3125
3,80.9403470839396,-42.22294629270003,0.5
3,108.99437416877176,-42.050534163254916,0.5
3,119.59332012937045,-82.087069670256,0.875
3,110.22206876943503,-75.15541984497077,0.8125
3,101.76023924340987,-44.46884022274336,0.5
3,99.32963467050888,-60.928000274228154,0.6875
3,89.59646820276,-25.761486256594782,0.3125
3,95.79372089781111,-27.26565341269451,0.3125
3,105.80592833988041,-61.17322030945423,0.6875
3,98.95056346555442,-54.41058014798225,0.625
3,88.85686591097868,-36.758432442827555,0.4375
3,94.52614262843002,-47.85104935908041,0.5625
3,118.966503073841,-82.36639003655142,0.875
3,101.9918267098361,-49.45087407773443,0.5625
3,109.97766215719655,-74.86054964456282,0.8125
3,104.34517853507266,-55.04681484213583,0.625
3,96.54725769526813,-60.72416414611513,0.6875
3,114.7866302122677,-82.4293087277734,0.875
3,108.17803139174033,-67.8407797158157,0.75
3,83.87944560774369,-42.549393150737934,0.5
3,113.07340294940215,-60.7682677611413,0.6875
3,140.8010521863431,-91.10334843670947,0.9375
3,86.27760362971216,-37.087485729282484,0.4375
3,100.46934626032791,-49.144138575654296,0.5
3,120.41789968576451,-75.91599588762051,0.8125
3,91.82878475294271,-60.625355839498,0.6875
3,113.95200951416034,-84.91465152539483,0.875
3,121.51673888974473,-92.32824240193331,0.9375
3,100.88152195226169,-67.67098077838112,0.75
3,89.19718929323196,-27.319950716157404,0.3125
3,70.43943606905012,-18.839710893812825,0.1875
3,112.30856876620794,-67.43490197118264,0.75
3,87.56739799379011,-26.224085072638683,0.3125
3,96.77556247741104,-48.913708796035806,0.5625
3,86.77747013407551,-25.751098561482557,0.3125
3,96.80239115667682,-37.03114809094257,0.4375
3,105.40200331820569,-77.02719165107045,0.8125
3,91.40808484723061,-75.66541232039764,0.8125
3,122.49988071799227,-102.62057713634266,1.0
3,91.58689980316967,-41.9596771472549,0.5
3,84.36951284566746,-26.76679977253549,0.3125
3,99.35047665931793,-54.84092456380706,0.625
3,73.51113299956647,-13.558340804790145,0.125
3,104.25089914257737,-54.3373658645646,0.625
3,91.70651057043507,-30.893934572312435,0.375
3,91.31608129370022,-25.51131865738123,0.3125
3,121.99062383787069,-91.55607747578483,0.9375
3,91.76742412131168,-54.11114697957519,0.625
3,83.27118956599678,-25.952692151393922,0.3125
3,87.64627627826675,-27.130876437861346,0.3125
3,109.37522470598597,-60.954094328804345,0.6875
3,126.26870282281732,-91.5523955164309,0.9375
3,84.07621471646,-36.7426502442194,0.4375
3,96.529450588308,-55.6670042034217,0.625
3,112.51057403584362,-61.02571089120596,0.6875
3,121.13069761592803,-74.50089806162514,0.8125
3,97.01604406302951,-36.34003799985692,0.4375
3,117.5111933303957,-48.10986480788695,0.5625
3,118.5809793275012,-67.68335785824605,0.75
3,99.38890589832529,-54.11114697957519,0.625
3,99.52410800418224,-42.06054054458051,0.5
3,106.35515789968358,-64.46999618894057,0.6875
3,131.69014033810612,-91.64063254522497,0.9375
3,73.2752294166663,-21.613322863392106,0.25
3,107.42146090236973,-74.88863166326477,0.8125
3,101.56022497114121,-42.35549861661876,0.5
3,95.58767716069589,-42.0364878627272,0.5
3,104.71579591752396,-68.34323413974904,0.75
3,90.09807230194333,-36.77985024499794,0.4375
3,114.41913538872848,-63.03719522495022,0.6875
3,138.0367399788309,-91.31490947300273,0.9375
3,110.17736990536339,-49.29724796894318,0.5625
3,98.72448516212646,-38.06485242971347,0.4375
3,120.62659105276022,-82.85724504963142,0.875
3,104.47891125774078,-67.64496451193331,0.75
3,108.3376795710701,-68.41075762959542,0.75
3,132.1227526661658,-90.6151657972727,0.9375
3,84.52825738086666,-22.075329758735265,0.25
3,89.8698830800743,-27.197550159583333,0.3125
3,90.08399984486942,-55.22597536516271,0.625
3,94.32889526539708,-32.256793685760044,0.375
3,113.43161650067624,-67.47907596550635,0.75
3,88.76264194014,-42.02037664719323,0.5
3,101.05023617590922,-69.7915652489969,0.75
3,108.8564471815922,-61.21683036818819,0.6875
3,111.56850242913852,-60.79892374181244,0.6875
3,114.14933053679077,-82.54402854513918,0.875
3,89.80970185026939,-25.499980544632006,0.3125
3,97.26668539602834,-36.54306314599379,0.4375
3,97.09215972145164,-42.156463377230565,0.5
3,96.43990560667467,-36.243611575706566,0.4375
3,106.04512488657822,-31.1413026097355,0.375
3,87.9363322004718,-21.535060967591058,0.25
3,97.43276610193014,-25.384239214276434,0.3125
3,91.17713804352165,-41.85638815275821,0.5
3,130.80834000822165,-82.84849918385677,0.875
3,100.6534840806877,-67.88315486338686,0.75
3,109.67248874327309,-83.71426652360964,0.875
3,110.13231840320854,-76.06482614104269,0.8125
3,87.40460168185922,-36.20292283500281,0.4375
3,95.06292413411919,-30.821727234198057,0.375
3,121.35348728305726,-82.62972463782754,0.875
3,78.32267801094717,-18.249675131171646,0.1875
3,103.82221015081225,-68.03333572917282,0.75
3,110.83254639759923,-67.51771823563361,0.75
3,95.36307564870616,-36.93301941877995,0.4375
3,81.9241602943222,-23.101754758993263,0.25
3,81.81467583083595,-25.888564181724675,0.3125
3,117.52427865685047,-67.5957882272676,0.75
3,86.39588803139605,-27.107998139259735,0.3125
3,92.41964518167087,-47.85975711420558,0.5625
3,113.35889354260888,-60.61051775177238,0.6875
3,93.55433521724936,-36.726172981499715,0.4375
3,104.99580714812195,-42.27670896894809,0.5
3,115.23385200890968,-60.7863864272261,0.6875
3,92.99795216255929,-56.16447287954198,0.625
3,139.6493263241794,-100.57010828487364,1.0
3,102.44590713701669,-54.11114697957519,0.625
3,118.31381676063634,-82.91826698010486,0.875
3,119.06279229086462,-67.80746507750852,0.75
3,108.16164314096422,-74.93810294454516,0.8125
3,110.4674127860654,-60.74142865755822,0.6875
3,126.99898864826811,-82.57546873329375,0.875
3,84.83511796653487,-30.757775794156426,0.375
3,119.47406226124949,-49.41334719592596,0.5625
3,113.63401527438606,-82.43695411191445,0.875
3,91.27718528818667,-37.89280180539389,0.4375
3,96.10018573599453,-37.68377672344417,0.4375
3,117.64267830883415,-54.11114697957519,0.625
3,107.0866400122946,-60.7333323421295,0.6875
3,89.62396279249995,-36.910208349126215,0.4375
3,108.69396500695001,-68.15461992186917,0.75
3,85.46623830439782,-60.60501418767484,0.6875
3,93.37425974230914,-43.27974773765449,0.5
3,107.67721493990534,-82.62171969446375,0.875
3,99.06410989273687,-31.769034394687285,0.375
3,104.93173539403759,-67.437943455016,0.75
3,126.22516073413696,-75.02154409644623,0.8125
3,107.09488389608583,-60.66656789279228,0.6875
3,127.61911193605042,-101.4991601294108,1.0
3,92.57978683293011,-37.496709243864174,0.4375
3,122.53955552505207,-101.07621416622159,1.0
3,130.34016011181166,-75.45682747406288,0.8125
3,88.9028344595513,-22.14750759037962,0.25
3,95.85131600842749,-32.901019543859896,0.375
3,96.72802667677293,-42.00815854693053,0.5
3,103.197401183955,-41.87628350256149,0.5
3,98.03282561543098,-36.638015713655435,0.4375
3,97.5887733626677,-25.639769577910773,0.3125
3,108.33697024025332,-60.73299831115852,0.6875
3,90.92733299223084,-48.479128429552276,0.5625
3,82.93903630640399,-31.41351732081144,0.375
3,96.6256201121582,-69.44313048570581,0.75
3,111.80980910150053,-60.78196063828412,0.6875
3,82.44143836625561,-25.93641193655386,0.3125
3,120.2436619465037,-91.42992384282194,0.9375
3,104.76320149840213,-60.63982605931611,0.6875
3,118.94047994633108,-84.00199183181108,0.875
3,110.32500515510661,-67.84501808381744,0.75
3,107.94872888111846,-74.56953126479483,0.8125
3,107.77936661596108,-61.361064637484084,0.6875
3,109.01750434887913,-68.11647069216919,0.75
3,116.17397420888575,-91.16990297630907,0.9375
3,96.83680379929963,-49.46984302722734,0.5625
3,109.52525041511679,-60.61385878901004,0.6875
3,111.45428575954088,-54.23316561981547,0.625
3,103.88133596743869,-60.64037754486269,0.6875
3,82.97224909857464,-36.489156429755305,0.4375
3,97.86133318514352,-60.72198287838828,0.6875
3,118.55484065814066,-75.4615950661451,0.8125
3,134.6346116688667,-100.19231513518993,1.0
3,102.46060084745045,-54.23517515843281,0.625
3,104.43135782063587,-61.118700846755026,0.6875
3,103.98554216180653,-54.275846890113286,0.625
3,112.39629142477101,-60.60739928976503,0.6875
3,90.91513498774125,-41.91824412420499,0.5
3,127.24590761267419,-91.42241898050206,0.9375
3,110.21009939617336,-75.07904588668585,0.8125
3,119.25025747118323,-75.50963949517906,0.8125
3,94.72686060471874,-41.98902825719446,0.5
3,94.12620936249563,-60.717712120315,0.6875
3,87.19075812691004,-30.895479914331304,0.375
3,102.66807232656193,-48.19436402214325,0.5625
3,116.34044268456553,-68.21859340269332,0.75
3,130.31315879843967,-54.28867852722527,0.625
3,111.84501204579405,-67.56043634263465,0.75
3,116.16694173260937,-67.70699991777502,0.75
3,118.46532733369696,-67.65947057018994,0.75
3,103.08106895180835,-41.938108018076136,0.5
3,104.68811487926617,-76.21594979563204,0.8125
3,114.72848114902885,-68.22958005966768,0.75
3,128.46516425442078,-82.65431563693429,0.875
3,94.04822757150454,-54.11114697957519,0.625
3,95.97250699398978,-67.59163813003035,0.75
3,97.91979966137147,-61.55058842297243,0.6875
3,113.39639024714008,-82.15472411710627,0.875
3,124.3832569385074,-90.87376985516335,0.9375
3,101.38775117103623,-55.30040912042964,0.625
3,90.41815583513682,-67.3635402502234,0.75
3,106.63188357609161,-42.10221861632804,0.5
3,97.45942827166144,-42.96501250096867,0.5
3,105.8161012322919,-42.237873565037056,0.5
3,106.57374645610314,-91.22158786386332,0.9375
3,109.57614000564939,-75.55058913978323,0.8125
3,89.22889822154265,-41.863640738118605,0.5
3,104.35149347853229,-42.043708547377555,0.5
3,80.91201801911832,-37.73966945310422,0.4375
3,115.47483638369317,-75.08722993360975,0.8125
3,94.83716924495494,-36.113976678658226,0.4375
3,102.90801314704876,-54.11114697957519,0.625
3,99.92436710917261,-82.65769902336629,0.875
3,89.576074935982,-47.927074185856846,0.5625
3,87.7875737724181,-41.955570688371914,0.5
3,116.13950489489746,-67.62279149093736,0.75
3,120.21037129651188,-41.778446186689344,0.5
3,91.0924790542657,-42.41358511391666,0.5
3,92.40616758093982,-34.615873060120585,0.375
3,149.1240331204927,-99.61749781258054,1.0
3,90.19859798559557,-61.05673744215464,0.6875
3,96.92124490974562,-21.00671028046622,0.25
3,112.28955359940042,-82.80792287352561,0.875
3,104.19033375193843,-47.88570985924271,0.5625
3,121.16503309520365,-75.40118053081765,0.8125
3,117.3110529130803,-54.38401596845571,0.625
3,104.3667145335023,-55.323078975559675,0.625
3,86.16497510740993,-30.709411816425312,0.375
3,116.56499557764923,-67.50672643689637,0.75
3,124.21545705114406,-76.33728336550678,0.8125
3,77.9801410838094,-17.985923007406175,0.1875
3,92.9880664790498,-61.8681603697527,0.6875
3,104.7138144293577,-48.25826274348757,0.5625
3,72.67728483725287,-21.29474272688612,0.25
3,105.89655237059479,-26.190800143009447,0.3125
3,120.09781469320427,-60.80070716142053,0.6875
3,115.80608560372892,-61.54609015136997,0.6875
3,120.44115753326392,-67.84899380448935,0.75
3,85.32780352436811,-41.93081470853653,0.5
3,85.8237384808252,-26.30359657823094,0.3125
3,101.53402452320543,-48.5977278750906,0.5625
3,97.61807033269385,-47.90828582476943,0.5625
3,105.345780741032,-54.260935305959975,0.625
3,124.94137661432181,-60.70644048467651,0.6875
3,80.35579302511634,-42.216719512355894,0.5
3,105.87841187272558,-61.456325583917994,0.6875
3,116.03866695496173,-91.98623551982266,0.9375
3,103.86830282853614,-61.08827083528377,0.6875
3,100.41130272734533,-54.25374322881422,0.625
3,126.06990345204785,-74.70998275636168,0.8125
3,86.27310168596203,-36.657962791764746,0.4375
3,109.87087385205344,-76.30090516663121,0.8125
3,105.67318237427597,-54.355660995407305,0.625
3,101.64501240089344,-57.14682777644917,0.625
3,101.40812414229376,-54.22494917765049,0.625
3,73.18804030349145,-21.75056862352012,0.25
3,98.20645135100115,-76.36881632796765,0.8125
3,96.89823383070475,-21.759630992502302,0.25
3,107.7909934071811,-43.56042713194076,0.5
3,96.45154378068379,-36.11571890126415,0.4375
3,86.83275682558477,-36.56968793336488,0.4375
3,114.55747047954843,-47.91819268225687,0.5625
3,98.5068367065687,-26.83379331607593,0.3125
3,101.88977889354933,-60.99536602909723,0.6875
3,117.61174345277337,-31.374994000722516,0.375
3,99.6787230305861,-60.78879318354259,0.6875
3,121.0588730554561,-74.86647012767392,0.8125
3,112.28504384473273,-68.81499581886867,0.75
3,107.30083210329515,-67.51713768195657,0.75
3,110.16354586150247,-75.58076729372175,0.8125
3,97.67395975611596,-42.0710756823268,0.5
3,108.63673030005319,-67.39481627462254,0.75
3,120.7780016645275,-67.54359095273323,0.75
3,107.96659632000774,-54.340167242590525,0.625
3,101.23369534643389,-74.70981668484048,0.8125
3,113.3096107776308,-82.43867553800175,0.875
3,133.85952167671996,-74.82046849024739,0.8125
3,101.93799012917187,-61.167722847582446,0.6875
3,97.53188349701676,-37.11517753283239,0.4375
3,109.2351953902206,-74.90147375625416,0.8125
3,101.39427903527618,-54.83308695827308,0.625
3,96.42988996172272,-48.184531430302854,0.5625
3,122.48074714054144,-90.77257408722897,0.9375
3,81.75464113063352,-26.485422327947926,0.3125
3,99.95068713396446,-31.263300708675327,0.375
3,96.24970445910142,-54.11114697957519,0.625
3,81.74969562976828,-25.565295839772816,0.3125
3,100.14072492100293,-67.88525537356786,0.75
3,111.75307500090541,-82.05218733390315,0.875
3,102.5199207912158,-42.145087248825305,0.5
3,104.76789684767043,-54.11114697957519,0.625
3,99.16870666343283,-31.773348994640628,0.375
3,96.64740540443631,-74.68114526270364,0.8125
3,99.94998793434121,-42.039344333735734,0.5
3,92.9125344268761,-30.614616890213938,0.375
3,108.68172682574495,-75.07725061538757,0.8125
3,90.80961133936398,-36.27710357011888,0.4375
3,94.85923687991385,-54.11114697957519,0.625
3,107.94346481465553,-54.595896685219586,0.625
3,85.18638182078462,-36.330733492018936,0.4375
3,87.64659916769506,-25.88785282814369,0.3125
3,121.0274320402055,-91.98030284197031,0.9375
3,123.65047016547149,-91.126827533135,0.9375
3,118.33842830726027,-76.16276845112198,0.8125
3,105.61385634821573,-42.5107658852681,0.5
3,85.77315456785432,-36.92786344738074,0.4375
3,108.63979015875982,-75.0718650173761,0.8125
3,117.24019887190241,-67.70533224849451,0.75
3,139.37199828738696,-91.66120940357477,0.9375
3,103.60241387674975,-67.76575804430409,0.75
3,95.14988067977202,-30.541641604621642,0.375
3,116.34271753184147,-67.78613609473908,0.75
3,87.00960177180303,-25.83784057162713,0.3125
3,79.09712730667005,-21.518219990322567,0.25
3,93.62153803411853,-37.59084152514781,0.4375
3,113.55770695302763,-42.727846184092854,0.5
3,114.82392657312653,-82.82301935682217,0.875
3,102.16249475217789,-54.11114697957519,0.625
3,114.70782723589757,-74.76319017379764,0.8125
3,118.92966154393245,-83.00904511718625,0.875
3,104.68821869844626,-68.30341406991123,0.75
3,98.23072855645297,-42.078019144026754,0.5
3,94.6001102840775,-42.10302451116972,0.5
3,94.79473919422304,-74.6148268835238,0.8125
3,95.88479493127132,-60.71661732029557,0.6875
3,90.16526035548948,-31.12202276266335,0.375
3,105.2016142533623,-41.81827856306019,0.5
3,108.31265343208479,-78.0974535100071,0.8125
3,84.17702788250156,-26.562223801914246,0.3125
3,100.44040178709983,-54.11114697957519,0.625
3,91.14882296340927,-42.062524628336675,0.5
3,119.52362547621702,-67.62139295772911,0.75
3,96.56332311159551,-41.85642819728914,0.5
3,113.7551498585941,-54.11114697957519,0.625
3,118.50430346216878,-74.9861699768236,0.8125
3,94.67083727149618,-25.849227192794135,0.3125
3,104.17502259784861,-60.64477158219605,0.6875
3,95.30776485688837,-31.341421260594018,0.375
3,119.8121207123505,-60.79980700143013,0.6875
3,101.37197705755653,-61.41168647924162,0.6875
3,108.44646562216016,-67.97829077919795,0.75
3,88.00793098960571,-26.33820225848806,0.3125
3,102.09106072237593,-36.66376297364593,0.4375
3,114.59247910517962,-67.88539986391355,0.75
3,99.12772274144231,-60.67839775443304,0.6875
3,102.36822537402519,-85.592425180589,0.875
3,107.43711267189057,-54.11114697957519,0.625
3,107.8576644266559,-74.94872767535122,0.8125
3,95.02921639302882,-61.32121268154445,0.6875
3,80.51253253869294,-30.900948364087306,0.375
3,108.34545855816089,-60.971551466665645,0.6875
3,81.254581671033,-16.936307567152564,0.1875
3,97.73573111951491,-64.29412063146577,0.6875
3,115.97858500741299,-75.58030633504869,0.8125
3,94.44631047418939,-48.22066413030909,0.5625
3,92.19699288201345,-30.51573398786253,0.375
3,92.74537405620578,-30.58913313398206,0.375
3,86.63094238219988,-31.37405285368308,0.375
3,133.26733759097044,-67.62685534156721,0.75
3,101.6502858747995,-44.04161167727334,0.5
3,100.70269653128503,-55.68542731820192,0.625
3,134.27808452010518,-99.9759606120915,1.0
3,86.83497231893158,-32.102111564810485,0.375
3,97.22787192597029,-61.2992158524514,0.6875
3,143.13520800516318,-92.1380683069325,0.9375
3,120.02868456030298,-60.76604872933267,0.6875
3,121.8361712591135,-83.39875155154768,0.875
3,110.21783356753849,-54.11114697957519,0.625
3,102.78669200710911,-41.88450155270647,0.5
3,116.03695094861402,-75.54366439708595,0.8125
3,130.62054986275325,-74.84625990544151,0.8125
3,131.77346622355185,-68.21200421936763,0.75
3,103.97101939108961,-67.63758040051505,0.75
3,114.10668655655718,-75.59685356611315,0.8125
3,126.31202449575845,-83.20479995403859,0.875
3,89.58151083639143,-54.31390192472249,0.625
3,106.16178167397892,-42.129863709174536,0.5
3,91.12323940118875,-30.93492214447497,0.375
3,102.96262905259826,-67.39193883107436,0.75
3,98.2781152558897,-36.251011703519424,0.4375
3,120.7303266832715,-91.7001429009344,0.9375
3,119.46421650395438,-83.03457215349154,0.875
3,110.05517967860487,-69.93864877411679,0.75
3,108.84448621244096,-67.53803239432102,0.75
3,128.72027002915902,-100.1753208156857,1.0
3,93.14932587377581,-54.331546173667356,0.625
3,89.69656000588236,-31.591705458315957,0.375
3,99.73325365200836,-42.30293289479695,0.5
3,94.52976071890588,-62.09568444273776,0.6875
3,113.40204008124846,-68.01899287596719,0.75
3,75.28703096853349,-21.843930671380154,0.25
3,104.1957699308592,-54.11114697957519,0.625
3,79.49668647714874,-27.327680391613566,0.3125
3,102.6711765837198,-67.39319860570083,0.75
3,96.61272592473732,-60.874470244008236,0.6875
3,94.63378649056331,-37.484978291056734,0.4375
3,103.91292991641194,-54.29937918717284,0.625
3,91.7197995265138,-48.298722815434886,0.5625
3,98.54637980383391,-42.062614969275735,0.5
3,102.63168555592961,-74.12750450874066,0.75
3,83.48579356803437,-42.306091751008815,0.5
3,86.96931652134302,-27.040660445288168,0.3125
3,103.29619146243958,-68.01227393042602,0.75
3,125.39187266039376,-82.64504565116552,0.875
3,106.6203655162015,-74.96724068906342,0.8125
3,81.48542130391138,-26.48118398183365,0.3125
3,97.26553591615816,-60.670867352070104,0.6875
3,97.2385207888404,-36.23307171986214,0.4375
3,82.4801845952981,-26.2213621597805,0.3125
3,89.63735538121924,-30.882634140796906,0.375
3,85.5866593501903,-47.96554932301723,0.5625
3,90.17670452523708,-48.24979840283046,0.5625
3,101.79656127431709,-55.407858278114794,0.625
3,80.04392498961305,-27.258080585173758,0.3125
3,111.89350426309392,-90.54434209990805,0.9375
3,114.27346802350525,-83.50869549243546,0.875
3,105.26447852549099,-61.318107805776705,0.6875
3,95.18196578601842,-36.10243040080514,0.4375
3,95.64919657815857,-37.718648012907664,0.4375
3,110.52750368879802,-82.68770549725541,0.875
3,111.2759275797082,-62.758114280925994,0.6875
3,96.80544497194464,-74.97335087060334,0.8125
3,101.46659982181956,-68.15555749539847,0.75
3,110.61200937274367,-68.30452751510941,0.75
3,99.23100640004589,-36.37429247065732,0.4375
3,101.0670874023083,-41.950360467545266,0.5
3,105.74945474944583,-47.9228315941545,0.5625
3,105.30617345015993,-54.314194004396185,0.625
3,93.44819298989472,-30.82806037064696,0.375
3,122.16505816963847,-82.75753119351403,0.875
3,102.47753811526002,-67.70273588757772,0.75
3,79.2268801887401,-21.361443124000242,0.25
3,100.04057426201756,-60.72426730818342,0.6875
3,92.36307763884501,-60.75717998426881,0.6875
3,96.23695757535782,-42.01603645336835,0.5
3,120.89819526618368,-82.9948350433515,0.875
3,104.6602791620839,-36.49690459069516,0.4375
3,96.84805470342303,-67.38600504813725,0.75
3,96.77553213116798,-36.75397233025258,0.4375
3,100.50031452593974,-60.729657109505006,0.6875
3,96.5843981288098,-47.945050034649874,0.5625
3,125.10218973669491,-90.88830720956071,0.9375
3,95.11855639648137,-36.11395435071646,0.4375
3,90.57039714568535,-36.3968379331685,0.4375
3,112.583136989156,-47.85675567903811,0.5625
3,115.63471611285475,-82.60714045018695,0.875
3,97.49622465281871,-47.90779355023794,0.5625
3,101.74935896659412,-56.79446915977147,0.625
3,95.2323957275651,-42.86788419428565,0.5
3,105.01270591434508,-37.68709189819185,0.4375
3,99.68556584430041,-48.4606659868805,0.5625
3,127.05877923277897,-82.69378804908213,0.875
3,89.35821729443552,-49.41540399915451,0.5625
3,117.65569936590445,-69.02311694518743,0.75
3,105.27744764481027,-68.00964748718211,0.75
3,99.65360760875703,-41.9289362678408,0.5
3,81.08296038952355,-27.62672628874799,0.3125
3,97.36417543190935,-61.19476348639987,0.6875
3,141.66239914038056,-90.86841834286652,0.9375
3,91.86259116334095,-54.80105484983153,0.625
3,93.0239868862648,-42.02278404548997,0.5
3,107.30283187810234,-60.63276491543641,0.6875
3,93.08906738510771,-61.6902162526675,0.6875
3,103.86038906582726,-48.88987872869456,0.5625
3,114.23103502213962,-54.160621294145244,0.625
3,108.08113379346898,-83.05005134657277,0.875
3,93.77765659858706,-25.741073382032216,0.3125
3,97.2769586664928,-41.986173930988585,0.5
3,91.78237949417178,-36.360102972668294,0.4375
3,96.62087300827353,-43.900603090398675,0.5
3,93.62315203568204,-30.87884401799052,0.375
3,119.35649167997909,-82.71754181205226,0.875
3,102.8849776861631,-47.85763708383334,0.5625
3,104.42071211570985,-67.52734797403016,0.75
3,124.20221070731844,-90.76156262603492,0.9375
3,82.3522579463474,-28.41562045321235,0.3125
3,114.77588409027652,-82.39218476874511,0.875
3,119.02647887033113,-82.567098171785,0.875
3,123.10716337463661,-74.62200473516012,0.8125
3,101.21285735501624,-42.07241517479633,0.5
3,79.49818355132417,-31.28391336958798,0.375
3,108.06886551020374,-60.72283843201454,0.6875
3,92.21102823739845,-39.78937011564392,0.4375
3,97.75341739930477,-61.034861158681736,0.6875
3,96.23863676821516,-43.76760004077887,0.5
3,99.0253218008934,-56.3373354718571,0.625
3,100.17322434262455,-42.29676764420239,0.5
3,93.99332738179955,-47.90113344456677,0.5625
3,91.00355556765044,-54.24166162098358,0.625
3,89.90848130326357,-32.201726600203685,0.375
3,114.30114333873189,-67.52844028858668,0.75
3,111.65431853206826,-75.02592346927318,0.8125
3,110.0562418219315,-76.0606997046499,0.8125
3,94.83910565927694,-30.96460691228104,0.375
3,104.98463726149316,-67.44668664338826,0.75
3,102.92411579002285,-30.978103126053526,0.375
3,94.37482977318022,-31.289220285001146,0.375
3,113.07890675697713,-67.59460038839529,0.75
3,93.40061753402635,-25.949190767861808,0.3125
3,86.8315664431761,-42.81238525614112,0.5
3,103.68018510727603,-48.99310860888632,0.5625
3,107.65191996736138,-54.33453583281004,0.625
3,132.56327485186438,-101.00554103534708,1.0
3,108.58102222067862,-60.618620562047205,0.6875
3,93.44512270298202,-36.128072449719184,0.4375
3,104.59752671032989,-74.98449399788691,0.8125
3,92.2779986549834,-48.30789337327448,0.5625
3,92.50931477614492,-60.66677752599105,0.6875
3,116.03547980484366,-68.35699923763302,0.75
3,99.03848297566671,-55.641027351734635,0.625
3,87.26315123372795,-25.750989454949853,0.3125
3,99.26790230893272,-67.52130999427722,0.75
3,104.6426762060557,-41.94250816051696,0.5
3,98.75792472879104,-61.13297995158484,0.6875
3,82.79796777870142,-36.144564052670866,0.4375
3,109.54728863790928,-68.33059064267268,0.75
3,101.77405973001143,-41.94253973882887,0.5
3,95.49529601274283,-33.05845939772752,0.375
3,117.5834526072291,-82.65242186553161,0.875
3,97.93894627344369,-47.972183414437396,0.5625
3,88.21040695506767,-36.90990867749852,0.4375
3,124.61118747399848,-67.83307758955705,0.75
3,107.77313279515528,-68.09025260170596,0.75
3,111.04058783347736,-67.52061248654438,0.75
3,104.80237183835098,-62.82298081967584,0.6875
3,104.64088400744866,-60.7145023716584,0.6875
3,93.89371653301426,-30.87502605346508,0.375
3,100.17988320743767,-60.860666184586655,0.6875
3,88.36820400161675,-30.9977011371004,0.375
3,109.29886587891313,-75.00093383712573,0.8125
3,88.05109939905903,-25.946705967380502,0.3125
3,139.76853733068373,-101.28671395185374,1.0
3,82.55827833065361,-21.786558653567486,0.25
3,99.52489240219798,-41.81599924054466,0.5
3,89.67659086892127,-36.199545193882685,0.4375
3,103.01046763145816,-54.97021112028406,0.625
3,80.14113867955844,-21.44835962211096,0.25
3,81.50064867918222,-31.36105656092937,0.375
3,95.06380395911826,-25.838995733201227,0.3125
3,96.60822305848185,-42.02259877055447,0.5
3,92.94615557872447,-36.52727189493558,0.4375
3,103.06053666534902,-62.83228522111409,0.6875
3,94.89848163208286,-47.869156663630335,0.5625
3,87.69280499835241,-42.127893187202844,0.5
3,96.64795333147859,-42.51210106122981,0.5
3,106.43475102357576,-70.05334594927714,0.75
3,110.72964681088595,-82.26160983797203,0.875
3,81.81352280595546,-26.27123499443028,0.3125
3,88.56397143177284,-30.953677761345084,0.375
3,126.89136327257395,-92.23551769937596,0.9375
3,115.46633478608071,-49.065435380546845,0.5625
3,111.42571564848123,-54.803848747690836,0.625
3,102.37382445482912,-54.11114697957519,0.625
3,120.90487969348334,-82.51954960698238,0.875
3,104.53878258297105,-54.366957383773126,0.625
3,91.47862031172733,-36.89699000308244,0.4375
3,106.80545965222554,-82.83884996685592,0.875
3,117.82099517897502,-60.60990404308626,0.6875
3,90.91368666498296,-30.974433848006083,0.375
3,85.66040163065124,-20.711882504160492,0.25
3,105.76180369745683,-37.54471478938608,0.4375
3,128.05678691612837,-90.76777546858432,0.9375
3,87.46833670956411,-36.19730048983566,0.4375
3,100.73493764693072,-36.13960531314265,0.4375
3,109.1343349134061,-49.35604047159227,0.5625
3,81.39971727689749,-25.807361149164063,0.3125
3,87.62536221284704,-36.747915915608154,0.4375
3,94.81059007769584,-56.80754121566666,0.625
3,103.95062168388066,-54.11114697957519,0.625
3,105.93641480292408,-49.370937192028215,0.5625
3,95.86497104782849,-61.330949897878185,0.6875
3,101.66059137288808,-67.49510846044446,0.75
3,107.70740214439864,-61.523031463874496,0.6875
3,104.02576664297969,-36.4029186158328,0.4375
3,101.57074183726562,-36.823442581543866,0.4375
3,120.88182143627002,-83.22519858943313,0.875
3,98.51455570681867,-67.58504228587769,0.75
3,114.51795182703266,-61.16568345352016,0.6875
3,89.89151635060034,-36.603367683503166,0.4375
3,93.42384109567165,-42.16285019765142,0.5
3,132.87581106663703,-100.14083704412992,1.0
3,85.25491357392073,-42.57846500089513,0.5
3,92.20062617629284,-26.83001712676683,0.3125
3,132.38661951950849,-91.33263984395766,0.9375
3,85.43558257413055,-26.744712829614198,0.3125
3,140.16931113971665,-90.94499034650879,0.9375
3,82.9498976566932,-27.15625588470882,0.3125
3,101.18292211556201,-54.11114697957519,0.625
3,115.78284018190507,-91.08459378351697,0.9375
3,120.71403786017434,-91.00678776838697,0.9375
3,124.33922987937595,-92.43682528904321,0.9375
3,99.85927887086297,-31.283766575668178,0.375
3,107.69272098537732,-60.928853226855836,0.6875
3,108.64036387326857,-54.24471879811704,0.625
3,92.77863146521914,-31.55686323943086,0.375
3,134.63653096190336,-67.80142176411485,0.75
3,129.30218719292947,-91.63859173314647,0.9375
3,89.30758111593562,-26.611491759562373,0.3125
3,93.23247380202815,-36.308343744826594,0.4375
3,95.39545827509767,-54.76037097869277,0.625
3,117.19059640931104,-75.15017216080955,0.8125
3,124.37108498412388,-83.36636220258814,0.875
3,107.32556753702549,-67.8578796525133,0.75
3,91.13615898501983,-31.543696579936423,0.375
3,135.04293878538255,-83.7494991675056,0.875
3,106.10071597579444,-42.15077384047673,0.5
3,88.60472324894705,-26.527850029088366,0.3125
3,118.28682589289738,-82.6917415465974,0.875
3,86.24464501752206,-21.54274392563601,0.25
3,107.67806556684229,-54.948531810973975,0.625
3,100.43974479824094,-47.891745963638215,0.5625
3,96.55995423019822,-42.113007795238346,0.5
3,84.61655852173533,-26.413384731437773,0.3125
3,86.2152181645689,-36.40739752904016,0.4375
3,116.65928154924752,-75.46636995975982,0.8125
3,142.39861801590118,-92.19911682174903,0.9375
3,114.80739236962931,-75.08766795941483,0.8125
3,106.81136370901075,-54.11114697957519,0.625
3,101.11146053456149,-48.294370063577624,0.5625
3,112.23946821703525,-75.23634718787999,0.8125
3,114.34749586646413,-67.85296329771776,0.75
3,109.72171094549262,-54.96151084565257,0.625
3,101.72955980106218,-54.20646460575872,0.625
3,114.90860106508288,-83.49125652198991,0.875
3,105.89406577725524,-60.6821620013439,0.6875
3,82.60253547006083,-21.382405720039742,0.25
3,96.36436358463574,-31.837109797056147,0.375
3,82.49649854603703,-21.188970819946668,0.25
3,109.56892856115428,-41.945455287994534,0.5
3,104.87291370316667,-48.40799329871328,0.5625
3,93.67470906493153,-42.654763315127965,0.5
3,101.10564045646309,-54.11114697957519,0.625
3,107.03589630819008,-67.63585984457832,0.75
3,91.66814487112318,-30.692849481076895,0.375
3,109.92432117067786,-67.7078522196871,0.75
3,105.32582977050751,-67.61194966360155,0.75
3,92.30144058612149,-32.47864087421925,0.375
3,105.13282282510545,-54.306640399814974,0.625
3,99.00982759039144,-68.49774288367809,0.75
3,106.63939670002995,-60.68207206847858,0.6875
3,128.10044569943827,-92.65573498719479,0.9375
3,96.37643797070409,-36.13936060667902,0.4375
3,119.88873154078593,-90.34602876774925,0.9375
3,134.52637281433303,-91.96718147557833,0.9375
3,102.96864002840944,-36.494240010389746,0.4375
3,90.19054536563553,-41.91105028863623,0.5
3,136.69129720561918,-76.4329582930209,0.8125
3,92.76716712465333,-47.97517319113869,0.5625
3,108.7684444200573,-54.40426824375494,0.625
3,139.0628513232037,-82.81855585821896,0.875
3,133.07244652191144,-90.81640948798739,0.9375
3,112.77409168453578,-60.626938001923165,0.6875
3,100.5340504318748,-37.16552552064219,0.4375
3,103.71954665280087,-42.62235262411265,0.5
3,99.6097306572644,-47.90461049514335,0.5625
3,117.47976912324474,-75.02363325564252,0.8125
3,88.68225385190082,-41.913995093216656,0.5
3,110.6407324759863,-42.19689351737364,0.5
3,102.17687059828175,-49.501713488525304,0.5625
3,86.36515780521691,-61.18041855596027,0.6875
3,122.2685496585576,-67.70227426304766,0.75
3,86.28512634074029,-32.28907141329105,0.375
3,96.64127246469624,-41.844649611951226,0.5
3,128.38056763125934,-75.05825637444833,0.8125
3,107.78588884101221,-75.20857134594293,0.8125
3,106.01023317569185,-47.95864020745423,0.5625
3,106.23094690323505,-70.10189085879568,0.75
3,102.84091661005448,-36.58758030265708,0.4375
3,95.25468093794711,-55.76922075791396,0.625
3,117.57320910322547,-60.74053575129034,0.6875
3,108.2681092034095,-47.85758319907494,0.5625
3,111.99949496426393,-60.609781328779036,0.6875
3,89.11153498630003,-36.474771848806,0.4375
3,82.58575815906757,-26.175070197533373,0.3125
3,109.27112567440619,-74.57168741274303,0.8125
3,94.3204339334921,-62.480490495814934,0.6875
3,105.89881783937977,-68.47551944699448,0.75
3,93.062199633745,-41.947390522938264,0.5
3,108.83956566502833,-55.535084503569976,0.625
3,107.2718939949986,-54.24094718952197,0.625
3,100.03621541109953,-50.096106742649866,0.5625
3,91.7608581836574,-42.944774359875716,0.5
3,83.3484925716809,-30.93034702717386,0.375
3,98.91020874586357,-60.76488099063583,0.6875
3,100.27247952734923,-54.41560413655124,0.625
3,103.1537005300982,-61.19205601826084,0.6875
3,98.2886360136062,-42.24304702023846,0.5
3,114.24757217343027,-54.34468294322613,0.625
3,102.92570437442663,-47.88996608347312,0.5625
3,86.3482958247376,-42.20286687867705,0.5
3,106.88885371534367,-74.60903462882578,0.8125
3,98.78177429335207,-36.33947186342492,0.4375
3,88.55270962517378,-36.382594753796056,0.4375
3,104.53433133160412,-60.678231063263446,0.6875
3,100.47108923276475,-49.09938733189644,0.5625
3,104.29185164534336,-54.11114697957519,0.625
3,99.58963619854026,-55.10587428084907,0.625
3,97.68679967076766,-36.87464861804947,0.4375
3,94.71551081397001,-41.80507124077571,0.5
3,106.01845839768511,-41.96479915129936,0.5
3,112.4529195185312,-68.0183809324552,0.75
3,85.89742171975759,-31.048976445864692,0.375
3,119.03989313169818,-82.84063061864734,0.875
3,119.32765887805681,-77.17121403258461,0.8125
3,121.17219953901844,-91.66075895802389,0.9375
3,99.67615892328142,-54.23100186125998,0.625
3,96.9544699817132,-37.51383315094407,0.4375
3,86.24606327290856,-23.016797320104274,0.25
3,93.4793029802901,-54.22771115820279,0.625
3,91.95345682115547,-42.908364950761204,0.5
3,80.39897493311045,-21.488952385725284,0.25
3,101.51330048331066,-48.30634687750913,0.5625
3,115.53347034157026,-75.46139447992694,0.8125
3,89.75433925294865,-42.200817897182226,0.5
3,110.25468122414385,-93.9383853182965,0.9375
3,102.223267803336,-60.665549277924534,0.6875
3,102.79552478185248,-42.18812779499455,0.5
3,121.19624803562547,-68.34806603671464,0.75
3,126.2004347267555,-83.56893147418795,0.875
3,92.25936376831794,-26.052801500292755,0.3125
3,91.74458020317574,-54.11114697957519,0.625
3,111.6215522371181,-74.92493727570216,0.8125
3,98.45947719229807,-36.7527613226759,0.4375
3,91.47933148338336,-41.95562487203591,0.5
3,97.96904194014657,-70.10503337948074,0.75
3,85.91609757098689,-37.49891250946088,0.4375
3,93.99190667575216,-46.089162910744996,0.5
3,110.96052434878048,-74.68181722119108,0.8125
3,88.89449733764502,-54.27123730628366,0.625
3,122.76664079030262,-84.7231871521951,0.875
3,86.52512158326999,-42.07569851299722,0.5
3,111.97883426932924,-61.14390345436458,0.6875
3,132.66900521956424,-68.50737578323232,0.75
3,107.5277654997712,-92.49806933761319,0.9375
3,102.78726913068819,-68.05513434744385,0.75
3,111.09076468135733,-37.54001628010082,0.4375
3,102.46981086531781,-54.97322011290362,0.625
3,118.00740489027328,-74.90330143820178,0.8125
3,123.57267597267922,-67.53539672061792,0.75
3,140.05219874140684,-90.72766764408797,0.9375
3,97.71813893032767,-54.4127241731499,0.625
3,89.99874813203985,-42.25940627929681,0.5
3,92.30547983586182,-48.22068870058,0.5625
3,105.86840459195106,-48.60148266509724,0.5625
3,94.88211053583969,-54.43989988062473,0.625
3,103.80928337761675,-25.6333286316924,0.3125
3,119.4306120139858,-74.8403525692646,0.8125
3,94.10956535160737,-36.60223725255706,0.4375
3,94.63185372071769,-41.86583571421759,0.5
3,98.61431366772845,-48.25754018263953,0.5625
3,104.20884026082773,-83.06523081891278,0.875
3,117.10255884867091,-82.12127164509032,0.875
3,103.22105729007815,-31.041540487186314,0.375
3,97.87767186168611,-47.878890917624986,0.5625
3,116.87811254963003,-82.42577130097528,0.875
3,118.98161854774145,-61.461166148394,0.6875
3,97.07131587204792,-36.71896417750619,0.4375
3,93.7036368132238,-37.633003642284926,0.4375
3,97.76689646878552,-25.623848497454055,0.3125
3,100.1253860574233,-60.715531973558086,0.6875
3,91.09958561959618,-54.80849815767981,0.625
3,83.06341730758147,-30.952616546628168,0.375
3,104.10530853166391,-54.9307029106745,0.625
3,100.04547858360198,-54.11114697957519,0.625
3,96.24579790112472,-57.605691338190525,0.625
3,96.82237960632939,-61.619555574028254,0.6875
3,121.07723821417618,-74.83774226722436,0.8125
3,84.45539539239485,-31.898546993896193,0.375
3,118.81406393063887,-82.50550372317925,0.875
3,100.21608809817566,-47.92982821090739,0.5625
3,100.6166745377769,-54.28556003997403,0.625
3,79.56095798916512,-26.260030445396293,0.3125
3,109.27119578340752,-54.40322297053307,0.625
3,98.30977993473793,-25.37996617630349,0.3125
3,116.17015071408008,-54.800183362915966,0.625
3,92.38416527381997,-36.34389131191077,0.4375
3,101.271599493268,-37.15260401755937,0.4375
3,95.72432158446115,-42.429815310272005,0.5
3,112.84227109542346,-61.26845530483246,0.6875
3,99.33322435246994,-54.11114697957519,0.625
3,104.79782286175465,-74.96598462913278,0.8125
3,127.52104191431295,-91.79589445749532,0.9375
3,116.74227727150719,-75.0102167869553,0.8125
3,125.02962980180246,-82.86174787664147,0.875
3,118.25849706542952,-91.53399737394476,0.9375
3,81.61613663696345,-42.16507277582002,0.5
3,114.7993945540637,-67.54231673643942,0.75
3,118.88634348674185,-90.63486906534523,0.9375
3,91.99788574291755,-42.682179939633116,0.5
3,109.18283988382873,-67.78760884681381,0.75
3,80.36261453973084,-25.47671563012843,0.3125
3,132.47923134704644,-82.20763071545038,0.875
3,86.41181084481559,-41.87182068903264,0.5
3,138.27765716324376,-102.04101200766013,1.0
3,125.24658962235435,-82.60522667368271,0.875
3,116.54499688673108,-67.95338546378574,0.75
3,92.07393411518979,-37.53433212206238,0.4375
3,98.86134842966183,-54.59645190447271,0.625
3,84.9034074082294,-47.87360988373696,0.5625
3,132.99293309233656,-82.36327935174225,0.875
3,125.24114461380395,-90.87117503817014,0.9375
3,87.82088519690357,-49.25228107685622,0.5625
3,111.08702138642563,-54.335603485501686,0.625
3,101.58901937276714,-41.98325059867882,0.5
3,112.9934885384333,-67.49454722672742,0.75
3,101.75479589454342,-36.391756274057634,0.4375
3,91.93750986199106,-30.64257384488551,0.375
3,102.6169941217223,-67.66602364436493,0.75
3,119.23437100091172,-83.57046459537193,0.875
3,111.06483796556684,-62.89276524459659,0.6875
3,114.7283506951204,-90.91633198904337,0.9375
3,113.62167630157182,-75.80188983706654,0.8125
3,88.66245121840089,-42.16059104358798,0.5
3,93.46940108926462,-36.29543258949822,0.4375
3,101.4180378196748,-54.11114697957519,0.625
3,106.90908377070976,-82.29527148533784,0.875
3,103.13072998992827,-62.41763190878119,0.6875
3,124.07743071524,-82.60192449011299,0.875
3,84.41295100203796,-42.79067992197645,0.5
3,96.15983342484968,-25.45040224267924,0.3125
3,80.76922846393528,-32.47927103158109,0.375
3,94.11544448073023,-48.337368960117914,0.5625
3,116.46262794785743,-67.41581468650189,0.75
3,85.08246211171803,-31.48018100547106,0.375
3,105.86830522419423,-36.80151001557026,0.4375
3,82.82029030833452,-26.956476342321647,0.3125
3,120.67464135258619,-67.43277424770861,0.75
3,112.76239678673473,-60.61132251889008,0.6875
3,94.04274429607736,-30.810293197121496,0.375
3,110.02970676860191,-54.16010074889784,0.625
3,69.55989746455731,-19.956572461182237,0.1875
3,119.22496765069911,-90.91022329601488,0.9375
3,86.21952821535828,-48.326263229060224,0.5625
3,112.00554406848077,-60.727649003523275,0.6875
3,135.29252859247856,-68.1664300840563,0.75
3,115.17253271514632,-67.5653803899234,0.75
3,100.24118205296331,-47.876646266382586,0.5625
3,105.36879424634398,-60.70159034608659,0.6875
3,84.14195519773445,-25.249074751360677,0.3125
3,109.88742503861468,-67.93328930680025,0.75
3,103.76998000454296,-54.30697362140426,0.625
3,121.0596225864698,-100.93635496596926,1.0
3,106.08454076549414,-67.58931560758268,0.75
3,78.20551831762639,-21.307115256943085,0.25
3,82.1033882697598,-26.64018102326201,0.3125
3,92.71265616449739,-49.582621452379435,0.5625
3,93.94533295370532,-61.47049348685229,0.6875
3,85.46279586590704,-36.64792338643741,0.4375
3,115.8005318006796,-82.92792961521515,0.875
3,88.9603468631929,-21.183742906041985,0.25
3,103.08910216927202,-61.09028075500016,0.6875
3,119.94465937011528,-82.24784896086972,0.875
3,99.34381103114086,-54.11114697957519,0.625
3,111.85815766534621,-47.99858808538918,0.5625
3,101.58769041690397,-60.923384245700696,0.6875
3,93.34363230432365,-49.13860801341861,0.5625
3,99.163887893657,-36.77429179849852,0.4375
3,88.75788517780535,-31.551359438408042,0.375
3,138.57613575482532,-90.81053477489344,0.9375
3,96.3646563503656,-36.21104352811634,0.4375
3,94.30160222860843,-55.77888688844412,0.625
3,83.03456625320312,-22.086332051826318,0.25
3,112.01437031017925,-77.76661917530774,0.8125
3,100.307685729467,-63.7344075061297,0.6875
3,73.55981872906182,-21.602540898398562,0.25
3,107.10686516469228,-60.70763495741838,0.6875
3,94.51110832582063,-54.26879558456001,0.625
3,120.04771981011508,-91.71489400824706,0.9375
3,74.00514349784146,-17.67557784672481,0.1875
3,114.777614685601,-74.94999148049006,0.8125
3,101.99315694541764,-42.018194978047525,0.5
3,93.9684511663975,-36.74368118668286,0.4375
3,93.29359296432739,-25.95527741693619,0.3125
3,110.59531338973139,-67.50612044053999,0.75
3,97.0234166563962,-42.45015324580774,0.5
3,108.5051003808807,-61.821544266655984,0.6875
3,114.4462364195554,-61.13859250392382,0.6875
3,96.10092740559578,-41.90450317382265,0.5
3,89.83692138116099,-37.13208995426136,0.4375
3,109.45117179325621,-82.62222224325592,0.875
3,89.78266940312737,-25.97392435995196,0.3125
3,113.01945294537627,-85.87305687371419,0.875
3,123.89519005979119,-90.99853622535966,0.9375
3,111.81096438403648,-43.75286426880886,0.5
3,113.53993021843169,-82.54802851543431,0.875
3,102.02332369337338,-42.40124555506109,0.5
3,101.83745799567217,-36.516099946625765,0.4375
3,94.77424057273278,-42.011751200782385,0.5
3,108.16072211508975,-60.65888155653842,0.6875
3,93.0226607067623,-49.54748803271966,0.5625
3,118.6849918412264,-77.26187603294589,0.8125
3,123.967781658946,-83.95127994742354,0.875
3,93.65794768945287,-44.07264698991421,0.5
3,126.77067683656891,-76.0050511194146,0.8125
3,111.55678286846292,-82.46368914376448,0.875
3,82.32357910952739,-27.525335767213214,0.3125
3,80.08547784905899,-31.636072308854697,0.375
3,81.32030102593338,-21.52784554759358,0.25
3,105.57287897788663,-74.59737158674574,0.8125
3,112.98968714318862,-82.59072234071822,0.875
3,91.43381466047393,-54.331484138315105,0.625
3,118.64788251381388,-90.73094047475675,0.9375
3,113.1071626976885,-67.62397385003749,0.75
3,112.40530880083021,-82.82442517913803,0.875
3,98.33221296350636,-42.11601386628183,0.5
3,117.29556780199566,-75.507653403926,0.8125
3,121.24956277589125,-74.74225718649402,0.8125
3,98.85340032970474,-42.205411608244525,0.5
3,107.9718383010863,-67.92785143243793,0.75
3,91.49708157861677,-49.20998535561141,0.5625
3,106.24882561472371,-68.70012329109989,0.75
3,105.72372869855629,-67.97088759023123,0.75
3,130.5100626652122,-60.62208425495708,0.6875
3,100.08720805271103,-61.0105675862973,0.6875
3,97.72373310931991,-67.42930859693996,0.75
3,107.43901710727877,-67.55431836929296,0.75
3,74.03975416992043,-17.916275080791085,0.1875
3,99.7446600740226,-54.26360775622787,0.625
3,87.29143642008937,-22.282204329516006,0.25
3,104.40399945343309,-54.331584369798094,0.625
3,121.94214601853892,-60.803037622276044,0.6875
3,96.61869410813021,-54.77296043346921,0.625
3,99.04581119965076,-36.44590706211169,0.4375
3,94.29895319080332,-67.33145470606323,0.75
3,108.92685338608705,-76.6496347977131,0.8125
3,94.17532938699745,-30.85226502137003,0.375
3,98.29258302004224,-36.186670156125885,0.4375
3,112.46301234401955,-60.64138334140592,0.6875
3,93.54373211400865,-47.90491388335813,0.5625
3,96.00674297181686,-36.16167016691004,0.4375
3,108.85053824340747,-42.756582643994754,0.5
3,103.04668680561812,-47.85551157357761,0.5625
3,123.45747346857019,-91.74985823746609,0.9375
3,97.62963843928156,-42.65088694717458,0.5
3,114.56914383758541,-60.6881279621352,0.6875
3,108.89542263268326,-54.42989454813047,0.625
3,93.46805137075023,-37.21931033055012,0.4375
3,110.56140194827168,-67.53408219341517,0.75
3,103.69813334964422,-54.11114697957519,0.625
3,117.1929574395705,-99.7152803339977,1.0
3,104.43570930654613,-48.13719882801718,0.5625
3,92.90623255663701,-44.17171293010064,0.5
3,115.32355079742567,-82.65946425382646,0.875
3,113.0275431661162,-74.75495700215238,0.8125
3,104.56822618660102,-42.67989523258474,0.5
3,104.77614789254154,-60.780433929038786,0.6875
3,95.66300504383243,-67.93804441129589,0.75
3,94.91356337466567,-36.84829077415422,0.4375
3,138.67250422229594,-100.90522582046052,1.0
3,91.85436622844824,-42.29902430871366,0.5
3,98.66070390899004,-75.10722601101003,0.8125
3,88.1650581064508,-21.386755871740423,0.25
3,107.06142302096025,-61.21315735500722,0.6875
3,113.54861536385094,-75.05902296949529,0.8125
3,116.91870784269365,-82.43207528588898,0.875
3,90.92287516591153,-43.006429576959405,0.5
3,82.26544445068991,-17.934031834482052,0.1875
3,94.0509318033386,-25.46474785804402,0.3125
3,121.64525939440136,-60.687962824124696,0.6875
3,116.6315157565011,-90.81407554903622,0.9375
3,105.49081370643924,-90.90145714076002,0.9375
3,101.09388161242532,-49.01320361154099,0.5625
3,111.33302669745592,-91.25177525361752,0.9375
3,112.91112573173095,-83.48827062668707,0.875
3,90.528962775352,-42.649137427462996,0.5
3,106.02011289124506,-41.97036182619492,0.5
3,97.50711993196936,-42.89432188003009,0.5
3,93.87409423479077,-54.42229514755201,0.625
3,120.68065404921093,-75.34141388873303,0.8125
3,97.99735881511796,-54.11114697957519,0.625
3,67.95176233664502,-18.890010360736312,0.1875
3,103.98679057479134,-67.77124051521513,0.75
3,127.57676386670458,-100.78561544540165,1.0
3,93.85740473678034,-42.0104393664288,0.5
3,123.90671548229912,-68.59443178721662,0.75
3,122.25995854090439,-75.12415269724508,0.8125
3,91.10017367831821,-30.851916632237025,0.375
3,103.12440929339883,-83.16588719210034,0.875
3,98.62733372766286,-61.36668413900663,0.6875
3,110.29318773769292,-62.26902111977371,0.6875
3,90.42003381925535,-30.62847070319455,0.375
3,114.77877480637846,-75.15122612599471,0.8125
3,108.59550781240736,-54.11114697957519,0.625
3,116.11747590662188,-74.93453631699445,0.8125
3,71.53905624212635,-17.079633141077355,0.1875
3,103.3657031094298,-78.10568187904482,0.8125
3,77.79230025827212,-25.74619747355976,0.3125
3,101.90831550958168,-68.2984663759445,0.75
3,96.14538079630574,-43.66979160231698,0.5
3,101.96154959958218,-75.23216390491993,0.8125
3,117.19393904020923,-84.06641287597195,0.875
3,106.44638125243114,-42.75988301041064,0.5
3,106.79530615472117,-67.49508201449255,0.75
3,106.78604774020648,-75.47837858037359,0.8125
3,100.75599610470776,-54.2384800091844,0.625
3,77.15411108514394,-17.04605872413018,0.1875
3,91.85451756356495,-42.9073680445086,0.5
3,91.0276617743067,-41.85747392304837,0.5
3,122.04475130327958,-61.240291519675964,0.6875
3,85.82735632892825,-41.97325892685661,0.5
3,93.67364987177126,-42.360569573004355,0.5
3,112.7079992541327,-54.971492147738275,0.625
3,86.75138879227326,-37.51809219172676,0.4375
3,131.91264588677979,-83.67022080547736,0.875
3,104.41194219578979,-47.878127002194645,0.5625
3,113.18787592098587,-67.6823641024147,0.75
3,105.99008159592675,-55.5045416508249,0.625
3,121.9807323207522,-82.42919770279111,0.875
3,98.66590100972005,-61.0455820025418,0.6875
3,122.09709443774439,-82.4975725005717,0.875
3,106.78025459968387,-61.20815785353014,0.6875
3,100.25011945746417,-48.36111762419145,0.5625
3,97.74283314655234,-60.924283965578134,0.6875
3,85.4285516490708,-30.785688179803227,0.375
3,94.36499572233704,-42.03487075765026,0.5
3,109.66707020151412,-48.260249490311686,0.5625
3,92.26448295749965,-25.5456312182628,0.3125
3,116.74275366123203,-74.57909310763623,0.8125
3,108.16400610212409,-54.11114697957519,0.625
3,107.89134231457996,-67.65282387707884,0.75
3,86.60969681667001,-37.08512043115816,0.4375
3,82.37005654366644,-36.589157464121364,0.4375
3,93.42242846892628,-36.2648324882998,0.4375
3,112.31635566906807,-60.67258241930908,0.6875
3,107.13433242842147,-82.92458412014672,0.875
3,98.34477556889242,-54.71437592028427,0.625
3,93.39736355400284,-36.41388773018505,0.4375
3,101.8611741817494,-36.451063906487335,0.4375
3,100.7571065486007,-43.86760202142889,0.5
3,120.09803727544404,-74.61874019582429,0.8125
3,89.30496457951496,-30.8174203431569,0.375
3,116.98514628103753,-83.2986228858025,0.875
3,91.8615410811332,-62.29620118041909,0.6875
3,72.03563153932645,-18.941932626383675,0.1875
3,93.41397573813572,-42.56231281003693,0.5
3,99.58968885224199,-55.66609551603348,0.625
3,95.56274117531758,-37.192439293598376,0.4375
3,92.80093704806362,-47.837353863293394,0.5625
3,111.59450989834268,-55.65971296350137,0.625
3,104.39292900122703,-67.7169955623401,0.75
3,96.72284209583526,-54.37380042644169,0.625
3,126.4871301760114,-82.38472465586375,0.875
3,104.66080156149577,-48.43411053340974,0.5625
3,120.44269226273967,-74.87373366667696,0.8125
3,82.9242571697652,-27.410887778179724,0.3125
3,95.606475498216,-48.4477590496558,0.5625
3,121.22670813211049,-67.91282743964393,0.75
3,96.93728819744585,-42.05826223689186,0.5
3,93.69990204262368,-25.53742802460431,0.3125
3,94.86929980287387,-36.300639951801266,0.4375
3,95.76308815856976,-54.95511972803795,0.625
3,98.81951862770836,-54.4022066360554,0.625
3,89.70846707248754,-36.37118223472137,0.4375
3,103.12496090151275,-54.11114697957519,0.625
3,105.24827043208845,-67.85577658031265,0.75
3,99.07179720666412,-48.31848498615238,0.5625
3,84.83972086370402,-21.10323677697394,0.25
3,88.69467766467898,-36.51402804228544,0.4375
3,85.71012932220951,-30.733803311003115,0.375
3,112.82406058025967,-68.98758932912982,0.75
3,96.6332967928458,-60.6515586256046,0.6875
3,123.2098678746868,-74.66383209502916,0.8125
3,102.01119679890229,-67.71255707985898,0.75
3,88.76767663567257,-26.124917017688283,0.3125
3,108.22298092252962,-36.161172659082595,0.4375
3,107.39623821108839,-69.17940996430698,0.75
3,94.99830334303229,-36.66592499725376,0.4375
3,107.24035697540148,-60.71315076647224,0.6875
3,91.45623025904226,-36.699052890438956,0.4375
3,78.70682566726899,-26.16259616271249,0.3125
3,114.98871879155593,-67.64420537544657,0.75
3,88.74961450322537,-25.998697183912032,0.3125
3,114.12147838511257,-75.18430113939561,0.8125
3,98.9144890024636,-50.12327668451566,0.5625
3,129.5843197977666,-90.69697724058476,0.9375
3,118.04277510656038,-67.53729170400213,0.75
3,88.5405819609562,-31.393911539168915,0.375
3,110.05419182035583,-54.61906743722952,0.625
3,119.73899155814003,-67.71700432045871,0.75
3,128.41276407988687,-75.33456453085994,0.8125
3,84.64144789540832,-42.42549952028035,0.5
3,110.57472016224091,-68.4012677348115,0.75
3,108.69480490583167,-83.63576569160313,0.875
3,112.60906145759546,-70.2624782614202,0.75
3,87.17710357974441,-31.27497807787452,0.375
3,113.58931900478562,-48.9914996487999,0.5625
3,110.0044554222587,-61.931053869738804,0.6875
3,102.07977139256145,-36.48411957196126,0.4375
3,97.63155967100049,-41.86049532791829,0.5
3,96.43165726155635,-36.407431316758135,0.4375
3,128.31365267371314,-92.54757314463026,0.9375
3,125.19085883966818,-83.5289833953394,0.875
3,98.43624522039023,-54.11114697957519,0.625
3,153.70853142855722,-101.11868963187287,1.0
3,101.55311042846978,-49.046400657731034,0.5625
3,132.07814094067768,-90.5803746761803,0.9375
3,98.21657032718306,-42.135125772206415,0.5
3,127.62528332276402,-90.80910180986918,0.9375
3,85.5054146270451,-26.47503403557117,0.3125
3,103.04473735421367,-60.65088572143486,0.6875
3,94.75427871025998,-41.782664550092335,0.5
3,95.76525171020256,-41.83469267083403,0.5
3,94.09134321312676,-48.31534772141257,0.5625
3,123.99887230620415,-91.32587750526756,0.9375
3,91.10659635067555,-31.247349126783714,0.375
3,93.7450709134159,-54.9487804702711,0.625
3,138.40706148285778,-82.70001790803063,0.875
3,99.28344540556886,-37.721073099173246,0.4375
3,111.01454921056988,-61.45143999044862,0.6875
3,106.51036538784484,-69.36562339602393,0.75
3,126.90768414730141,-61.09292727658512,0.6875
3,108.38715249603928,-75.30797987972011,0.8125
3,100.34684352134695,-55.04581918967481,0.625
3,108.06759942068942,-67.48155465588398,0.75
4,106.2488706367436,-54.9764655408795,0.625
4,89.85102021255412,-26.58781044301518,0.3125
4,95.75563791616321,-25.764051685124716,0.3125
4,121.12852037550665,-90.93282625921516,0.9375
4,147.84975255961965,-90.43601432064614,0.9375
4,110.10453925879938,-82.15046126860194,0.875
4,107.72966910290928,-69.56167487135991,0.75
4,91.38194404672079,-32.714634232942856,0.375
4,95.85992702656159,-42.65183381237714,0.5
4,136.64637812575776,-99.72565601591486,1.0
4,94.25714109942453,-15.91580105874686,0.1875
4,90.42038625445164,-25.852861227271198,0.3125
4,97.28475599628652,-61.24369828483584,0.6875
4,86.83373520194844,-25.409503785202016,0.3125
4,129.4247430720184,-83.44279587705846,0.875
4,77.99417283846309,-21.185327644461793,0.25
4,96.40767749928276,-30.876355751248102,0.375
4,134.55587545817602,-101.06744062286526,1.0
4,115.85952958525982,-92.57894644968478,0.9375
4,93.23158358229342,-48.294644551679376,0.5625
4,125.69448799754753,-75.11797380131395,0.8125
4,100.22327078807396,-42.00041893839017,0.5
4,89.06737846566031,-31.364138949168147,0.375
4,95.05806057860289,-56.55309323200749,0.625
4,102.0338160068397,-20.893905193908928,0.25
4,98.12881319215552,-49.33422306142131,0.5625
4,109.49907067060145,-60.010336632169384,0.625
4,129.53077164917988,-101.82631437170103,1.0
4,106.85106094211334,-83.62275354817369,0.875
4,113.16969608807665,-90.66338161830609,0.9375
4,91.6834506320678,-48.516618858009984,0.5625
4,79.4818604430571,-16.12590637894289,0.1875
4,92.44997587964923,-31.992960804102356,0.375
4,130.35999873741898,-90.68889477616665,0.9375
4,104.5611023556888,-69.16220641266294,0.75
4,97.9266110901508,-36.41364127264401,0.4375
4,110.30567227130672,-82.12422690071273,0.875
4,117.88504554669635,-90.22409689559343,0.9375
4,115.58003053001597,-82.47816752716257,0.875
4,121.1797722983557,-99.91015896151995,1.0
4,95.59341212170716,-43.375573925219996,0.5
4,108.32161020210414,-62.46079096896624,0.6875
4,94.5900723227835,-36.01917295532417,0.4375
4,126.57256845975478,-82.34161662171434,0.875
4,79.48430552092111,-11.659349752328696,0.125
4,110.13375989031246,-61.45354055423371,0.6875
4,160.73539722459907,-100.78003345416562,1.0
4,120.87639931017232,-48.32202489704687,0.5625
4,115.87763898411832,-48.51577318826422,0.5625
4,80.39310988971643,-11.88091395404143,0.125
4,97.38401173930211,-75.246356207031,0.8125
4,93.680257814301,-42.32207926262139,0.5
4,83.03859209718027,-15.580059108141848,0.1875
4,127.1359833667645,-83.0390621805743,0.875
4,118.69242212882043,-61.91029664696483,0.6875
4,110.994042269085,-68.77645172633262,0.75
4,107.75546263069815,-54.78424276159485,0.625
4,117.07919309830135,-84.48905062114999,0.875
4,99.74881587037314,-74.74450433045517,0.8125
4,118.34793861495831,-90.52432236718774,0.9375
4,89.22297205424897,-26.329311700830303,0.3125
4,87.21879033766288,-20.33248617620602,0.25
4,115.21329716712181,-82.47889604292912,0.875
4,108.64448243281666,-56.806101583081265,0.625
4,95.29325164002965,-54.55782259305243,0.625
4,94.66552545015895,-44.17361138556905,0.5
4,125.39709584434928,-91.60347580845402,0.9375
4,150.424481659904,-99.60568842252057,1.0
4,96.37212712048779,-54.35919739223768,0.625
4,107.09853245934056,-57.398889596365784,0.625
4,96.98358808131091,-56.10960039709081,0.625
4,104.12639561179837,-37.22819005813061,0.4375
4,110.37095944952975,-75.25737245140333,0.8125
4,89.06561623982452,-32.71138910693668,0.375
4,95.59018028844318,-42.00186180073265,0.5
4,98.1165587176463,-60.92522779149123,0.6875
4,103.26964036346382,-74.66321160983847,0.8125
4,104.58420897719425,-82.20389093450888,0.875
4,99.30445675517274,-68.92627018277695,0.75
4,147.7521516298399,-102.15963861596079,1.0
4,112.84777118980442,-63.24497113881747,0.6875
4,104.5491027958524,-48.336976016890894,0.5625
4,86.52564870280231,-30.535887921523727,0.375
4,96.36593194785515,-22.735759254822828,0.25
4,104.25924029548644,-36.430494285321714,0.4375
4,112.51376725582722,-55.703202043497306,0.625
4,116.61031288633927,-91.47186325950777,0.9375
4,118.59109684848586,-76.30200127540321,0.8125
4,92.58755143906151,-43.6608892700483,0.5
4,108.26187564987583,-49.02875675698655,0.5625
4,144.54750988564282,-82.69412079551023,0.875
4,90.0778408857187,-25.43861285250946,0.3125
4,100.24781640616236,-43.5376816826145,0.5
4,132.38030496970939,-85.94892624511785,0.875
4,74.19494593431511,-21.49647415049094,0.25
4,97.16548266871433,-61.96199207947071,0.6875
4,104.33463338323577,-67.63877347669721,0.75
4,106.2986643082315,-62.0508922079909,0.6875
4,132.7466555815911,-100.63673218531699,1.0
4,104.2787519627153,-54.728964493946854,0.625
4,103.90230231356357,-48.5153941064507,0.5625
4,106.02628690656897,-62.23322302650849,0.6875
4,69.07274260126171,-11.369995912965,0.125
4,94.69818642778039,-38.55738285934284,0.4375
4,94.0744215867221,-37.50747968759483,0.4375
4,96.23093723417297,-38.934070573142144,0.4375
4,102.85681343293544,-68.98971281662514,0.75
4,101.52081559039785,-42.93698411464165,0.5
4,89.47949690240083,-38.217806192691,0.4375
4,91.11647591009636,-37.92978281697762,0.4375
4,99.34899972217798,-55.8106292625787,0.625
4,98.74437064208153,-61.168837387579046,0.6875
4,107.09541060024506,-91.06497437710576,0.9375
4,112.10859857723435,-75.52536573773997,0.8125
4,103.02198564534865,-61.43098338599683,0.6875
4,84.8179075932171,-37.5394589155206,0.4375
4,101.33362735283937,-31.02414936744116,0.375
4,110.50001809770089,-74.72109257924627,0.8125
4,103.55131336415614,-68.79400893475147,0.75
4,125.26028016200628,-83.52397189330173,0.875
4,97.88375066400714,-20.786034140625553,0.25
4,95.52163885320564,-56.5817923659241,0.625
4,106.82399435219241,-55.573052839291755,0.625
4,108.32139105607175,-56.080112511200575,0.625
4,81.3820246825258,-20.882301383380906,0.25
4,100.7406753997244,-41.93397944166718,0.5
4,75.1815284257511,-13.59415070052112,0.125
4,86.11987294502738,-31.01847238420959,0.375
4,122.43010539833811,-82.61988608305803,0.875
4,142.01688950976,-99.5179310722144,1.0
4,119.5894515084958,-82.99458100119313,0.875
4,90.76010041030237,-60.99334486179064,0.6875
4,99.58535579519878,-69.3105130280713,0.75
4,83.83492844820637,-31.154517257390093,0.375
4,110.04691952810113,-61.03814343329238,0.6875
4,98.61139220023225,-61.61887444985497,0.6875
4,89.98365142201817,-36.50719781025358,0.4375
4,101.79747076210653,-64.37352965230089,0.6875
4,102.67384343650929,-75.49533942508629,0.8125
4,119.51937130006334,-68.1950972517521,0.75
4,123.60969158386264,-74.89942706957865,0.8125
4,95.85374230373999,-48.376470092503524,0.5625
4,112.44065296465016,-67.71247608889433,0.75
4,105.09937394787141,-61.842404213370386,0.6875
4,120.24139691840674,-75.27831650803536,0.8125
4,94.77338577877032,-20.14077326312878,0.25
4,101.41731232397207,-48.51927405899262,0.5625
4,86.12707583602834,-56.27583926216493,0.625
4,86.95571185822688,-21.209252633896412,0.25
4,113.28341976699392,-56.60273671343928,0.625
4,120.32050280629171,-48.192667392362104,0.5625
4,103.66312395956783,-75.67438072170165,0.8125
4,103.45322942193349,-55.669370804332566,0.625
4,105.22040492881595,-79.6275199353963,0.8125
4,113.62444097474864,-82.00954901835182,0.875
4,113.37978093011341,-61.89730674247682,0.6875
4,111.09654440441636,-76.01551673246497,0.8125
4,79.94860025965178,-15.547528197070443,0.1875
4,119.10471144298673,-91.69589674287923,0.9375
4,100.9802715578693,-64.7111071790514,0.6875
4,92.8565982916155,-62.2421869887207,0.6875
4,99.22429155460839,-38.488227732798855,0.4375
4,105.97118735322803,-61.31173305399173,0.6875
4,104.80379685802153,-54.314361286473144,0.625
4,110.90333378201595,-74.98539980639889,0.8125
4,104.67389038658163,-82.37755199665143,0.875
4,78.5168420764383,-22.648679618635143,0.25
4,88.1626719153867,-25.869220299309664,0.3125
4,104.9364812660848,-48.27423292058139,0.5625
4,111.59096021676089,-69.72814474369255,0.75
4,117.24193664148541,-82.44545466494581,0.875
4,98.366828904287,-75.98798886376893,0.8125
4,87.98034452386881,-25.223891652722838,0.3125
4,89.16155605603188,-42.348925751334335,0.5
4,104.89059332215176,-61.36404443575296,0.6875
4,121.66989453835117,-75.1643748170977,0.8125
4,86.25795789574602,-26.159042806735318,0.3125
4,104.41561318512231,-68.43298117303686,0.75
4,98.99215046139416,-48.99830026383948,0.5625
4,107.50517911355107,-84.01670378161789,0.875
4,131.4155332125963,-98.8501603557762,1.0
4,125.47842586137648,-91.04980601428812,0.9375
4,96.20532894547078,-49.25270262697568,0.5625
4,88.48426107011124,-25.5565755527938,0.3125
4,130.39652980925624,-90.45948513627383,0.9375
4,94.19114139130409,-25.34683534591747,0.3125
4,82.67183003056701,-42.651441532580016,0.5
4,98.4640661200263,-20.70188550320981,0.25
4,107.56272978661019,-75.93950470683284,0.8125
4,103.24522832430141,-69.22927063329043,0.75
4,126.141705275411,-83.08165589588192,0.875
4,125.11314546484573,-82.45337547991369,0.875
4,83.6229276986366,-20.041871428071875,0.25
4,95.58125906691978,-67.66910342079228,0.75
4,119.28137451085445,-54.66361987114465,0.625
4,126.03424800025493,-82.28191029912253,0.875
4,95.04658720861757,-43.51269836606458,0.5
4,114.48215052735759,-74.96538112983711,0.8125
4,89.17089979790855,-44.13712010198766,0.5
4,97.92640409782776,-55.343480780227814,0.625
4,89.4865443001432,-31.21407940007373,0.375
4,107.61388053420036,-48.506744391402364,0.5625
4,106.84616362196748,-62.49168892692721,0.6875
4,95.27490022605195,-68.19640550498346,0.75
4,95.0735147285186,-82.86487710591982,0.875
4,97.02114895651147,-22.121807713598,0.25
4,95.10841025047398,-36.87084480783641,0.4375
4,115.73429877864152,-83.71947556562935,0.875
4,117.70321314249506,-83.10930438904246,0.875
4,152.61024401972816,-102.27042665615446,1.0
4,94.40811647733727,-49.15857929864458,0.5625
4,109.65588677056097,-60.83585277465516,0.6875
4,121.59263159938844,-68.96481148696142,0.75
4,102.54762106353674,-55.856845027915604,0.625
4,71.69050336270868,-22.25484599763853,0.25
4,86.514671012019,-42.61136980286596,0.5
4,103.32608827192298,-48.01447925952968,0.5625
4,112.24091303372934,-82.60725896325017,0.875
4,105.95731778333392,-72.00103937885905,0.75
4,108.78793922934655,-67.62386584282777,0.75
4,95.80614619083484,-37.58937546636884,0.4375
4,80.1750913599511,-12.804465513283025,0.125
4,105.9528473999762,-49.07859014977673,0.5625
4,120.01489457004524,-76.30703762763218,0.8125
4,101.31645926555304,-55.622905667259275,0.625
4,112.68891495391553,-61.42538132174111,0.6875
4,124.68718369030407,-90.77308251155635,0.9375
4,97.73135239382536,-20.941132855751793,0.25
4,114.3656151472557,-93.53344801757744,0.9375
4,89.29294651326782,-30.61486685141335,0.375
4,116.36641793495217,-92.74160744378544,0.9375
4,111.12074353363093,-84.50187671160037,0.875
4,92.83238941230299,-32.60070136202696,0.375
4,97.47757437128405,-55.7446960955005,0.625
4,106.55703333619701,-89.96790154343687,0.9375
4,83.80096427903352,-21.43225481431054,0.25
4,99.80016783727042,-42.24245026561125,0.5
4,89.47133273587572,-27.644718800208683,0.3125
4,98.90771329787496,-60.744175488477595,0.6875
4,94.74010943660555,-50.75185929890284,0.5625
4,131.37768178182662,-91.9380404014622,0.9375
4,157.93908877299293,-100.85811384814276,1.0
4,111.40504819313793,-67.84217605790917,0.75
4,114.96259749693085,-48.41990814222115,0.5625
4,130.77905079664816,-91.0337151878373,0.9375
4,102.98080758349424,-30.56138801398871,0.375
4,110.99086569759477,-68.57750247044838,0.75
4,89.73029797295997,-48.86748099429571,0.5625
4,112.81825775298367,-75.6875867908468,0.8125
4,115.89576908825705,-90.74383045565227,0.9375
4,112.19154104881028,-54.97711579779988,0.625
4,106.85524593229441,-42.5399097996522,0.5
4,82.35546891148354,-20.206138640842536,0.25
4,81.3065983628444,-11.61755798322207,0.125
4,91.09230500790065,-32.20154572245505,0.375
4,87.81741117558222,-30.943441545318464,0.375
4,105.84270433929876,-62.74972912248845,0.6875
4,142.10172646078877,-100.86393862955963,1.0
4,96.43750660719502,-42.17297056072617,0.5
4,105.56143902545901,-61.28465586598687,0.6875
4,91.8855848685803,-35.401831176024785,0.375
4,91.97502044729534,-30.695507763815016,0.375
4,107.76420609344773,-60.94682184571501,0.6875
4,77.46729172073155,-18.15189335069689,0.1875
4,116.65090580184918,-83.31402962278091,0.875
4,99.77267435948313,-61.709836836667655,0.6875
4,99.98828231363557,-41.97438734399072,0.5
4,105.52296854142816,-62.69118667217423,0.6875
4,104.36539916951469,-54.418323421337256,0.625
4,86.72969977349055,-32.27476010659373,0.375
4,108.41952768645915,-69.44199581892526,0.75
4,79.28540790305469,-20.53607844809916,0.25
4,89.21968824247105,-31.720550815067565,0.375
4,112.58256455866314,-90.64586045738248,0.9375
4,102.28207463764831,-68.09543524661524,0.75
4,82.80873623032872,-26.87022378759723,0.3125
4,78.62631330493886,-21.58587150000099,0.25
4,90.64513086680726,-31.85914705603924,0.375
4,126.67911056142307,-82.79653706592251,0.875
4,119.4117587054954,-82.08495530958479,0.875
4,114.11601501166867,-68.25166792469041,0.75
4,87.36414650008422,-25.821024044435628,0.3125
4,104.0263110343554,-47.969912361516855,0.5625
4,103.7227775890283,-77.5655026110392,0.8125
4,104.61111350070517,-50.07342082615396,0.5625
4,97.0537409288455,-63.69910329529741,0.6875
4,119.41142588767642,-68.23632075639556,0.75
4,90.37598267706626,-42.896871011783254,0.5
4,105.46808922271096,-74.65949700773675,0.8125
4,94.5950218866931,-36.687114628185384,0.4375
4,89.46309560262705,-20.100059561783084,0.25
4,107.51664848698464,-93.68180506080559,0.9375
4,138.7041700854364,-100.47748720818072,1.0
4,97.46647606596406,-42.19689877630066,0.5
4,98.39142539746976,-26.80240318068881,0.3125
4,71.87869221685109,-11.365228245012924,0.125
4,118.51377986184359,-75.10333729002927,0.8125
4,116.43071206125701,-83.37489688172751,0.875
4,111.86902393859124,-75.32374281247688,0.8125
4,86.39691297400259,-15.654364056562718,0.1875
4,112.5885256030733,-86.17068049862226,0.875
4,89.57393744746258,-36.82469608090905,0.4375
4,124.20160317173273,-91.50814648117337,0.9375
4,129.90816868431722,-99.47269631124641,1.0
4,127.69374793689703,-103.07937852204883,1.0
4,108.5120907775195,-67.90966292146281,0.75
4,104.80886408134751,-74.8151248084039,0.8125
4,123.54922139020775,-75.64111198893534,0.8125
4,93.38626833118498,-42.2692137336815,0.5
4,101.06368865951585,-75.49146499851608,0.8125
4,113.51612133733325,-61.81967470026403,0.6875
4,112.59446249630496,-60.8247472989568,0.6875
4,112.53752170755314,-68.05335098473952,0.75
4,119.64294030570682,-82.56990717647656,0.875
4,95.88144274519594,-30.746904663114176,0.375
4,123.52450913525618,-61.60865918127513,0.6875
4,96.69999330530035,-30.77255040153146,0.375
4,120.31029655009036,-98.93511838177761,1.0
4,108.60890236761303,-56.110020286737964,0.625
4,134.68905174569804,-101.1496592587605,1.0
4,124.38400718957084,-82.49829865017638,0.875
4,94.88870029236894,-25.67244946348618,0.3125
4,89.30039309048423,-32.293950323832966,0.375
4,112.9995241240324,-54.60492088999892,0.625
4,111.92294853764288,-76.89158178237982,0.8125
4,97.15925151667157,-36.48681816560808,0.4375
4,89.16006515760436,-45.669149853590056,0.5
4,115.08391855238007,-76.55806976878803,0.8125
4,126.15126583717957,-67.68486379567167,0.75
4,118.71861326300571,-75.30518374211887,0.8125
4,114.26925559109856,-82.63655651563533,0.875
4,127.99860826714055,-91.14108749821051,0.9375
4,76.40905546289035,-15.648866039482883,0.1875
4,122.48207811382052,-67.63583168004853,0.75
4,100.58191498884901,-63.71681702944947,0.6875
4,139.6209168144189,-100.08490574763358,1.0
4,106.52424142709145,-67.73115735206581,0.75
4,111.70180162334276,-75.23070405592908,0.8125
4,86.02912364071294,-26.62935580775949,0.3125
4,132.12692809134555,-90.84471294746949,0.9375
4,96.30471205238455,-67.60994752497693,0.75
4,81.72797348728422,-26.15206381772978,0.3125
4,90.49154160083957,-42.724580281042996,0.5
4,105.47497117462976,-55.11885817045876,0.625
4,120.53028428734245,-84.60692637408619,0.875
4,120.99750293868317,-48.7685625924543,0.5625
4,114.64783399314405,-85.3707170273062,0.875
4,102.91417282903284,-43.82491506714002,0.5
4,147.3388156058888,-103.19167388689127,1.0
4,106.60113604288755,-83.9944202078198,0.875
4,132.87103423486488,-99.52455822826347,1.0
4,96.22717826207983,-55.174805456015,0.625
4,126.14761524688754,-90.67171253725698,0.9375
4,138.95463338974784,-100.33655266923282,1.0
4,101.76746482602192,-37.37823312278919,0.4375
4,101.64169362528546,-84.47060960913053,0.875
4,100.70138016930392,-42.495093542579006,0.5
4,107.71294376376966,-55.026008692999085,0.625
4,116.98099912403737,-63.472840964608565,0.6875
4,104.24750745281895,-62.69185031280068,0.6875
4,88.62396526009113,-28.942435975371232,0.3125
4,105.25358217842378,-61.269084641285,0.6875
4,110.0189320480363,-67.95593463476229,0.75
4,114.79027145818861,-82.4147348855254,0.875
4,104.73940468123841,-61.76715549760002,0.6875
4,116.83342095733296,-91.84266729995872,0.9375
4,104.1545848774226,-56.041969891771366,0.625
4,129.60642987641816,-83.06010960021196,0.875
4,97.25517889464909,-31.544747173843323,0.375
4,87.33136004668415,-22.442401205705398,0.25
4,110.54138497543056,-30.826518041046715,0.375
4,129.3326529010908,-90.78390121866225,0.9375
4,88.91827609350325,-20.36467116499727,0.25
4,117.44329067028107,-94.08201925661182,0.9375
4,114.84609139749907,-70.12145006393976,0.75
4,131.98879734194878,-90.81622815093215,0.9375
4,106.92222841689025,-61.9261434274211,0.6875
4,109.70277957810781,-74.91578798546962,0.8125
4,99.75876250520189,-19.69862545549983,0.25
4,101.46715425183268,-61.08972107436945,0.6875
4,149.9522250231948,-100.59176786310846,1.0
4,114.1603252509065,-75.69881267376314,0.8125
4,82.62560260280472,-16.852895269413324,0.1875
4,117.30382930144219,-74.82451874796605,0.8125
4,90.66634193296365,-21.831824035418823,0.25
4,110.57148566926855,-76.35870748871173,0.8125
4,112.98375661227968,-82.87865446835083,0.875
4,101.2064641623024,-71.0075769364112,0.75
4,101.03786256492356,-42.94547529162032,0.5
4,101.82811954228205,-63.38772448176162,0.6875
4,95.13749093908174,-42.29693480759708,0.5
4,79.35000261938647,-25.19816607913719,0.3125
4,81.57747148375451,-21.436346767696286,0.25
4,120.01749318768753,-91.48936102307673,0.9375
4,117.55016677029235,-76.19883511846683,0.8125
4,111.90168772634208,-68.91447350894391,0.75
4,119.9002269962902,-82.67168210868198,0.875
4,113.27000280574929,-68.0849998101503,0.75
4,124.31140148963149,-82.59838439143174,0.875
4,123.31511938365847,-90.23600245011633,0.9375
4,105.37527007514109,-62.33101473214365,0.6875
4,93.81937411332333,-42.74075346903956,0.5
4,100.00935224987559,-75.63968261537552,0.8125
4,89.5773730769805,-20.22333960735246,0.25
4,116.12997762741908,-71.09108347909857,0.75
4,130.01360041830273,-91.31870436739338,0.9375
4,114.83822553921925,-68.12960981604559,0.75
4,110.80356316932141,-78.58607442804076,0.8125
4,88.52564487627744,-43.26653999271991,0.5
4,98.89823307199372,-36.638736500324484,0.4375
4,103.8489171966623,-62.60691621581783,0.6875
4,96.80051463080697,-61.9273125341071,0.6875
4,122.18699981397467,-75.41328891660532,0.8125
4,91.71832617770885,-48.44995507559969,0.5625
4,112.19629697551912,-76.9063129733767,0.8125
4,98.93052455019321,-43.43440355338226,0.5
4,112.37678153634721,-75.20256736307934,0.8125
4,69.98964385868385,-14.535768579799853,0.125
4,87.83310458206864,-33.10226208705858,0.375
4,102.16147253709829,-42.57268991716918,0.5
4,132.5922865707986,-91.1027404044883,0.9375
4,129.31402304780298,-82.03034735048028,0.875
4,90.75127543394427,-31.065510507571876,0.375
4,105.4000170948608,-55.332453877955665,0.625
4,89.43093442897236,-18.134146884947505,0.1875
4,105.47515223405817,-31.095518597149283,0.375
4,117.36387221972846,-67.7034137238009,0.75
4,98.52402917178547,-45.16186769813887,0.5
4,110.71616809995373,-82.63696821106272,0.875
4,94.93256372606587,-31.41785138996131,0.375
4,124.22876423145846,-76.2584252266191,0.8125
4,97.48188583533545,-55.512220559720454,0.625
4,119.43019295373216,-99.85325337741848,1.0
4,118.11638921634484,-82.25470339033379,0.875
4,92.4407721056049,-36.39626148181304,0.4375
4,100.97260866733025,-38.39537689276964,0.4375
4,90.41545685161988,-43.8549596638364,0.5
4,98.29896211545255,-20.37939056662926,0.25
4,103.48656593751129,-42.748459912714495,0.5
4,117.2889288185167,-67.72289839811397,0.75
4,78.94554193838744,-15.032543422540273,0.1875
4,108.39395581288083,-61.242649823517674,0.6875
4,78.39530691251167,-20.751541311935863,0.25
4,87.9427173627091,-48.288239940124484,0.5625
4,93.27657095328411,-33.56074532399913,0.375
4,97.113000082537,-37.09391109867567,0.4375
4,104.84247343678692,-55.913061598311586,0.625
4,117.95600302380893,-55.020592579662186,0.625
4,99.26372169593817,-69.23399032403445,0.75
4,94.30529395018053,-70.36754138637485,0.75
4,124.6887531668128,-85.29088980652321,0.875
4,89.18017524640209,-29.753813814814798,0.3125
4,83.18076762675672,-21.549403139231845,0.25
4,103.60677813776734,-55.37991788804325,0.625
4,98.29573487202642,-56.58308725305607,0.625
4,106.85020856381536,-69.16932620716268,0.75
4,86.18288008306435,-21.18051243802897,0.25
4,114.38909933373765,-74.84419235820631,0.8125
4,126.23300867941177,-82.40054746483511,0.875
4,108.14310389055106,-93.40805824187217,0.9375
4,107.8968392348077,-68.66168425439056,0.75
4,94.65591018221595,-41.953768931498665,0.5
4,104.77113183602937,-77.37764148373009,0.8125
4,105.10434439065253,-42.3054432731951,0.5
4,83.67959471203933,-20.04918206895979,0.25
4,87.4101884076726,-37.61026088430824,0.4375
4,100.94225551096815,-42.19932658369457,0.5
4,96.54181304208808,-42.21400826574619,0.5
4,91.21159991250275,-37.42401280664359,0.4375
4,115.89786743602635,-75.57680793978801,0.8125
4,100.30524305397432,-61.239872649877185,0.6875
4,97.97999624729961,-31.287093712281905,0.375
4,111.30603152212602,-62.185995598902714,0.6875
4,89.215621244233,-20.428134653486726,0.25
4,105.56600900614634,-68.66477642107697,0.75
4,110.14723997154606,-75.19270369782917,0.8125
4,102.68139067624955,-78.02283954080819,0.8125
4,78.75488914888963,-16.046270095341885,0.1875
4,109.37908302423587,-91.84743740834627,0.9375
4,105.01338000805644,-83.24368311420153,0.875
4,104.01660906177122,-48.35442080081074,0.5625
4,72.71435667048094,-21.72690422644884,0.25
4,104.42155385538932,-49.00532570983917,0.5625
4,107.07072785202185,-61.70119018095252,0.6875
4,111.54648986007112,-48.209232989430866,0.5625
4,111.46970694893696,-75.9080442853279,0.8125
4,116.57857994749614,-60.890713967127994,0.6875
4,101.98573747730377,-54.34068037622839,0.625
4,132.8024855465329,-90.90170265781488,0.9375
4,105.64221229129656,-49.30216947275258,0.5625
4,96.67275895147898,-25.59897634243198,0.3125
4,94.380622798774,-43.518069366697176,0.5
4,95.6890051674309,-54.516062137500064,0.625
4,114.68971724101155,-70.35728938536874,0.75
4,108.14602824706208,-83.0815787472389,0.875
4,101.42803415715159,-49.863231791821086,0.5625
4,95.1638784429703,-44.292433877945015,0.5
4,119.39711456880087,-74.6723005889011,0.8125
4,92.08932002192562,-42.41554866495118,0.5
4,85.0877504681028,-26.83479715827394,0.3125
4,103.94358182543557,-62.89921340747685,0.6875
4,94.64637033910387,-36.97829707049805,0.4375
4,74.78582222737292,-12.814036776459742,0.125
4,95.17832405035605,-48.0598924158937,0.5625
4,100.09059089305869,-55.005290124166464,0.625
4,109.90430405621933,-74.67584966748967,0.8125
4,101.42011182094521,-54.35004755847547,0.625
4,117.04442249267113,-71.54733542061955,0.75
4,87.00291859448073,-30.614430791902294,0.375
4,115.05367075763093,-75.49783863854259,0.8125
4,107.4858399423641,-63.46604222220288,0.6875
4,91.89072941804471,-49.08308204733691,0.5625
4,98.73703079770085,-54.49221910405925,0.625
4,127.93346890421063,-99.40387232370193,1.0
4,121.00612614668489,-68.3074843831514,0.75
4,88.14731971594442,-11.331226416312036,0.125
4,108.89863479908806,-82.96875150493118,0.875
4,100.61212189884934,-61.09138030718387,0.6875
4,93.27695530372118,-48.405100954655595,0.5625
4,107.04844212816992,-49.016949020313255,0.5625
4,85.39225083050066,-19.949731712874286,0.25
4,117.16142922065164,-76.81677987465136,0.8125
4,97.6442656370805,-67.78754453363493,0.75
4,113.72653045617076,-83.01830939540379,0.875
4,69.09714729878638,-11.487627588371044,0.125
4,92.80091626555213,-60.80830738226863,0.6875
4,108.14561589851893,-51.441133720333276,0.5625
4,72.18512328817309,-21.571382445492606,0.25
4,105.08572949436252,-39.71753413280383,0.4375
4,111.2623391935576,-69.21340696182926,0.75
4,103.71265561031558,-61.90539719726611,0.6875
4,104.57737799979311,-61.48536469092266,0.6875
4,94.73229043050924,-43.16748188316852,0.5
4,104.80227282911292,-64.4578268758647,0.6875
4,104.78201323641227,-83.88873423795017,0.875
4,166.37340876478262,-101.33215899977911,1.0
4,115.97074822161339,-90.28078319911592,0.9375
4,103.81759298299924,-44.545517498808735,0.5
4,110.54705628684633,-83.04538089895392,0.875
4,106.12597362609732,-54.67322381181808,0.625
4,138.19828461253906,-91.57888412658046,0.9375
4,92.26652935704642,-48.19390713564679,0.5625
4,117.51333585333892,-61.17458713239438,0.6875
4,108.27367967835562,-68.7328882336119,0.75
4,106.53866916466674,-67.92115867077644,0.75
4,85.86791153152201,-20.807173756739548,0.25
4,100.27282470136065,-48.27034179566216,0.5625
4,83.30879616620712,-20.28540329780917,0.25
4,72.12598547947644,-21.14349206982145,0.25
4,100.14151324890415,-60.86655435870551,0.6875
4,121.34546146573413,-75.17324834471839,0.8125
4,90.50813089855058,-31.244492366771933,0.375
4,78.52796113994096,-15.230024472200792,0.1875
4,95.10076127322306,-68.0212273463067,0.75
4,104.87317742777715,-33.04933383913949,0.375
4,103.10754910579656,-54.82765589239994,0.625
4,104.39217955841139,-47.98674913783729,0.5625
4,111.38323538137631,-68.16394427395646,0.75
4,110.5101726061124,-83.37211654054916,0.875
4,114.12334485021982,-75.16440712113167,0.8125
4,90.28988823809662,-20.21369145395553,0.25
4,110.05358743388778,-68.49098966123606,0.75
4,95.29648828436287,-37.392526845251545,0.4375
4,104.85501187740975,-43.998092558068265,0.5
4,83.08715895762928,-25.496257047943725,0.3125
4,94.70553129634703,-71.89290182113261,0.75
4,113.61034784031318,-48.87201575048274,0.5625
4,110.4378716340943,-67.93844281594751,0.75
4,106.74282041561372,-48.24344968381492,0.5625
4,103.83040853889194,-48.2260606087353,0.5625
4,101.26811674181782,-54.24874677069516,0.625
4,102.78543390108703,-54.369183936985564,0.625
4,105.89344558917719,-76.31245199763585,0.8125
4,110.12047428716163,-56.87587140790393,0.625
4,99.28790116141931,-36.92600760190789,0.4375
4,109.48146736196051,-61.38075008720862,0.6875
4,95.60922480246107,-55.61739678467287,0.625
4,102.99560474714961,-36.121513362178966,0.4375
4,80.45694176100197,-31.37875147859794,0.375
4,83.88520996050308,-12.932324098679864,0.125
4,106.59060761475321,-69.13824518157985,0.75
4,84.67991534765818,-21.52655100584676,0.25
4,83.33706687496334,-44.87422348079838,0.5
4,98.98419919039402,-55.42497079830466,0.625
4,85.4386524598076,-42.47700601904742,0.5
4,123.8007281100132,-100.0399412304733,1.0
4,119.54326071617498,-55.104489198065615,0.625
4,105.8466736357824,-41.96412730102317,0.5
4,120.06922613258565,-82.6742829436654,0.875
4,92.77278607575965,-37.75044930731302,0.4375
4,84.02536586587469,-21.245788288001805,0.25
4,133.44995817189482,-90.80157397073987,0.9375
4,100.28722393735296,-42.52709835043604,0.5
4,106.79658861450399,-69.63851985816817,0.75
4,124.42902469297618,-83.41813153100411,0.875
4,119.16284347235529,-84.32192445252797,0.875
4,99.22592447434735,-61.51039251287579,0.6875
4,128.762946814238,-91.153102852777,0.9375
4,138.4638435811991,-90.63108953201478,0.9375
4,75.08617723316083,-16.819220022418513,0.1875
4,103.20130818710145,-25.36160587237752,0.3125
4,132.59870972301843,-99.06631814420764,1.0
4,91.02047600694138,-11.116602728599846,0.125
4,81.04307903713676,-20.247643116059344,0.25
4,126.40177240137143,-86.53152328867391,0.875
4,97.41860339885238,-37.076721786246736,0.4375
4,102.93724641440167,-48.23195105967231,0.5625
4,103.92901834195467,-61.96460087404441,0.6875
4,98.76282144650891,-36.555175643203775,0.4375
4,121.73245336496687,-83.3678458743452,0.875
4,96.53421547833418,-31.047032421013007,0.375
4,110.65537477799448,-91.97366743529379,0.9375
4,103.05779617140642,-38.64883857031332,0.4375
4,103.49714132342393,-61.35049933155535,0.6875
4,128.33923492386936,-90.6338539582861,0.9375
4,114.53825771485131,-67.95729900121782,0.75
4,98.03776388636146,-48.372141350445126,0.5625
4,116.37284974603614,-67.82780657736934,0.75
4,105.26737427519373,-55.38041979827655,0.625
4,96.66909527981609,-54.72288365930888,0.625
4,94.81962199991699,-30.73066006859694,0.375
4,121.07133226902151,-82.95943832828678,0.875
4,113.60684241064274,-75.52609677282746,0.8125
4,122.05026024500452,-82.4925862951769,0.875
4,83.32876170939568,-15.931068676281049,0.1875
4,101.1380720961142,-42.7591668966824,0.5
4,126.82713088205068,-82.70990445590748,0.875
4,110.52624685798375,-75.85843300105202,0.8125
4,114.00768111522781,-61.61470626182496,0.6875
4,103.46736618323906,-48.002245106716,0.5625
4,96.66496249100113,-48.21908915357257,0.5625
4,114.39999277606539,-77.44464060792542,0.8125
4,113.33793556966687,-61.19450644931688,0.6875
4,103.7258427958256,-30.922942713701133,0.375
4,126.09007843384343,-90.19281533138034,0.9375
4,100.12817779866133,-55.00829202608701,0.625
4,112.93926024341296,-82.02186639303478,0.875
4,103.41283127382026,-61.958004784991154,0.6875
4,82.05798787650743,-11.946988132006274,0.125
4,120.14393173027923,-75.54397732162914,0.8125
4,122.34402027656151,-91.00969154575502,0.9375
4,86.45645795021166,-61.14192198521588,0.6875
4,120.1793175946172,-75.7446393835629,0.8125
4,108.2077530942296,-74.82820243189265,0.8125
4,113.17379284858946,-82.41435723899004,0.875
4,94.0875816181472,-36.0392827216373,0.4375
4,94.21241014105041,-54.59666528226994,0.625
4,105.40357949346057,-71.83967341055722,0.75
4,107.21554269407372,-99.8967134200873,1.0
4,99.27321900304302,-55.927849861606035,0.625
4,84.52546778394667,-21.42201155906789,0.25
4,123.94596783728404,-92.08316217280496,0.9375
4,101.20536961815434,-54.41903385858649,0.625
4,96.40048988162737,-54.366491439046364,0.625
4,133.896163424224,-91.55979228331903,0.9375
4,117.7913583053844,-61.80109904244908,0.6875
4,114.93320922517887,-82.66608939196395,0.875
4,108.33674004240696,-54.49796091720692,0.625
4,99.9802243792431,-49.60668051784675,0.5625
4,79.325796027801,-18.012921724416575,0.1875
4,108.52036183561489,-45.66050635854309,0.5
4,86.58049595042702,-16.46681135751001,0.1875
4,91.22498031359054,-43.40642088155349,0.5
4,123.6001711576687,-89.9299373380803,0.9375
4,89.6327808755476,-48.13330469509366,0.5625
4,87.73897261444273,-42.36799932613758,0.5
4,111.1057637060403,-55.013210668536324,0.625
4,86.7119408553846,-26.80585466822929,0.3125
4,81.5057984894732,-21.995427252504147,0.25
4,101.33530690294104,-36.74646149593326,0.4375
4,87.33095518266622,-25.31979283585292,0.3125
4,117.0648513772585,-68.13143048485642,0.75
4,105.90628618530604,-42.95413404401696,0.5
4,99.36917936594176,-20.46023688297504,0.25
4,94.30840574081127,-30.878795169491724,0.375
4,90.50998069239581,-43.219618996441135,0.5
4,102.99733963916053,-91.73273079792551,0.9375
4,96.20257953464468,-42.886049454159156,0.5
4,76.25055604377205,-12.943243833405718,0.125
4,112.00401938795534,-67.89158032826349,0.75
4,115.13705477658354,-83.8177746398545,0.875
4,118.04877554325866,-75.03197891381065,0.8125
4,111.47567850567354,-75.47381342969541,0.8125
4,115.92846666000844,-83.36727332072776,0.875
4,76.8271139796719,-12.1645350888857,0.125
4,123.94260078988783,-90.78306931191266,0.9375
4,113.07412373894013,-83.078029577018,0.875
4,82.29110858001303,-20.249243676565413,0.25
4,89.32458770636762,-45.68421643905466,0.5
4,97.69629431628502,-54.95533884381725,0.625
4,85.04523570689328,-17.438075383704298,0.1875
4,74.53715207643768,-11.673162200066985,0.125
4,91.46704479521664,-27.073488289046338,0.3125
4,146.1750290280083,-83.47123157004515,0.875
4,86.08158400495533,-37.48129839101203,0.4375
4,85.13635006865609,-25.751566259801006,0.25
4,108.32202775215526,-67.72039051647953,0.75
4,101.73796786969218,-36.25748003968615,0.4375
4,79.28845259713124,-20.7261373996831,0.25
4,111.58974628918179,-60.930777678239046,0.6875
4,88.04228153780349,-20.270302313899176,0.25
4,90.69382057452489,-48.1737402897045,0.5625
4,113.45190034262798,-82.22197570926957,0.875
4,112.90652367832419,-69.16205476916059,0.75
4,105.49865264447725,-61.17596078418035,0.6875
4,91.08140640305602,-49.12137146723334,0.5625
4,102.19879526789128,-68.50902863725811,0.75
4,86.92515618253026,-21.510113222440307,0.25
4,114.284760631189,-68.70031252938738,0.75
4,106.08387667273473,-76.06169204858757,0.8125
4,121.82383817230904,-91.33192783641877,0.9375
4,79.05736177889017,-16.212142325674243,0.1875
4,86.92677321294211,-31.227074450587335,0.375
4,114.71842086747867,-92.35289222753532,0.9375
4,105.20266231969784,-77.10256396679692,0.8125
4,95.02460683976199,-30.556986659992873,0.375
4,93.4003230082647,-32.48146756307744,0.375
4,99.74860681850534,-54.72304701978176,0.625
4,100.29073641819892,-45.53205159253937,0.5
4,108.82328204051201,-68.51617554641489,0.75
4,107.23052771043247,-67.58253252705761,0.75
4,101.78669009023788,-48.689061667713666,0.5625
4,121.80720785926025,-91.11284412550577,0.9375
4,110.60759876722206,-60.99614017501695,0.6875
4,88.23118420161057,-25.431137780979668,0.3125
4,107.2955535689504,-82.55089234440648,0.875
4,97.18340195990723,-20.03513465529022,0.25
4,104.49035222978607,-54.28171982669853,0.625
4,119.095032014981,-83.87198283560495,0.875
4,98.32825407368662,-61.867799404242206,0.6875
4,80.57913766083294,-20.15848091814291,0.25
4,79.50867896952917,-22.377206576894515,0.25
4,85.26299189368387,-37.97610508678882,0.4375
4,106.32185087253619,-63.064799929977596,0.6875
4,87.90613841535992,-10.827216734214069,0.125
4,82.25354780163858,-11.773772755994814,0.125
4,111.53670347441431,-42.07178806219095,0.5
4,95.00844418776998,-31.94356523837257,0.375
4,83.94483216850651,-21.570047006349316,0.25
4,91.6431487298839,-42.18434328323545,0.5
4,106.58244570360694,-61.3849437985628,0.6875
4,121.92537636242562,-75.83922823640296,0.8125
4,146.12879716258652,-102.86913279786818,1.0
4,105.85879208768051,-54.5727814742788,0.625
4,77.77942370164286,-22.41255120762798,0.25
4,100.90507984321621,-56.14511845216315,0.625
4,121.31414102989683,-75.31165174428469,0.8125
4,116.80351057596756,-75.13098302610813,0.8125
4,75.24748395033714,-16.34333370426741,0.1875
4,121.18737882312838,-93.27954126718387,0.9375
4,117.76961175659922,-90.29524745931566,0.9375
4,74.98420238071415,-15.67947441987205,0.1875
4,121.16189382421032,-91.19575608289196,0.9375
4,91.49229398183607,-42.02426844510713,0.5
4,114.21935358883731,-55.00991775361232,0.625
4,124.39895795871121,-93.74495924658157,0.9375
4,87.56180610933554,-42.08136719977594,0.5
4,79.91038454954197,-11.2533165923059,0.125
4,121.85059501777913,-82.61211308473922,0.875
4,82.33892555407499,-23.566011041075388,0.25
4,83.27547083441918,-25.30427198006953,0.3125
4,89.35948241928952,-39.15753618830534,0.4375
4,120.79514817337835,-83.23498804795962,0.875
4,123.6623949679349,-89.97000779788873,0.9375
4,89.36936285893594,-23.194169326012375,0.25
4,101.23058300771031,-43.30754023037704,0.5
4,102.07418109255812,-36.25760992159433,0.4375
4,93.68175621738288,-26.84347662389295,0.3125
4,103.69737433580235,-36.58608345389281,0.4375
4,126.89268646902556,-74.87277042367039,0.8125
4,87.31429372331631,-21.575516698158975,0.25
4,129.9127374463598,-82.27046764923242,0.875
4,99.50107515523875,-63.22974060565741,0.6875
4,86.57275210930854,-20.79714545004978,0.25
4,95.37096463441816,-30.96106343283108,0.375
4,100.53296353016434,-41.93709727882884,0.5
4,113.00489945671615,-84.33875118012797,0.875
4,99.83745703435,-67.62048490430577,0.75
4,104.49912536242132,-42.119111499078,0.5
4,98.79771971938361,-36.45176384341937,0.4375
4,87.03670907200201,-16.103675838067307,0.1875
4,92.61298318304925,-55.30374811520534,0.625
4,113.51354709916819,-75.26224144342542,0.8125
4,112.4319316253644,-61.30281331243119,0.6875
4,100.94736922225142,-36.51656678889533,0.4375
4,67.54289365608422,-13.813785844130814,0.125
4,109.67981370627793,-57.228918749305514,0.625
4,103.17627764113728,-31.876293717309157,0.375
4,125.22987508845043,-85.85354438823593,0.875
4,128.6672928710038,-90.90572085839152,0.9375
4,111.69333154094,-82.94134810312883,0.875
4,100.62819126882817,-42.19137207672639,0.5
4,104.65934099352022,-49.33512792575733,0.5625
4,103.4419642779935,-67.74113113679385,0.75
4,114.70259899579058,-67.84174366810109,0.75
4,100.55859851716018,-42.27493893578301,0.5
4,85.88017954551502,-24.342470989564035,0.25
4,96.41646237390304,-45.39419185208095,0.5
4,105.22048316975427,-68.47482793773295,0.75
4,90.38404198954362,-42.4186187334614,0.5
4,98.11666055099653,-36.15798391115307,0.4375
4,82.40815184086603,-20.445996745464576,0.25
4,91.6153189084826,-16.0942134008879,0.1875
4,134.06667972323893,-91.35784026636603,0.9375
4,100.04027957969043,-54.74858126123432,0.625
4,98.84549648348589,-68.64779535693276,0.75
4,117.37021337492209,-82.9905744428157,0.875
4,131.92046333069175,-84.44664864061633,0.875
4,113.40786835612874,-55.32387196925802,0.625
4,108.87203724400585,-56.02750475811934,0.625
4,111.04543414868114,-50.18654932022496,0.5625
4,99.76184072685753,-26.502796877052635,0.3125
4,85.56043083553193,-12.037346619357464,0.125
4,120.68351660129095,-90.52378728590585,0.9375
4,126.99750784368646,-100.14815395905887,1.0
4,103.37264975756707,-42.510412335781346,0.5
4,116.02534373632207,-68.24293017037981,0.75
4,87.78926505752952,-30.83781315705072,0.375
4,75.88770309155723,-32.794903474676744,0.375
4,108.22833498667177,-68.33005808639659,0.75
4,113.83135923629457,-61.28341479813526,0.6875
4,128.9372104919621,-91.02195026496369,0.9375
4,87.37790987983497,-55.46702773434026,0.625
4,79.04730227802655,-22.04257214595114,0.25
4,93.23115545660207,-27.564817140783056,0.3125
4,86.11747169290894,-21.54620117067757,0.25
4,117.84201596125486,-83.65625339990413,0.875
4,103.85902270617567,-54.31560248776151,0.625
4,86.34644064239195,-49.77629191852342,0.5625
4,108.10675558583738,-62.3302556893566,0.6875
4,90.75008191344527,-11.623413637912238,0.125
4,108.04963110564341,-68.39536907914965,0.75
4,97.2125068098898,-44.705900565881734,0.5
4,95.79157682001696,-61.991909525375654,0.6875
4,103.80264427592935,-61.038456990724946,0.6875
4,82.25577918926085,-21.601109103183063,0.25
4,100.07111239324541,-70.8780609173579,0.75
4,94.07788025115309,-20.861544131784992,0.25
4,84.84261625808979,-21.126883527600455,0.25
4,92.81052135905387,-51.659121940488085,0.5625
4,108.60931138431798,-83.62330789594289,0.875
4,95.30587484957884,-61.273990353576174,0.6875
4,108.50245658889963,-54.4272111080489,0.625
4,97.48412087546534,-30.72991238973402,0.375
4,102.48862208036489,-36.83372347997906,0.4375
4,104.37448414727382,-62.121626198977204,0.6875
4,114.60355705696554,-68.82180532472968,0.75
4,92.54401228192334,-43.1626918906046,0.5
4,100.14075291985709,-57.02457811796376,0.625
4,81.52550003860823,-22.063466034106096,0.25
4,108.55530645528452,-91.06968715888769,0.9375
4,92.47555801189112,-21.736323960180155,0.25
4,103.58575073122465,-56.452687722952625,0.625
4,130.5379835656793,-90.97630763843085,0.9375
4,116.42624904355094,-84.89467326273123,0.875
4,92.70678814789056,-43.96489444719388,0.5
4,121.27748877941451,-68.64943353198521,0.75
4,119.18256271044072,-92.13445554741506,0.9375
4,94.8815013285826,-42.891231942789496,0.5
4,98.4565334528655,-63.0348981096146,0.6875
4,117.36221048337461,-83.724498103273,0.875
4,92.20081184184407,-21.607280948377554,0.25
4,96.24142986157166,-39.05134814600651,0.4375
4,99.88998336971811,-42.87288880672932,0.5
4,119.87209992687202,-82.57945577306964,0.875
4,107.53705370281885,-48.50159363670489,0.5625
4,104.52592596544005,-54.37362015184521,0.625
4,86.02887229273716,-27.884018772343552,0.3125
4,118.23791755049007,-75.43240609958161,0.8125
4,82.9475104911327,-27.918833924079507,0.3125
4,98.77816963942433,-60.76747518298475,0.6875
4,92.84593696382821,-41.92920673979732,0.5
4,112.78285850921397,-43.00090475559444,0.5
4,121.27095068558162,-91.12102422365919,0.9375
4,82.80176196252349,-27.893554398947547,0.3125
4,91.29113184402885,-20.309307518907612,0.25
4,96.11557789114056,-44.28018590859972,0.5
4,114.68590337417066,-83.0204611456459,0.875
4,85.9662760759536,-18.04113286088063,0.1875
4,92.73505015832984,-30.66050014756301,0.375
4,118.28514595912263,-74.78971306619376,0.8125
4,96.85053310819512,-61.738023048793735,0.6875
4,86.45882114357312,-30.76569968400168,0.375
4,86.07816373561684,-31.07006730454643,0.375
4,120.14371861139026,-75.53237720771615,0.8125
4,111.71227201792972,-91.41792699876689,0.9375
4,82.18916860292502,-15.385571831806123,0.1875
4,84.73686052939492,-20.475883669650283,0.25
4,78.42902227551618,-17.022853337143005,0.1875
4,93.73318175024272,-69.52998493720524,0.75
4,124.4476696548076,-82.29580972236654,0.875
4,96.8903840927833,-75.34653333358533,0.8125
4,103.91248612177904,-57.35980104467789,0.625
4,107.52116465508166,-48.66005263955272,0.5625
4,105.86149108039325,-25.826995404445327,0.3125
4,96.04526047324995,-45.377998216178,0.5
4,122.83895900614452,-61.32877831933885,0.6875
4,109.93501070095009,-48.361205027191986,0.5625
4,90.28001975777865,-25.73882392482812,0.3125
4,100.86684582947049,-36.1506076463743,0.4375
4,114.52713799588994,-82.57584037528872,0.875
4,114.42535903597744,-55.98010353420936,0.625
4,112.09547941900931,-68.17361262770034,0.75
4,95.43284206537447,-61.73802770258229,0.6875
4,94.69364380375109,-42.76623340199806,0.5
4,118.76359740254831,-82.63891906309648,0.875
4,95.4195842888172,-68.01329273095907,0.75
4,89.92713750466763,-21.676452933361304,0.25
4,113.48926424994698,-75.12125355596191,0.8125
4,146.72098826318808,-100.17510450293499,1.0
4,87.91928930036448,-20.996044783585734,0.25
4,113.4811254830926,-68.19278529521554,0.6875
4,126.50845948373481,-91.22973843063593,0.9375
4,96.2556745632454,-32.06759176728746,0.375
4,116.39059334464841,-85.13058186443071,0.875
4,117.64945573099226,-92.56302483731166,0.9375
4,107.74817263135444,-55.22608969746467,0.625
4,93.78640805613959,-27.38942289928023,0.3125
4,79.06622895118389,-14.482786080561834,0.125
4,118.30725995074687,-74.65759210672765,0.8125
4,82.50306765823241,-26.290770567767247,0.3125
4,96.35507560818517,-42.98636629696043,0.5
4,82.55499759736558,-20.390072470683666,0.25
4,96.37858997307501,-43.20298048085492,0.5
4,106.12212688737468,-70.6318966941678,0.75
4,88.23297006204281,-41.561355292972515,0.4375
4,128.1448243743632,-102.88153205537074,1.0
4,80.07841203856127,-30.6118571564124,0.375
4,83.98907304434265,-21.558934790441363,0.25
4,94.01779756031165,-48.767635752945964,0.5625
4,71.08011608739336,-13.592818448802694,0.125
4,106.01473753328948,-61.020855398998116,0.6875
4,96.7472862074238,-30.97249507567099,0.375
4,91.4694471145289,-31.30940330610037,0.375
4,135.18239428515736,-91.78889636504599,0.9375
4,103.5422118224971,-31.294552049386407,0.375
4,73.78964829532686,-15.604190662766129,0.1875
4,90.7741854206213,-27.199867822060995,0.3125
4,113.14286325397964,-67.9761365459729,0.75
4,133.71046914756104,-91.78520504279983,0.9375
4,81.72642420311594,-21.063314826706993,0.25
4,98.67346917116349,-43.735889589038514,0.5
4,115.46686855835797,-75.30867775864793,0.8125
4,132.50721602117565,-89.90054710439745,0.9375
4,102.45182303947588,-42.523526996257615,0.5
4,118.27267379810978,-92.49931654360533,0.9375
4,102.14821131412472,-82.74550620839848,0.875
4,105.54865437162775,-48.03359929060432,0.5625
4,94.54470958060118,-48.41604317850845,0.5625
4,115.21306450407438,-71.31136640039621,0.75
4,125.66223736390549,-100.1417331117466,1.0
4,75.98918493037785,-12.503953775687979,0.125
4,107.041418886093,-68.36161455910262,0.75
4,91.08859704977486,-55.21596990843954,0.625
4,94.44865105704507,-36.16593996984873,0.4375
4,100.81815031244857,-61.96876768688493,0.6875
4,81.6596337895531,-25.605061947784673,0.3125
4,113.39655294854927,-84.74865187489739,0.875
4,138.68661997364057,-100.21364825192092,1.0
4,114.13742463678207,-77.09222048496228,0.8125
4,111.58410614736471,-50.55833340048011,0.5625
4,125.46288316119536,-90.64139360841472,0.9375
4,116.4181489651493,-61.283535675948684,0.6875
4,102.67495283316639,-68.58472004742671,0.75
4,128.5852868679383,-99.14081993432642,1.0
4,93.1216528304193,-22.131465341388004,0.25
4,90.49849288828024,-32.909124273859,0.375
4,88.79945564097542,-32.8332977593119,0.375
4,94.97366628044972,-38.261188737038445,0.4375
4,108.12114938846196,-74.77238814100303,0.8125
4,98.78334290262492,-25.47528432080335,0.3125
4,109.11084711907151,-57.330966003814,0.625
4,113.16680189510977,-68.20696964186935,0.75
4,102.544736445808,-74.96301939179857,0.8125
4,103.56438586733844,-82.75393060266347,0.875
4,91.46295621717712,-25.564824706923172,0.3125
4,99.79190877439008,-42.74280474517273,0.5
4,92.08102900094173,-42.26366348070007,0.5
4,87.24437007015052,-42.390682947626004,0.5
4,104.44095923321446,-71.16827378512102,0.75
4,96.24549093172264,-27.11083933863375,0.3125
4,93.74132391060914,-43.80051842064876,0.5
4,100.2379829482498,-30.559553274713668,0.375
4,126.44106383939648,-99.4845824612149,1.0
4,89.98457082116312,-55.46732338661865,0.625
4,129.30705714938932,-77.06892731076252,0.8125
4,124.2479225314355,-76.25825216826283,0.8125
4,78.17898199257762,-19.897806741632785,0.25
4,108.98469025402898,-36.868558492086926,0.4375
4,123.27062645025066,-90.45893226708931,0.9375
4,80.0959257516361,-18.29608241740057,0.1875
4,96.71415180867182,-61.71396037989554,0.6875
4,113.10826435275555,-74.6479480084724,0.8125
4,98.15074025940707,-43.01423593195534,0.5
4,84.14796530870773,-23.16050044831569,0.25
4,82.69439599092189,-15.72206175690598,0.1875
4,119.32079702195043,-82.5250255780609,0.875
4,76.3211859314566,-27.176931345999016,0.3125
4,95.83298505580271,-30.643456920735215,0.375
4,122.31719601576421,-74.99895102788821,0.8125
4,93.33196234540043,-36.8195643437785,0.4375
4,104.65309465216701,-62.16046378392785,0.6875
4,127.14985230800522,-82.64557358766028,0.875
4,92.97835519765432,-38.86079995644409,0.4375
4,134.65833342855447,-100.82584904561071,1.0
4,96.11269728962924,-54.24874677069516,0.625
4,120.6516184875901,-83.12912069238709,0.875
4,113.46758244259019,-82.93042955203717,0.875
4,110.43841090501094,-68.36492537099352,0.75
4,118.63963782010565,-74.7671159283969,0.8125
4,139.3168568739819,-90.75898696236658,0.9375
4,86.37058210324332,-20.225897012116583,0.25
4,132.73747691322563,-94.54553708954008,0.9375
4,107.19450870701894,-75.54063823716618,0.8125
4,94.54864007949116,-32.281267525729604,0.375
4,94.15367585331992,-43.81318124889383,0.5
4,116.71891630628583,-83.79317595802165,0.875
4,114.96564272339013,-67.61112610838096,0.75
4,90.31758098294677,-25.795047103014976,0.3125
4,107.450471167311,-68.32793100449416,0.75
4,93.89014472831045,-28.69205074917036,0.3125
4,93.30430319494484,-37.55077433359817,0.4375
4,99.48777968476115,-69.36492851632897,0.75
4,109.36593430023169,-50.50881765026214,0.5625
4,117.3892518642566,-61.04767145329895,0.6875
4,130.05283419653216,-91.0622211849313,0.9375
4,113.69584757208189,-67.54470946909906,0.75
4,121.81446438198422,-101.7572633856203,1.0
4,97.15160628115581,-37.59206001071429,0.4375
4,112.1796803750367,-101.33324190879965,1.0
4,158.6105779000499,-100.19863491207329,1.0
4,73.76005727295495,-27.785524477449503,0.3125
4,88.55975170025332,-45.020589811502475,0.5
4,83.36510542116469,-42.11498152452467,0.5
4,109.96295873117828,-61.42028536386493,0.6875
4,98.93075338134459,-49.04101771523912,0.5625
4,90.2359098772647,-50.21312089165447,0.5625
4,115.25294717665082,-67.68929227330803,0.75
4,82.60442113675822,-31.544362265147978,0.375
4,90.70434301617134,-21.12044370803071,0.25
4,99.44713850082917,-51.492670435199976,0.5625
4,116.24976582465176,-74.97631366939059,0.8125
4,81.17162394686197,-15.691643731328057,0.1875
4,126.05013549716992,-91.66242193471483,0.9375
4,104.22439531049714,-60.79402769548661,0.6875
4,107.02567659695343,-91.6831901581166,0.9375
4,108.80462516288414,-74.94421455467018,0.8125
4,111.51762821913691,-68.00873074468147,0.75
4,117.95468825910768,-68.28394699073003,0.75
4,126.10115625709466,-68.28968476472636,0.75
4,127.77458244024129,-84.13696139521771,0.875
4,92.63177858768788,-43.5400850864118,0.5
4,127.40048816534579,-67.64445506932364,0.75
4,108.2844806869523,-75.36379683368597,0.8125
4,99.40346878072158,-60.79458058341145,0.6875
4,88.03750323009059,-15.827726679617879,0.1875
4,92.87450571478205,-42.51752491904135,0.5
4,117.81332872029175,-83.09686385646047,0.875
4,142.58599818585674,-100.44709520184851,1.0
4,110.34430134102826,-54.37309034208198,0.625
4,99.25807109807803,-61.27412021853829,0.6875
4,109.94834218032832,-60.942519748360105,0.6875
4,115.94120616190509,-74.87495213234907,0.8125
4,98.90964748363139,-30.654334536273762,0.375
4,114.67995107720456,-99.64393683210545,1.0
4,116.32474818093486,-68.3781293455725,0.75
4,113.73839353646493,-83.18869168104037,0.875
4,96.33718915513809,-36.172189649058105,0.4375
4,95.1275711249776,-37.32790362905415,0.4375
4,82.9021107139015,-20.06933791635767,0.25
4,102.3095014346423,-54.76285585999588,0.625
4,104.2424703398332,-83.00076198445383,0.875
4,132.2285613013748,-103.51641321560898,1.0
4,113.61918013213621,-74.75434163991122,0.8125
4,126.53156488612207,-82.46608130901028,0.875
4,121.63731107057475,-82.70703592978495,0.875
4,112.98035712398462,-61.46035559782164,0.6875
4,98.83694185250195,-63.3167077784295,0.6875
4,113.390884150763,-82.80936498822466,0.875
4,129.600986550046,-90.93008710204967,0.9375
4,85.641655672205,-36.605220081830716,0.4375
4,92.36061402917379,-43.757486761909156,0.5
4,96.45304556358012,-49.46054813070002,0.5625
4,125.0276409159729,-75.27255010854417,0.8125
4,115.98837106067339,-91.10485369737195,0.9375
4,99.54573778469802,-55.44103309845569,0.625
4,97.32026173751491,-33.60979533963321,0.375
4,108.786496548042,-68.98849202154254,0.75
4,83.68450781564567,-43.074268672304896,0.5
4,114.46290281035039,-68.91961879893663,0.75
4,107.92952449146702,-71.46023159691016,0.75
4,120.6835054483596,-68.89051546268503,0.75
4,85.03744432728261,-25.230679775358798,0.3125
4,115.87925515833793,-61.80551261213655,0.6875
4,75.85611343702982,-17.59675442589389,0.1875
4,119.35196947515499,-82.52817098937214,0.875
4,88.55038082694733,-36.20581128067416,0.4375
4,100.63788565904017,-54.24874677069516,0.625
4,97.03416235500427,-57.873362915609235,0.625
4,97.08610770160139,-25.642885650101856,0.3125
4,81.02054632099069,-20.103562920876346,0.25
4,122.83985311912468,-82.37821354515678,0.875
4,110.3921589009782,-94.7159108490201,0.9375
4,87.55177579423726,-31.128755202860663,0.375
4,93.91036439161473,-40.50555002340411,0.4375
4,145.67374412395097,-99.8708161703688,1.0
4,93.72132044608965,-33.00977768516229,0.375
4,97.71632737570577,-51.48576669474869,0.5625
4,100.80417106946304,-75.99662438650806,0.8125
4,111.10037932822074,-61.09050279515616,0.6875
4,141.66519628276413,-90.80743036573514,0.9375
4,141.46343097068217,-83.98345542156615,0.875
4,97.99183349169004,-62.016346472411094,0.6875
4,93.6824848052394,-20.01108850281085,0.25
4,115.52537392668012,-82.31528157468736,0.875
4,128.0463812168078,-92.12895078495096,0.9375
4,90.48495145616502,-13.155279551284051,0.125
4,87.76584550334886,-38.76596611628255,0.4375
4,117.52593659510704,-61.52973573114113,0.6875
4,66.02696854108176,-12.259346789560666,0.125
4,103.87077309769998,-72.7978501434196,0.75
4,121.4421136524119,-91.11632267488265,0.9375
4,100.8931321658719,-83.51499094100947,0.875
4,117.55255865166436,-90.70695085350337,0.9375
4,89.16187448054698,-20.69401728196017,0.25
4,85.85936491215436,-21.00361572740083,0.25
4,102.03769590361642,-55.09604509050508,0.625
4,102.28791833311017,-41.925701564261836,0.5
4,107.88743148241066,-61.012971804071356,0.6875
4,116.92130413639237,-92.23821389188271,0.9375
4,80.29729247990257,-17.19938211211939,0.1875
4,96.11201270420298,-61.6126035051112,0.6875
4,118.85529187965417,-84.9638310507281,0.875
4,105.16114480158375,-61.24361282627849,0.6875
4,108.39443454829238,-48.11262398062015,0.5625
4,140.86801203934027,-90.73037214836673,0.9375
4,79.8842980940558,-20.566274176219547,0.25
4,99.66440400981857,-76.49493152162894,0.8125
4,99.49962315700431,-61.12849403835867,0.6875
4,103.71943057330991,-57.2921470314296,0.625
4,99.53605181785254,-54.362838357548156,0.625
4,69.73745087244605,-12.652453040169693,0.125
4,108.89424850373766,-51.99819807966242,0.5625
4,96.89692387290376,-52.23337834992412,0.5625
4,96.98810935036188,-70.7415039950746,0.75
4,110.25225051510373,-42.26319574761258,0.5
4,100.77783746057953,-20.372783067306568,0.25
4,118.52445134618964,-84.00206853597459,0.875
4,104.62616529154838,-51.64074059813928,0.5625
4,114.13788925309714,-54.77893566479988,0.625
4,116.7185914711092,-105.29642854606536,1.0
4,103.68087867461877,-48.47683204418591,0.5625
4,125.97991351846638,-90.2580298851192,0.9375
4,114.75313301456514,-76.03971841468062,0.8125
4,105.67646043672636,-67.68882770444976,0.75
4,114.12489303250437,-75.77296240273004,0.8125
4,113.4356543493719,-42.1780586525504,0.5
4,120.88321544342828,-67.56619524475336,0.75
4,112.62955790013021,-90.4642169078981,0.9375
4,102.86374603496643,-68.03555290887184,0.75
4,98.77100688461276,-55.90827055040066,0.625
4,118.94033850523734,-75.56265022627451,0.8125
4,126.50217163489418,-100.22353915087734,1.0
4,105.27392003885274,-54.9487159484079,0.625
4,102.81119811741375,-43.333024231365634,0.5
4,105.8090804782013,-68.26106993596993,0.75
4,97.31778687006867,-54.972522577975795,0.625
4,102.89054953688476,-42.27695085029503,0.5
4,128.25248788972974,-91.0034005976805,0.9375
4,76.36134875634882,-16.327946033377643,0.1875
4,100.5718943593547,-56.44411609392942,0.625
4,95.68530568918419,-42.21106303282534,0.5
4,84.2603671619884,-15.406098266194963,0.1875
4,96.20424963132844,-55.53355860497044,0.625
4,106.78973590795016,-75.27251502483651,0.8125
4,93.87209477788659,-55.125531047532476,0.625
4,97.07153743970446,-60.826520572723375,0.6875
4,101.68320802897388,-50.53284431118093,0.5625
4,89.57264033427373,-44.65249498186951,0.5
4,103.65868401736005,-48.42153161950243,0.5625
4,90.41462159088034,-36.52591088063213,0.4375
4,95.89570036611047,-68.47190416947026,0.75
4,98.13278094888742,-30.69069980367167,0.375
4,106.27957134870982,-36.453074052635664,0.4375
4,111.25779974953791,-68.2890280601072,0.75
4,86.17487396741168,-20.442082323544348,0.25
4,77.33644500966581,-20.472824711644595,0.25
4,127.30278113972882,-92.21420049826993,0.9375
4,118.92942237654492,-91.35855487831063,0.9375
4,124.93816177942607,-83.78623297534793,0.875
4,130.49344661006728,-62.5115271520024,0.6875
4,77.30587922772597,-20.930651665337475,0.25
4,97.99145256715947,-68.46912732771318,0.75
4,138.03146329028974,-82.59917668756664,0.875
4,135.96534059258042,-100.6446619832736,1.0
4,97.5822161426104,-61.45944692435218,0.6875
4,91.76266310859464,-36.59322013136803,0.4375
4,119.21781299757745,-82.56749062553095,0.875
4,81.10269627203276,-20.462519027738974,0.25
4,81.40270294596682,-11.680480433420783,0.125
4,92.05961008706235,-37.6864316619423,0.4375
4,106.59285726466841,-85.61431187267833,0.875
4,105.70163283281082,-83.03363086294542,0.875
4,107.8713003158933,-54.24874677069516,0.625
4,108.60405556689285,-82.15515113162861,0.875
4,114.61044386625154,-83.22012967012512,0.875
4,109.58363425305564,-61.93057086135652,0.6875
4,101.46023974685505,-48.352362366189965,0.5625
4,96.08217880472682,-36.29440194090668,0.4375
4,90.71603775185767,-45.16527752956158,0.5
4,94.50757000817653,-42.882945957652346,0.5
4,98.86336951940297,-25.562803684036595,0.3125
4,106.45576054129822,-61.73963196474541,0.6875
4,110.55555517888251,-78.29604832622925,0.8125
4,84.68367217845378,-21.36587538187717,0.25
4,105.85548190752228,-47.96784545254388,0.5625
4,96.93597121533908,-30.769755225433762,0.375
4,134.58514133154895,-82.80175039916375,0.875
4,94.88837347416735,-41.96286533821962,0.5
4,113.62273858524448,-82.81687372941786,0.875
4,111.4179406670722,-82.61705686386514,0.875
4,97.53742798985817,-37.80263444157784,0.4375
4,113.15740428174902,-60.798985794387455,0.6875
4,94.48411093959089,-43.38877270724628,0.5
4,125.53776415204283,-91.04367189687608,0.9375
4,114.38549314691362,-55.22869480064544,0.625
4,115.2427351365414,-68.15115347263598,0.75
4,82.60481298738969,-26.405177943379964,0.3125
4,99.00617482270863,-55.98612759542572,0.625
4,115.63368112370631,-82.44723200054109,0.875
4,106.94081427511021,-48.43506796822749,0.5625
4,93.83880200397714,-73.00716884871069,0.75
4,108.46704152061115,-67.73946380066918,0.75
4,113.14780244572775,-68.39458600712983,0.75
4,95.14002402359671,-43.64958600489445,0.5
4,82.150575918375,-10.840568166188904,0.125
4,89.37298869112993,-67.92898498075462,0.75
4,78.56261479440907,-16.97937507752087,0.1875
4,90.18546966654812,-52.23407783771167,0.5625
4,115.64413784891269,-83.05412871925942,0.875
4,105.41236426590635,-36.53114670103951,0.4375
4,86.81943375649381,-30.593332761072556,0.375
4,82.71053149795668,-30.66691855463422,0.375
4,98.38425704838862,-20.619142427162384,0.25
4,140.93478678899942,-101.26718359639817,1.0
4,109.9599289474215,-56.91767941584142,0.625
4,92.30732719657952,-55.8270303629554,0.625
4,147.33881662093015,-100.23019050861235,1.0
4,73.96955695432631,-21.323535067632644,0.25
4,99.24463725002933,-43.21506361040777,0.5
4,166.09506316563366,-101.35900379483442,1.0
4,116.33492035039048,-91.06421497539327,0.9375
4,110.60748361401853,-91.26021969854824,0.9375
4,116.97842079332995,-68.0886347510938,0.75
4,106.0802125238101,-54.89778076666437,0.625
4,107.39935600577356,-83.02105806596606,0.875
4,134.26140659225442,-99.63932690536993,1.0
4,124.63270494085785,-101.47865408314907,1.0
4,101.97498373189838,-61.30789310135472,0.6875
4,109.28878421574815,-82.9531922885924,0.875
4,133.80674634313038,-91.34678798700875,0.9375
4,92.75336220101306,-26.442739190125042,0.3125
4,106.45598146294452,-68.89814743244857,0.75
4,92.50413287785645,-31.01358687555153,0.375
4,100.25758937713336,-54.686059875199746,0.625
4,100.42554610025567,-48.68383024073096,0.5625
4,112.11333838959155,-91.93332813564403,0.9375
4,105.8632136541001,-90.74619282520605,0.9375
4,117.28950982702975,-77.02622836983655,0.8125
4,112.93246773712522,-67.70977555019277,0.75
4,145.5139661469329,-100.43005766731476,1.0
4,109.64203693338881,-36.994814446740094,0.4375
4,83.07470247789126,-26.062990267394422,0.3125
4,89.2164470460094,-48.67218296330884,0.5625
4,107.16578988479823,-44.51972548332826,0.5
4,124.40928046234943,-75.31182107841366,0.8125
4,77.92426869664001,-12.483537555148242,0.125
4,97.61764155471502,-60.79060001348653,0.6875
4,82.28549245754267,-17.45474201330595,0.1875
4,87.64455702656838,-54.72377400571264,0.625
4,95.38038179689244,-42.904639819832305,0.5
4,104.68683907039251,-37.58029922714654,0.4375
4,104.14578576320181,-60.96155298058927,0.6875
4,96.15517913958419,-31.21483050658815,0.375
4,111.25189095757213,-48.356736946756,0.5625
4,105.49406143614706,-74.31600410089489,0.75
4,85.58392578923957,-21.53099877885501,0.25
4,84.88256735964963,-27.10942241831421,0.3125
4,122.59128266835313,-61.725738872514604,0.6875
4,144.92621515139808,-90.72783923652847,0.9375
4,114.5722904960742,-68.490518870278,0.75
4,87.87655572693265,-16.357367486995265,0.1875
4,98.2565152481908,-42.57805147989923,0.5
4,91.97110912939137,-42.43025674492947,0.5
4,82.59963059179289,-15.972472673938482,0.1875
4,89.22920686918955,-25.355818124290586,0.3125
4,79.47492431125333,-21.32730580210369,0.25
4,94.30334338971497,-31.455267605246867,0.375
4,103.08882507192634,-55.54875548970692,0.625
4,79.59832290594453,-17.316523616964705,0.1875
4,101.52244321063637,-76.78037782128436,0.8125
4,110.52616184032844,-83.7210506114426,0.875
4,114.57940338617014,-61.47403425156303,0.6875
4,92.05803112422554,-36.19423564167259,0.4375
4,103.60129712472259,-43.81982619699473,0.5
4,113.66067674008966,-75.986288657245,0.8125
4,111.5786054415316,-76.89045379180813,0.8125
4,102.61607454573227,-50.94962404749535,0.5625
4,101.50723869005466,-55.638724582247754,0.625
4,113.85175531092887,-75.42291182169295,0.8125
4,93.51642363917998,-48.927077610965874,0.5625
4,95.40292146433873,-54.7478789848372,0.625
4,109.60813556706977,-61.3234954115214,0.6875
4,108.31557530695531,-61.06387922055629,0.6875
4,91.1628280442601,-36.77352804968676,0.4375
4,114.65770255162853,-90.63801769261552,0.9375
4,102.05093693805838,-55.05831623961629,0.625
4,89.4198789704294,-11.507077064303004,0.125
4,99.33990906134413,-48.36688635483228,0.5625
4,92.89138474468409,-37.80849185099208,0.4375
4,100.24630396265795,-42.12287946377164,0.5
4,143.19820162138694,-90.79638594791243,0.9375
4,99.16547626394198,-62.87378136954246,0.6875
4,89.54991626660654,-43.33232612344276,0.5
4,101.09545845668035,-42.92341356331205,0.5
4,117.64725136106351,-48.314791421500686,0.5625
4,99.42936093329341,-42.02719852085794,0.5
4,125.45561060604808,-91.11942801895704,0.9375
4,92.73607509691172,-36.20578889595444,0.4375
4,88.26074966235782,-30.825697568519658,0.375
4,108.87332977856032,-76.25224227819442,0.8125
4,120.88624311003801,-82.81720299562245,0.875
4,97.17539616200366,-41.93282748863666,0.5
4,95.29341210795347,-56.93889239840849,0.625
4,99.13150966272447,-42.97689337705376,0.5
4,102.97709117285969,-70.74864656911143,0.75
4,101.02323540320364,-48.583897111880425,0.5625
4,136.4719007291285,-90.8813610605486,0.9375
4,92.29267086430657,-32.777386125739945,0.375
4,121.64273805423504,-83.97248616606998,0.875
4,114.984680310798,-61.599210641062655,0.6875
4,94.76621251228643,-48.2922347794193,0.5625
4,90.40035870358503,-17.556157476164366,0.1875
4,108.79512764005935,-43.0847749788693,0.5
4,138.4466548404171,-99.9936560252331,1.0
4,97.34718553069851,-31.96240973715041,0.375
4,100.01189290798878,-30.495392031869596,0.375
4,100.8158086694637,-67.52387639184413,0.75
4,93.07067355584229,-38.56230569657183,0.4375
4,118.13567722105276,-62.055794516777695,0.6875
4,121.79699877298438,-82.98598622458195,0.875
4,107.77773727271196,-69.74383236601848,0.75
4,85.73752784397244,-37.58205024849113,0.4375
4,109.1178126415646,-42.09294100367717,0.5
4,87.18539577488494,-30.71307955792255,0.375
4,110.20765888607029,-44.01223838464885,0.5
4,95.09172925872905,-36.83542550771613,0.4375
4,121.08190096385532,-82.92788509824415,0.875
4,93.68920124765684,-54.43889089556843,0.625
4,107.40498353505397,-61.16925945242845,0.6875
4,129.51009993299306,-90.99236113532874,0.9375
4,77.22249972023725,-23.338094513422476,0.25
4,130.55502326421436,-82.6017007011717,0.875
4,116.55571521398818,-82.77705889329971,0.875
4,116.22044376446767,-90.27014358099112,0.9375
4,92.36213527499861,-54.88854818049155,0.625
4,80.8333959174594,-11.478230649595725,0.125
4,99.01690596426262,-67.66227380417105,0.75
4,87.07878015168266,-39.890550913359675,0.4375
4,100.11256202933309,-42.85144391302299,0.5
4,95.52577246431703,-43.87889712020886,0.5
4,102.61469516884722,-50.28818500807113,0.5625
4,100.69898561591944,-48.693625264759945,0.5625
4,97.54002085680958,-36.26745681715759,0.4375
4,81.95412098899767,-31.616468423026692,0.375
4,93.13115757375972,-32.2836127013348,0.375
4,107.96674082531928,-82.05278211399919,0.875
4,116.48180596943311,-75.21670766022467,0.8125
4,121.50918197830572,-76.25411523871259,0.8125
4,98.01311070002852,-36.99774922534564,0.4375
4,109.88698456293062,-61.05312872985387,0.6875
4,96.20772639809141,-63.36694462054468,0.6875
4,95.95533060481593,-37.2940388475554,0.4375
4,109.51259497010149,-74.86606171549327,0.8125
4,98.92788924210433,-37.74335262856371,0.4375
4,96.97955046929914,-21.20168666454362,0.25
4,98.68379922954529,-62.136658960610305,0.6875
4,96.16517641984994,-67.99039374148829,0.75
4,126.9542232716415,-101.26238906249516,1.0
4,101.72803744749265,-67.5899462923367,0.75
4,97.00535841160662,-36.21994289601604,0.4375
4,106.79324287471574,-62.09345011027855,0.6875
4,108.2922084415215,-31.119305757782303,0.375
4,96.06997085931155,-37.68128056057339,0.4375
4,117.84656407748425,-83.10122604179884,0.875
4,96.6150426253586,-49.58928322305879,0.5625
4,94.20012529196444,-20.35959169227658,0.25
4,97.91090729201832,-49.07026856157888,0.5625
4,103.18378681469069,-61.7588999490412,0.6875
4,97.0100726754389,-48.9370557394976,0.5625
4,95.25944401085684,-15.525851798197245,0.1875
4,106.64006810930616,-68.50434920304998,0.75
4,103.63644173957336,-54.82881182309475,0.625
4,97.79766759162386,-45.13372512413672,0.5
4,119.23685441129454,-82.862599557543,0.875
4,95.8874240921251,-41.96969610753684,0.5
4,94.91390409679833,-25.971536179638683,0.3125
4,118.2127443454494,-91.47643076892399,0.9375
4,110.85758397950055,-68.26340000401176,0.75
4,122.95091946323969,-74.66391134467315,0.8125
4,98.75775837793,-62.98273402249715,0.6875
4,94.57618985796418,-60.86889390299014,0.6875
4,87.34453034196446,-36.84858502342495,0.4375
4,101.2609299708148,-48.486209097691464,0.5625
4,90.84555006623447,-25.55054234815508,0.3125
4,112.29415693101924,-68.35680138913727,0.75
4,82.23723542832039,-26.012686112334933,0.3125
4,144.63629447350036,-101.54427697649751,1.0
4,83.86896211849177,-21.84195991721258,0.25
4,90.29230508002134,-48.17092927572122,0.5625
4,95.60022992578922,-25.075994747502914,0.3125
4,102.14815705698719,-61.57743036161614,0.6875
4,83.50618899207544,-11.47987080809605,0.125
4,79.31411374910472,-16.15121459103089,0.1875
4,97.22247842854016,-43.81023081208782,0.5
4,97.13642694573679,-42.12945846834149,0.5
4,92.06798524297528,-30.80789845127211,0.375
4,101.75829448130469,-62.99206208419332,0.6875
4,101.128361935231,-36.12219358909099,0.4375
4,95.44176615267435,-20.300028556115734,0.25
4,101.6141614608777,-42.620205519416665,0.5
4,106.94117307935952,-70.23148532180817,0.75
4,114.10188183324439,-75.54646873496063,0.8125
4,75.56937171418025,-16.105849872775117,0.1875
4,92.81740159353056,-25.49416497998905,0.3125
4,120.37998658369034,-100.43684338766006,1.0
4,105.24488572676658,-85.43754038757409,0.875
4,113.95361897010274,-75.93054989858051,0.8125
4,109.98756712216277,-54.24874677069516,0.625
4,113.57879236974668,-90.32031158008128,0.9375
4,114.14216051885717,-61.068596712606706,0.6875
4,91.94669171886333,-31.270327003350015,0.375
4,120.53976747778088,-69.69163894889263,0.75
4,121.0572495340053,-82.95593795348097,0.875
4,93.18055232097214,-31.053199053799148,0.375
4,92.55695835904977,-20.764550962793418,0.25
4,114.87437679593381,-70.8410651196245,0.75
4,117.75154459665058,-90.99858977657924,0.9375
4,89.49342308096308,-19.880213354478755,0.25
4,97.63687968844852,-55.20520753942364,0.625
4,100.28209089560814,-76.88921781391535,0.8125
4,76.88170878716274,-15.692549948419337,0.1875
4,101.54111274872957,-20.40277082922521,0.25
4,89.50776222084536,-45.09430000403631,0.5
4,100.04685162703235,-60.77520856472114,0.6875
4,115.05630548403978,-69.44989803054334,0.75
4,100.47524394052787,-43.502559705080024,0.5
4,110.09495934927341,-54.952334099104725,0.625
4,99.96973992326159,-68.44180744886981,0.75
4,113.79720600824108,-62.62020682689047,0.6875
4,101.77694513279864,-56.048209761732146,0.625
4,128.7547075085493,-91.02630726919338,0.9375
4,107.19205156734417,-49.27549137561515,0.5625
4,129.16288206020738,-82.89099336479947,0.875
4,86.13906558022867,-25.453963987245487,0.3125
4,89.66395120304357,-36.42793612216123,0.4375
4,145.46673844002694,-100.39548620662231,1.0
4,86.96207787004153,-21.36154677900664,0.25
4,93.63927026909838,-38.475737735642284,0.4375
4,131.45781621395213,-99.87668513555218,1.0
4,92.8546886470419,-21.47012648947976,0.25
4,149.9829149351648,-99.97668033466904,1.0
4,83.68007958167549,-22.038154922855526,0.25
4,95.78510166899804,-54.24874677069516,0.625
4,118.53944719069227,-84.07589429307987,0.875
4,132.61853626022074,-91.23820986321257,0.9375
4,115.94740177899145,-92.67188384095982,0.9375
4,90.35888355480418,-56.44167800690447,0.625
4,110.8376252683779,-67.84519652435813,0.75
4,110.67388135110488,-68.02446572825107,0.75
4,100.70828695160165,-37.46214628077524,0.4375
4,137.0368915811947,-101.78604903994983,1.0
4,112.80101564548607,-99.98976126339524,1.0
4,98.11663723434647,-26.67916239513195,0.3125
4,90.30524016602999,-36.400672604850314,0.4375
4,91.48652413659264,-42.96877615262515,0.5
4,106.88704074759569,-82.69899597897627,0.875
4,118.98087769632176,-91.38690064280009,0.9375
4,128.5939360024975,-68.03043615126123,0.75
4,101.37751502900609,-31.62390936977415,0.375
4,150.14350051156754,-100.91960582144921,1.0
4,110.3209539280017,-68.90377488015311,0.75
4,87.116279388167,-26.595307971242917,0.3125
4,125.06381283047985,-82.9020192250294,0.875
4,91.14689408771339,-21.597525190306623,0.25
4,101.10614971481284,-68.60923412002357,0.75
4,113.06737259029363,-48.013530376070925,0.5625
4,87.11774459036961,-42.22009739506231,0.5
4,86.3750996397199,-21.189172387653272,0.25
4,86.87534019473003,-20.325930745872363,0.25
4,108.67539657296035,-82.98263963568238,0.875
4,143.73287522162005,-101.37396130069283,1.0
4,120.24701190417171,-82.48670515736084,0.875
4,89.87221005441978,-67.66088944232999,0.75
4,87.68775177457982,-54.765385504298514,0.625
4,107.71015856181204,-75.42766646746557,0.8125
4,111.0344250455434,-82.38395077337736,0.875
4,110.65651909862333,-75.76765894653934,0.8125
4,108.13292513033362,-54.34430678104877,0.625
4,108.86321750589929,-83.70356729526009,0.875
4,113.54863130477597,-60.83647129401598,0.6875
4,84.15400436860114,-21.43677925904143,0.25
4,93.03347143403951,-44.018397252004334,0.5
4,75.82465981498957,-16.084048272632707,0.1875
4,108.56891375417118,-76.44813369788284,0.8125
4,104.78222484124242,-61.69982489481818,0.6875
4,83.36947341246032,-36.90541244979219,0.4375
4,111.76475557909673,-54.24874677069516,0.625
4,107.3333359077933,-67.80785176687756,0.75
4,87.74660913051773,-30.770898643092757,0.375
4,111.81304554604871,-67.88002721213601,0.75
4,106.9273849672697,-61.19747599842984,0.6875
4,97.66942103935557,-38.356307842039186,0.4375
4,93.63394346010992,-61.045422718897775,0.6875
4,100.52927801409905,-50.097599466716325,0.5625
4,102.26206156276902,-67.53165564863532,0.75
4,124.18121692148516,-100.9340405833968,1.0
4,94.66383054976232,-42.28218210983099,0.5
4,131.78110771694094,-90.57577061172927,0.9375
4,128.9484001627733,-100.64718315487877,1.0
4,93.89741226119446,-62.4462768379902,0.6875
4,87.70412110888815,-25.097804070090202,0.3125
4,144.9536823734548,-102.37350207669557,1.0
4,92.68683617157689,-30.69397108124917,0.375
4,105.37316288827472,-68.20050377588888,0.75
4,155.54771182440783,-100.49106959240353,1.0
4,131.00755870748225,-99.40220118591832,1.0
4,103.05574142724403,-74.94198034143234,0.8125
4,97.14138129103053,-56.195898910701985,0.625
4,100.25315530030821,-62.26659920681783,0.6875
4,99.346063505072,-48.02642762092528,0.5625
4,136.89714855813844,-82.5902907886224,0.875
4,90.04559599428791,-25.38371312112828,0.3125
4,103.82184129588359,-77.03667333550446,0.8125
4,101.91119644517168,-56.04269006676769,0.625
4,94.45493248875314,-28.9316422084929,0.3125
4,106.7424361924802,-90.9040525482199,0.9375
4,79.04387434221904,-21.579738050581003,0.25
4,86.54296257144773,-41.95105680099614,0.5
4,122.03010697858913,-99.42995565076492,1.0
4,113.65865341754497,-68.65957882362811,0.75
4,102.58216552568607,-61.39214063859996,0.6875
4,102.83384875752353,-70.28015367667545,0.75
4,93.94180303051704,-62.50777841025447,0.6875
4,88.8780594969162,-43.99779797763651,0.5
4,126.32121235727938,-83.04023065779953,0.875
4,111.2014680141786,-68.37187676496615,0.75
4,96.30349387919473,-74.8275150925175,0.8125
4,82.30323008881771,-25.422591252048257,0.3125
4,75.08852380911466,-15.91285920240876,0.1875
4,106.26195115359724,-67.92819812485737,0.75
4,92.87609333926909,-44.944779944882164,0.5
4,103.8456898676337,-62.02741074754836,0.6875
4,95.84395071845866,-30.41502762795172,0.375
4,108.82991291689781,-69.34312618799348,0.75
4,119.93038669850856,-67.8488478195538,0.75
4,106.68437164013496,-56.50419537968761,0.625
4,103.4832951684994,-31.577702890402836,0.375
4,79.76742868470764,-15.372752731309246,0.1875
4,89.54255941848987,-48.54897499602973,0.5625
4,107.09061625100362,-48.28357760252766,0.5625
4,100.97492498093277,-54.89708823117469,0.625
4,110.45310119670022,-48.521445569734745,0.5625
4,137.9064787104471,-83.17466901646725,0.875
4,87.36136330680037,-54.47385909952091,0.625
4,87.08707625866676,-20.71150096983825,0.25
4,111.3144044709085,-68.11461238675653,0.75
4,88.4906637260992,-48.835759056484314,0.5625
4,83.78317311907121,-25.400070497840414,0.3125
4,121.77730420961292,-60.83253035991273,0.6875
4,97.28279491786526,-55.53224462754448,0.625
4,96.22268174934041,-60.79663243184562,0.6875
4,89.1095320303584,-49.01830370302643,0.5625
4,99.48578237372678,-43.10160996888014,0.5
4,96.14665804163263,-35.988474589887915,0.4375
4,100.50592612432779,-68.69666935271638,0.75
4,106.39484345016183,-75.25161775632664,0.8125
4,92.3340171547353,-20.384978775182717,0.25
4,136.60931446667607,-83.05128690862905,0.875
4,123.71496967770383,-92.35124858037679,0.9375
4,115.8642757316947,-91.89384404290082,0.9375
4,97.4778619749132,-48.13579598270717,0.5625
4,99.32680037403713,-43.696441120583984,0.5
4,92.47581267115055,-28.49022134722634,0.3125
4,86.33770938735086,-36.828811405098484,0.4375
4,80.6101191996866,-31.51711311770897,0.375
4,85.32923912590327,-16.515958396639274,0.1875
4,98.19411626276423,-54.802621993897056,0.625
4,113.73435709704218,-82.90696829161055,0.875
4,83.22272021857947,-25.470141165724485,0.3125
4,128.8529091016694,-87.28263852219709,0.875
4,101.61196607409175,-54.427425952457824,0.625
4,107.1544669660272,-55.20328822151181,0.625
4,117.08363608254044,-91.34951555369561,0.9375
4,144.01424742687303,-91.70483938101138,0.9375
4,103.77414338654611,-31.911486373767854,0.375
4,85.92932304188982,-31.300266100424786,0.375
4,111.2624568810861,-75.11546466782536,0.8125
4,106.55362346638759,-49.20962911036775,0.5625
4,95.41937807396165,-30.62124784820343,0.375
4,95.15352582697092,-51.90422942243428,0.5625
4,85.6197317464808,-21.476336626181958,0.25
4,98.27628815174623,-46.2063635162285,0.5
4,119.88750795072416,-74.87172638083197,0.8125
4,93.99840514226763,-26.61477326420249,0.3125
4,128.006143593783,-92.64644205151617,0.9375
4,78.48789042505244,-20.539779011478974,0.25
4,106.08040916498176,-75.3604011102773,0.8125
4,153.65824716318275,-101.99967972636082,1.0
4,114.28422965953764,-79.28508405758143,0.8125
4,114.79928014847438,-55.372873617601044,0.625
4,116.13788714218731,-86.45872937973783,0.875
4,99.74581303290655,-55.11301207864375,0.625
4,121.44410143664777,-82.50278019394483,0.875
4,126.81652723729123,-90.98238642782952,0.9375
4,150.3258883684118,-99.75145218605242,1.0
4,105.57583178396108,-42.329754081243806,0.5
4,82.9732374299638,-25.48302722130721,0.3125
4,97.72734495948589,-31.026723838756208,0.375
4,108.46995721536732,-62.01880858447939,0.6875
4,101.25808364375992,-36.778371825698805,0.4375
4,97.47042003612776,-64.80403973323602,0.6875
4,117.81907875436369,-82.52902624319141,0.875
4,101.96498396710743,-36.69531345739849,0.4375
4,95.07776521042679,-36.0546249623132,0.4375
4,96.60873831866682,-48.380254776946714,0.5625
4,101.48402023613782,-63.726792061584696,0.6875
4,110.55180650431444,-82.33009866975377,0.875
4,108.16708540247603,-63.523759543705324,0.6875
4,94.53859144693031,-41.87999808669125,0.5
4,116.30008723175902,-82.63537264093945,0.875
4,119.93161536671815,-91.49814299950305,0.9375
4,97.10475219712642,-42.90688694823566,0.5
4,94.36918254292648,-37.72870099355989,0.4375
4,93.1337435292374,-50.24189262764563,0.5625
4,96.43650673585819,-48.347521630877054,0.5625
4,86.51307310329585,-32.160725949357044,0.375
4,87.31622036679731,-15.44855923975537,0.1875
4,87.99198277805941,-61.606560450695696,0.6875
4,103.91009752125511,-47.99254142772203,0.5625
4,100.62955988725419,-51.73357986428624,0.5625
4,96.1930869174262,-43.61228862777398,0.5
4,128.8626287924188,-90.23153505772217,0.9375
4,95.69317535882527,-21.417059940428324,0.25
4,122.17532522816296,-82.71530781553831,0.875
4,87.07850174869658,-48.0517094630776,0.5625
4,109.61019624205288,-48.131679057549945,0.5625
4,79.2343012308056,-11.401104630653725,0.125
4,107.37849464450764,-68.26258557895386,0.75
4,99.69076979017274,-50.13372826009474,0.5625
4,129.8501492644046,-84.11415833793198,0.875
4,89.74470940525642,-30.65919483269453,0.375
4,99.590562314412,-56.321863942828365,0.625
4,100.53619998418866,-42.53771052317806,0.5
4,128.77112695951186,-75.59369015159925,0.8125
4,103.32436768245226,-48.03708125890131,0.5625
4,111.23134506610207,-62.04984318941171,0.6875
4,138.41016097809302,-100.03563612443335,1.0
4,125.6037901876868,-82.53053733044719,0.875
4,134.68246461835406,-90.92234937021222,0.9375
4,114.67368423714883,-91.7667601154883,0.9375
4,84.68295938704905,-16.753534837738783,0.1875
4,113.22977650323922,-82.12925850590223,0.875
4,138.1320006190568,-90.86534540428302,0.9375
4,103.6230740387914,-31.284796336303952,0.375
4,101.38596528177979,-67.95998665320857,0.75
4,84.20932896922598,-10.465406472153386,0.125
4,136.8776130423591,-99.0518956400632,1.0
4,83.19486279899066,-20.36372566443782,0.25
4,140.48989396547046,-102.3004931445731,1.0
4,128.14235918469612,-90.6787975164136,0.9375
4,115.55655044826682,-82.76056520979051,0.875
4,95.6881744256654,-31.872062702535658,0.375
4,110.82406618219468,-48.55312837750003,0.5625
4,83.96600405950964,-21.44876363519112,0.25
4,144.36698274749784,-99.2724448342222,1.0
4,130.47867729574813,-91.10225228199198,0.9375
4,89.64314501621077,-27.41049585406428,0.3125
4,104.96034179032621,-75.39731993528866,0.8125
4,110.71805795464023,-54.84639096700003,0.625
4,96.5072298503517,-74.76039120884681,0.8125
4,94.15898755996558,-55.65009280240508,0.625
4,93.31183787366001,-30.72049516047001,0.375
4,98.61355701285646,-55.00406926429943,0.625
4,98.22113149681677,-91.26901731600981,0.9375
4,118.67052410564926,-76.99894095468645,0.8125
4,115.39147080836116,-83.97314566252481,0.875
4,121.42846268359675,-83.12829894340105,0.875
4,94.5164562205361,-25.634651133593227,0.3125
4,85.11168524466835,-36.387728617612524,0.4375
4,98.89974035715842,-54.24874677069516,0.625
4,117.79930979987547,-69.13371821481539,0.75
4,102.38002954208505,-62.57635434569596,0.6875
4,114.83184591576092,-90.6020821708594,0.9375
4,83.72551815769201,-21.784905193573092,0.25
4,95.50251911304377,-43.627089326336915,0.5
4,85.65097934421844,-17.40948762903595,0.1875
4,99.13532869234649,-36.68952879341785,0.4375
4,122.06919585794063,-82.21128449419814,0.875
4,83.80620649894523,-20.91920458844492,0.25
4,109.98087425481687,-70.12940353503019,0.75
4,84.37701546953126,-21.845972174916653,0.25
4,129.7937911626189,-90.33365020701758,0.9375
4,108.92717464503603,-74.92485663885834,0.8125
4,81.59867673651958,-36.7930441535331,0.4375
4,112.47289844622131,-68.11409020559879,0.75
4,71.91796754430149,-20.00732023415341,0.1875
4,121.82788780509503,-91.14139983605243,0.9375
4,87.96380341800526,-21.49105908451807,0.25
4,119.66188885595352,-74.94644207112168,0.8125
4,128.2327960552159,-102.31673081960281,1.0
4,123.06182845149549,-82.19923520718476,0.875
4,99.89298684748832,-47.998392281640136,0.5625
4,98.62960992580288,-60.85594904329596,0.6875
4,86.83168417910886,-14.789879782976008,0.1875
4,110.63816315682192,-68.10603756553216,0.75
4,115.75312083176938,-60.960191723816166,0.6875
4,121.8953167489482,-93.62273134597831,0.9375
4,105.22850050357455,-61.12733944551844,0.6875
4,78.734102433604,-11.580349944416882,0.125
4,97.98517281750911,-16.439481428183832,0.1875
4,87.89275844646937,-38.113390697284814,0.4375
4,105.74233017737218,-38.12784267319202,0.4375
4,89.65073135539426,-20.708223295772733,0.25
4,107.79849933663948,-83.13880789871139,0.875
4,93.2531831712536,-26.82291989911702,0.3125
4,102.56875843050797,-54.79909373151504,0.625
4,122.86625580975905,-82.45699786028881,0.875
4,94.88616084141512,-48.03641923562347,0.5625
4,123.79953593097328,-76.21236621989337,0.8125
4,101.72851937694507,-54.72566152238823,0.625
4,94.76150140146892,-37.58933373521485,0.4375
4,90.51918373005832,-49.31966613106729,0.5625
4,91.73329225638925,-26.081240380574897,0.3125
4,119.12109310883837,-99.74185653333129,1.0
4,106.80489532532715,-42.35330761431123,0.5
4,94.71227947606849,-38.22966760459843,0.4375
4,86.47016643986377,-22.1424956123231,0.25
4,111.04604093554107,-84.99711091124806,0.875
4,103.91131533093667,-57.62387628180005,0.625
4,78.85787895494478,-12.457551596689418,0.125
4,111.66388156967182,-67.58663319854594,0.75
4,105.94651835736862,-36.67643275377757,0.4375
4,117.26409139868316,-91.94811675369891,0.9375
4,72.75493218988807,-13.092716175510153,0.125
4,104.99769188389311,-82.34680900995335,0.875
4,98.50987765777963,-54.93217115538337,0.625
4,94.44355153850795,-36.83711707075634,0.4375
4,88.36081430323344,-37.73601584081263,0.4375
4,114.3518650743138,-74.62142622481038,0.8125
4,92.10442990762881,-42.55810017625885,0.5
4,109.21665274084356,-68.79116222823049,0.75
4,123.76272428663601,-82.85032573118622,0.875
4,101.56223565742637,-42.01106256510446,0.5
4,91.10721475254454,-25.990858792787026,0.3125
4,107.2568696981132,-75.98794580852832,0.8125
4,86.63217789753541,-26.039973718836265,0.3125
4,114.73282169792837,-86.0914243515486,0.875
4,136.80914963933438,-91.2299373372518,0.9375
4,113.1816200292258,-85.98392895614484,0.875
4,110.33223896511097,-75.6578785715018,0.8125
4,106.93619511100079,-55.31998378891727,0.625
4,113.42113298795252,-55.79032230378232,0.625
4,99.2017255028723,-36.1920075344201,0.4375
4,105.69333801297608,-67.60392144012259,0.75
4,89.6998862213715,-38.039396527705826,0.4375
4,125.78525227923383,-92.36144239056966,0.9375
4,119.16020683173404,-91.94798468427805,0.9375
4,98.31758530051033,-38.32794982491477,0.4375
4,121.5975435424665,-100.07593065260916,1.0
4,110.81223515135493,-75.69733810332117,0.8125
4,79.1203973829549,-22.447339304668763,0.25
4,73.62919381510739,-11.684382557703012,0.125
4,87.18059778139424,-16.497336610045807,0.1875
4,116.04229991944726,-61.583358677103114,0.6875
4,122.4739049666083,-75.735089651441,0.8125
4,94.32670458570318,-31.5988967267893,0.375
4,116.16179923815857,-90.96166111466773,0.9375
4,133.23478531169275,-74.8972838992513,0.8125
4,105.16109342620857,-76.00593006491489,0.8125
4,100.81955221322745,-48.396825327973,0.5625
4,113.92273238384503,-83.06397681495098,0.875
4,133.9481945567071,-90.15744570364326,0.9375
4,92.22428563956282,-48.519172758140165,0.5625
4,109.75144029121657,-68.10058586314331,0.75
4,87.414241136182,-32.17019238020501,0.375
4,118.08260832805585,-68.87482153984223,0.75
4,113.2418501778646,-61.53244461400907,0.6875
4,141.26801307583844,-101.74612262511471,1.0
4,90.2429669127895,-48.64808230992657,0.5625
4,111.20736770445075,-43.15670244749692,0.5
4,117.05931712267584,-67.72610293893764,0.75
4,76.20746785102023,-13.33186115063473,0.125
4,111.81486369891374,-48.16420116701917,0.5625
4,80.17549102429717,-27.819393321341657,0.3125
4,120.14624561272944,-61.0246714905636,0.6875
4,112.55458990472667,-91.5818388961368,0.9375
4,104.3265091674056,-42.82841090635972,0.5
4,95.96618851371818,-48.975619628469794,0.5625
4,95.9480189328103,-38.018400843116304,0.4375
4,106.30325397924966,-76.84454794086952,0.8125
4,92.86242527015811,-36.84344696382653,0.4375
4,98.45584990617893,-48.62114177399199,0.5625
4,103.57288231581127,-74.91740064809974,0.8125
4,87.96115770885488,-36.327476503155076,0.4375
4,96.92877751555828,-42.28133737812829,0.5
4,109.19725814341375,-77.03580569230682,0.8125
4,99.43441234058612,-54.44691276607443,0.625
4,110.62093526072925,-91.98316989381533,0.9375
4,101.47685272436003,-42.759344325415476,0.5
4,121.39103093603867,-82.4218656485813,0.875
4,105.42772491933525,-68.24213970928686,0.75
4,106.65716446337863,-37.313955696856,0.4375
4,115.58504287726399,-74.64732997750382,0.8125
4,96.75565682330823,-60.759356274084126,0.6875
4,110.5427869170603,-92.64034817666138,0.9375
4,95.78604203882134,-61.37344271801964,0.6875
4,103.1069099266625,-38.4742751448718,0.4375
4,125.92326331065209,-82.86965985399935,0.875
4,126.94349438020805,-74.94505214969308,0.8125
4,92.43146245793832,-62.484139264416825,0.6875
4,115.98999332214667,-60.93499311840459,0.6875
4,93.60957841613202,-44.182191025231255,0.5
4,94.72609497043194,-36.941992671021524,0.4375
4,137.32674982626992,-101.1618187550189,1.0
4,91.4340671036682,-30.918615962843994,0.375
4,120.0249007085982,-50.61977543520757,0.5625
4,91.35911982857105,-26.97651750063899,0.3125
4,111.39713060203131,-68.09058804332743,0.75
4,110.77399680492934,-75.24989132950566,0.8125
4,111.88973526228114,-82.6416926563211,0.875
4,82.97444645318875,-31.744319104358095,0.375
4,74.8608224983396,-17.979636468131662,0.1875
4,101.07859669073184,-37.339336810905564,0.4375
4,118.01717217542824,-91.39191225726444,0.9375
4,106.75417581063174,-83.7516174041871,0.875
4,91.80140557327393,-71.34244590586147,0.75
4,107.69661566013691,-55.484943302032185,0.625
4,101.24867913437625,-77.5597072895441,0.8125
4,107.50796795075198,-83.70057380709343,0.875
4,83.30925438876882,-31.43538392377106,0.375
4,102.89266913032287,-68.7026616775426,0.75
4,107.83585912313747,-43.00339829146068,0.5
4,90.66363900253315,-36.949827032280204,0.4375
4,122.39419342255292,-90.6866889924431,0.9375
4,107.97835754679758,-41.992488746919065,0.5
4,62.88726773762472,-14.688776683525406,0.125
4,97.17526281831877,-61.44090687261816,0.6875
4,137.34243396906066,-101.04190422150945,1.0
4,92.08693152690157,-36.248025422481774,0.4375
4,121.59533527406414,-92.10703178557077,0.9375
4,118.43010490021103,-90.66718622053357,0.9375
4,92.56901114767993,-30.930370287744438,0.375
4,101.01527288574017,-64.03114455756786,0.6875
4,103.27755437662975,-49.18768687021672,0.5625
4,117.41154576469745,-76.2767157432644,0.8125
4,86.94542906683021,-25.05206466052167,0.3125
4,117.40715385826303,-82.54862821441644,0.875
4,117.17146251369182,-67.88492174030439,0.75
4,128.395711970903,-82.41543672690194,0.875
4,78.30775747284864,-12.649469384560929,0.125
4,96.75117994210454,-71.84046663731421,0.75
4,71.51545255589161,-11.217766707351299,0.125
4,102.48632470489709,-55.726752710596045,0.625
4,83.31096237643494,-43.780839963664775,0.5
4,115.69647065893152,-56.2953999817835,0.625
4,115.05046606822256,-84.2801862202388,0.875
4,94.84669768953961,-69.60124230028836,0.75
4,106.14251226037916,-67.66671595140254,0.75
4,121.98742162124347,-68.99259583113177,0.75
4,107.43603177974337,-48.07576702537453,0.5625
4,73.05003965682167,-12.26467991858608,0.125
4,98.7044045216976,-31.528487735105948,0.375
4,107.6382611274463,-30.579336388671052,0.375
4,132.8797179096208,-92.04597267425446,0.9375
4,81.48038880506209,-20.61161406305125,0.25
4,98.36620967050101,-36.61053683455802,0.4375
4,109.3911714114635,-76.34014124321412,0.8125
4,85.0397445307961,-21.33886374416057,0.25
4,144.2614953646084,-100.44705967935371,1.0
4,104.07460545528045,-61.1107276953564,0.6875
4,128.03447792675664,-74.96089015197073,0.8125
4,118.84599723938045,-68.95470022857782,0.75
4,113.91701704433883,-90.29727651915576,0.9375
4,95.62495153076961,-48.86094469677235,0.5625
4,131.81586436320075,-90.37313089612682,0.9375
4,105.38209561431387,-68.067922880182,0.75
4,103.83706613553183,-48.48409560663801,0.5625
4,91.75692017794869,-42.742571146769116,0.5
4,85.13673984086614,-20.179661270745786,0.25
4,91.3578738571813,-36.240777441763974,0.4375
4,115.00097585850682,-75.92442987602816,0.8125
4,90.52919521454777,-31.403347807673615,0.375
4,114.15827809442303,-82.09834725206983,0.875
4,139.83268625263318,-67.83073871800782,0.75
4,113.41040204733478,-67.82485893739047,0.75
4,84.71584832830847,-20.931372509197075,0.25
4,81.31639950320731,-16.078611114836935,0.1875
4,82.93363691557917,-36.35705070310265,0.4375
4,107.12103748570831,-74.9302636038415,0.8125
4,98.8581886462843,-69.73645990994015,0.75
4,102.15845727226869,-48.70365543139451,0.5625
4,93.36418937834729,-36.50648497909258,0.4375
4,99.29369264975459,-55.72958789167956,0.625
4,94.10720911434674,-56.63107208127207,0.625
4,113.19463320360963,-82.3487541236802,0.875
4,85.43008245755061,-25.31122409191529,0.3125
4,124.65623314147358,-83.51044380902178,0.875
4,102.18455152527429,-39.47687821402364,0.4375
4,67.98226984521342,-14.485451882374596,0.125
4,97.33535852462552,-36.82903144858476,0.4375
4,96.8561383512298,-49.57994623791435,0.5625
4,99.77541502556747,-43.286851338526766,0.5
4,84.24579244743302,-30.549466025151485,0.375
4,120.44093835993928,-76.82038336131282,0.8125
4,108.89019030579577,-61.36112667609504,0.6875
4,103.68530222379755,-42.41521037112301,0.5
4,118.62204269985865,-90.53562118970247,0.9375
4,128.52252693572322,-61.69937393994123,0.6875
4,115.08458073407452,-90.1879389970814,0.9375
4,75.91985826580164,-22.29503771469524,0.25
4,89.16505405656675,-42.59233891610916,0.5
4,117.67336136039661,-90.91890742684443,0.9375
4,105.05722621597562,-42.16521262367353,0.5
4,92.13858510151869,-37.3681235162709,0.4375
4,100.9242534831019,-36.39294922177062,0.4375
4,94.6233903681648,-43.118041680087934,0.5
4,101.2086542808657,-48.3610049294859,0.5625
4,94.32805181237404,-25.244081577513683,0.3125
4,88.46179754755067,-54.24874677069516,0.625
4,105.94464823433844,-61.446773010843344,0.6875
4,94.77916755002514,-48.44135455762603,0.5625
4,82.99322219172312,-21.15690041440456,0.25
4,91.170617705804,-25.514082460214894,0.3125
4,92.74362598314463,-20.092428324318387,0.25
4,109.54550701862844,-76.24659257609639,0.8125
4,94.03214260238293,-42.677302245006445,0.5
4,130.8051651229003,-90.32497375404725,0.9375
4,104.32144044327683,-55.12648642207289,0.625
4,86.03097826280438,-26.191350337351928,0.3125
4,102.68592210153325,-70.22662059379135,0.75
4,108.82020572088315,-69.35532699605064,0.75
4,109.9769516436413,-36.75916315431495,0.4375
4,94.09342947692318,-67.60054421699112,0.75
4,99.42425048409034,-31.073286685303575,0.375
4,70.2080113962102,-11.46365852417065,0.125
4,112.41783936474567,-82.25517939899834,0.875
4,82.72328358027326,-26.064809537864686,0.3125
4,117.38046061704526,-82.54051947193237,0.875
4,106.8353764571957,-50.25073567932576,0.5625
4,144.3042304712058,-99.06346581360069,1.0
4,125.21879257328364,-82.53148712457765,0.875
4,97.30254971139794,-25.93698086094599,0.3125
4,114.84396445322993,-75.48696842211662,0.8125
4,124.05134751627737,-90.4423708402032,0.9375
4,140.4870697886714,-99.71303072363943,1.0
4,90.00375320527604,-21.361641224738552,0.25
4,113.04202433396561,-75.51755686798738,0.8125
4,115.60667579418464,-77.05136496191625,0.8125
4,118.13442788571969,-84.58130031719587,0.875
4,101.59498484286536,-20.45150884604097,0.25
4,115.93931455015674,-84.77418150585797,0.875
4,116.7037780114645,-75.90163338923074,0.8125
4,109.1511833524631,-55.803901000382886,0.625
4,90.27336153873233,-41.96694281119699,0.5
4,100.75063685315888,-42.554401401418765,0.5
4,136.71483200980592,-100.83898973489497,1.0
4,121.37732463531033,-91.60140425314117,0.9375
4,93.51207194712259,-41.93759844078038,0.5
4,148.42737980038694,-101.37582538574856,1.0
4,119.27983919342917,-55.547057102013156,0.625
4,136.90384042684502,-99.10313942881997,1.0
4,95.72929466460648,-48.40872529759806,0.5625
4,125.24850572412043,-91.04002120704158,0.9375
4,86.74951833904473,-21.195395075819306,0.25
4,107.82260034956848,-54.36135564802966,0.625
4,100.92128839685333,-35.96358662433752,0.4375
4,94.92590556507105,-35.9525272525506,0.4375
4,95.56946122613293,-36.67046583541035,0.4375
4,127.9767897961859,-91.55811101666062,0.9375
4,85.44168225831795,-31.326808331640734,0.375
4,94.98229859371503,-37.50185604366927,0.4375
4,126.09379785129511,-100.28988366459824,1.0
4,90.21915482983262,-50.283867669006476,0.5625
4,106.8304432669878,-75.54763585624687,0.8125
4,99.78522798003642,-69.54201395181464,0.75
4,117.02147119642848,-101.08729979538647,1.0
4,102.94197295898823,-68.72164095505389,0.75
4,99.06351675241852,-55.185795768352506,0.625
4,120.80837942282885,-67.65315419393491,0.75
5,98.5642040364807,-68.4577770200168,0.75
5,87.42447705470022,-26.655420859121815,0.3125
5,88.08719115197526,-43.86540501586719,0.5
5,123.9431852075088,-91.16406027655987,0.9375
5,164.37763533228465,-99.94862078078407,1.0
5,116.54931357255603,-75.47412775914056,0.8125
5,105.38473714322507,-69.73856396845977,0.75
5,95.21008650189991,-32.79782461215841,0.375
5,107.84288040521122,-36.76582592099957,0.4375
5,127.48697179543433,-99.97924941030867,1.0
5,99.47050032037158,-39.627729064690065,0.4375
5,91.58348248029597,-25.918602733472664,0.3125
5,89.23796515451384,-43.14873336710716,0.5
5,94.09190386826462,-20.044090591502346,0.25
5,122.35749194525387,-99.90665420637166,1.0
5,74.57455200126194,-11.484685030206665,0.125
5,96.49968914039927,-43.06063895814097,0.5
5,120.09554214313745,-101.32444605510986,1.0
5,114.83478932011747,-92.81436640295969,0.9375
5,97.33012702999395,-30.92712991026137,0.375
5,129.9704043624503,-91.09226032262062,0.9375
5,92.15454343319762,-48.399665099312074,0.5625
5,91.59994933796884,-20.30448500518487,0.25
5,94.06880845379762,-44.80825453241355,0.5
5,103.99618315922297,-65.7898526335711,0.6875
5,95.82242496725827,-43.323326234509416,0.5
5,102.49416834261989,-87.6622055370663,0.875
5,121.88727299280188,-102.08524955179159,1.0
5,104.91263559816262,-70.4718326997523,0.75
5,106.75687016240974,-83.8170203672927,0.875
5,93.07468607482612,-31.440099722453542,0.375
5,85.80747018540428,-11.196625128653407,0.125
5,89.64615641716996,-32.074316032547536,0.375
5,140.37814590039014,-99.10406321647795,1.0
5,98.57971266299053,-62.79949608028698,0.6875
5,92.89979519397782,-42.65448670321241,0.5
5,106.91657488330881,-75.43524910543555,0.8125
5,127.599080641431,-83.08175073989779,0.875
5,98.50082449045568,-82.68790210602816,0.875
5,113.49502760286327,-92.58641242146649,0.9375
5,95.42264534110099,-37.50807258019758,0.4375
5,121.09341295936606,-69.42051418433014,0.75
5,103.9231196304953,-30.195707406484573,0.375
5,137.35947659309102,-90.4977677142357,0.9375
5,78.31738487175805,-11.688998432500282,0.125
5,112.74354371445747,-75.43914236824737,0.8125
5,164.5809411315812,-101.03630803577062,1.0
5,130.10320606214663,-93.97970773310908,0.9375
5,122.59843385980449,-85.01559758113538,0.875
5,82.6654098509684,-11.91112605209597,0.125
5,88.34564226810349,-44.98882992573462,0.5
5,95.82711740942294,-30.71337034405805,0.375
5,88.14335294557605,-10.42697453276479,0.125
5,118.19748910544226,-99.21449772939694,1.0
5,120.70028243824136,-91.87578767585356,0.9375
5,99.32004441982694,-75.92002174261597,0.8125
5,109.8617715994844,-68.45424593150922,0.75
5,127.32797037417475,-92.05462799591761,0.9375
5,99.17003597150254,-49.983957092319166,0.5625
5,134.33234978570715,-90.754517595792,0.9375
5,87.75424045977346,-26.396264777831874,0.3125
5,79.57504597263865,-20.384189864021984,0.25
5,102.48968958980353,-82.68863247434494,0.875
5,104.68411043523544,-77.41404136073913,0.8125
5,90.2286568276602,-36.81946398764131,0.4375
5,88.63100307979641,-38.36616348517676,0.4375
5,120.22352651036879,-99.70937781151065,1.0
5,148.80256445171136,-99.85897675008962,1.0
5,90.55518370701412,-36.417935752127406,0.4375
5,118.46925596758405,-70.99305184265566,0.75
5,97.72393865402952,-44.12281354770588,0.5
5,113.60482410855677,-63.47284851765428,0.6875
5,99.73693600786417,-75.44874519634736,0.8125
5,87.10887688910589,-27.224976364998984,0.3125
5,84.22608265898408,-36.13106932726128,0.4375
5,108.84406067897072,-42.67340614090149,0.5
5,104.78374742938755,-55.47960196324472,0.625
5,127.38170749798816,-62.79284237986473,0.6875
5,92.97904131316781,-50.47194379286772,0.5625
5,130.79100935006142,-102.41942140969374,1.0
5,104.66595780801921,-84.66098537730325,0.875
5,90.42468401317622,-61.58796657266418,0.6875
5,95.13602654607621,-14.381253385921346,0.1875
5,93.13300427420246,-46.99462520771032,0.5
5,120.27719873508529,-62.706486491273516,0.6875
5,108.12343107913345,-84.10122014500858,0.875
5,119.18589385945508,-91.70446799957388,0.9375
5,124.76359192901117,-91.38733650430265,0.9375
5,99.58344360188735,-32.19224658262596,0.375
5,115.58042214987614,-69.54485440519484,0.75
5,131.56584522611718,-101.05501844851062,1.0
5,91.6016462376277,-25.503300962266373,0.3125
5,92.95886562127171,-49.94237804296557,0.5625
5,136.42850680941632,-102.79028291177421,1.0
5,72.2738402317858,-12.271781531536012,0.125
5,90.13958155026818,-43.891229495096525,0.5
5,106.26619130721262,-61.286351114382576,0.6875
5,120.67785697384284,-68.8825639473453,0.75
5,130.55254936124493,-100.8926423646544,1.0
5,94.03222759552133,-61.41519854697082,0.6875
5,99.65852553143473,-61.68562059737162,0.6875
5,105.40176682174238,-69.04825740595928,0.75
5,74.50805198833059,-7.079540566619551,0.0625
5,103.71541870128141,-38.65543082401786,0.4375
5,91.54391003986169,-37.60285784271687,0.4375
5,92.1599137780788,-45.07486361837433,0.5
5,109.05445816965684,-62.733139194200426,0.6875
5,114.48238686015222,-55.79398549509787,0.625
5,104.90280544058797,-27.124037998982292,0.3125
5,89.89452509689299,-32.32839231492746,0.375
5,115.74078159475833,-49.73989868196745,0.5625
5,105.67942138164722,-42.799857168637885,0.5
5,111.23108489559968,-77.90241829400779,0.8125
5,108.38954927420019,-75.71741996556285,0.8125
5,106.47502123490227,-55.144859777531394,0.625
5,90.24280566640932,-21.723007502711017,0.25
5,96.1973529051896,-56.55166406868899,0.625
5,101.65520791233702,-68.0011361308122,0.75
5,119.41832279705594,-62.493508064275304,0.6875
5,112.42814563578935,-99.46511128706165,1.0
5,110.54296955996281,-45.4211225549387,0.5
5,106.56298626808463,-44.779048195861044,0.5
5,116.20256621767658,-69.12809880837625,0.75
5,118.33394616605975,-69.82447374480832,0.75
5,85.47670289025471,-10.757178961335876,0.125
5,95.57928453147674,-48.365541513273286,0.5625
5,81.16969015623486,-13.628719405885121,0.125
5,81.62337538041855,-14.941188891446837,0.1875
5,144.4492476084056,-90.51666335439882,0.9375
5,144.16592676114954,-99.7709962407165,1.0
5,116.18896834701127,-90.71396276479918,0.9375
5,87.13349084352572,-32.7706600236435,0.375
5,95.19567461489378,-50.80446683678842,0.5625
5,82.73516752002124,-15.506237226249315,0.1875
5,119.56043677784412,-75.01178451572319,0.8125
5,93.94215030875671,-43.275985502449075,0.5
5,89.2305563451372,-25.34602648464907,0.3125
5,101.51470673717766,-64.53722576166548,0.6875
5,102.72618402518543,-62.84618430627236,0.6875
5,121.77744303503381,-90.88031343951606,0.9375
5,126.29617448790111,-90.61137308870597,0.9375
5,101.60885891083208,-36.51132526621549,0.4375
5,111.44884278194121,-74.94416487781638,0.8125
5,113.71853005468967,-61.99966389787363,0.6875
5,125.27626411562834,-90.56827430195386,0.9375
5,100.96691089406956,-38.04281721089704,0.4375
5,108.63917200933122,-55.01006408552663,0.625
5,79.72723324996952,-29.489757083146763,0.3125
5,81.43340014314686,-21.26318586013788,0.25
5,118.88809786805558,-85.19633047284046,0.875
5,127.89756162707833,-93.64061201427111,0.9375
5,110.72880029649342,-62.901954316050485,0.6875
5,109.8230443088626,-62.306166412837605,0.6875
5,100.92703643995952,-73.2501933835711,0.75
5,117.66486135874355,-75.11274500636182,0.8125
5,114.01874226320803,-83.41009948855854,0.875
5,111.88422230440447,-76.20881737028387,0.8125
5,77.21004968065274,-10.587589255422731,0.125
5,124.44129349191475,-91.92907117998996,0.9375
5,98.44230125692374,-58.56100039175222,0.625
5,94.85361480183347,-39.1738285749392,0.4375
5,98.80491445118082,-51.045545247719595,0.5625
5,109.70169156630998,-61.46764328935631,0.6875
5,96.7894341908223,-61.032505590584485,0.6875
5,112.7644703881843,-75.17608094931207,0.8125
5,105.72694227690644,-62.950120738584594,0.6875
5,79.21055084250045,-12.886389384353356,0.125
5,97.40317089059413,-20.421872907947318,0.25
5,103.24707123446426,-61.573706459540844,0.6875
5,117.03484825479865,-83.91776659211932,0.875
5,102.49911394402338,-82.65510605793827,0.875
5,104.33422370324156,-51.57628625333211,0.5625
5,96.44537345259722,-19.786304839248487,0.25
5,95.74376390678971,-20.154237939248134,0.25
5,110.11811541832566,-61.520087694267204,0.6875
5,114.81781333787389,-90.63341717021174,0.9375
5,84.18819235146144,-20.831541059339756,0.25
5,107.96261583810258,-62.07751444995078,0.6875
5,87.15876803652185,-49.12289854456125,0.5625
5,107.79117691414358,-77.50766334344253,0.8125
5,150.49845057942784,-99.10152744326862,1.0
5,130.00079527234757,-99.15940632884325,1.0
5,99.22995093667095,-43.36188092238493,0.5
5,81.00662693891496,-20.088323001819084,0.25
5,130.59249391433968,-98.87636378439497,1.0
5,116.35013718326452,-37.23873036541937,0.4375
5,85.88591917138486,-16.911058770566555,0.1875
5,94.51902717055547,-51.66449113640775,0.5625
5,90.44421359961613,-69.40632582463944,0.75
5,103.27409186965349,-62.949017197997506,0.6875
5,131.02704314883908,-99.13234974867281,1.0
5,119.83010330304668,-90.51818198737173,0.9375
5,95.52270057423785,-14.86359222408071,0.1875
5,112.60486495880654,-43.933013627396456,0.5
5,122.28859605068065,-92.24758259351403,0.9375
5,130.9279939168426,-90.40411151764563,0.9375
5,93.14907870263828,-37.67974065424634,0.4375
5,108.81225629405289,-82.34368729829279,0.875
5,81.07918499012861,-27.520820946353385,0.3125
5,97.25860354535894,-43.236830371652566,0.5
5,91.2502554503029,-20.101619959108277,0.25
5,101.35757584351319,-68.89946294745914,0.75
5,104.89995129118539,-69.35885590643758,0.75
5,99.27952625838331,-44.538287495505756,0.5
5,97.92543669517083,-47.40385220674778,0.5
5,92.09145665740026,-46.5436616760707,0.5
5,84.33957110386963,-36.964604057587486,0.4375
5,118.51428293945632,-83.93236667944834,0.875
5,98.13652219049757,-83.32064389231293,0.875
5,170.87156726424436,-102.53049117393208,1.0
5,96.41724059664263,-37.476223720799176,0.4375
5,113.92087906578968,-67.87521547132103,0.75
5,134.4378346475906,-92.04248926627753,0.9375
5,123.68253371455027,-55.99888397252277,0.625
5,75.93933125433571,-13.345305540493843,0.125
5,87.50085336248202,-21.07942651332545,0.25
5,88.92604243179095,-54.623826704029455,0.625
5,114.19486242073083,-75.79849187627507,0.8125
5,92.88606552687392,-72.18413156100576,0.75
5,116.71943296469551,-67.79582726545684,0.75
5,92.51862976435227,-43.70007888565157,0.5
5,88.29649482157573,-12.837026120078066,0.125
5,101.4132941864011,-69.15990270082942,0.75
5,133.2666819013638,-91.57116980702641,0.9375
5,127.68903747704374,-55.764349725064775,0.625
5,109.49001130892096,-82.80684749783474,0.875
5,131.44106786676502,-91.00391031488532,0.9375
5,110.58943416319352,-45.538342827950245,0.5
5,125.24593817202762,-93.77129518268757,0.9375
5,89.14408220652969,-19.52509640526903,0.25
5,113.79143867803216,-92.97744102937202,0.9375
5,108.51288896701689,-84.716757401325,0.875
5,89.97252770863847,-32.683602020175506,0.375
5,103.57194839901926,-43.69519983123681,0.5
5,104.42129922846087,-70.2064926600383,0.75
5,77.01542749953508,-16.246377959703533,0.1875
5,94.93937958106544,-48.615747689144186,0.5625
5,88.99739468231108,-27.715016839426276,0.3125
5,102.38368418564355,-42.34347217265895,0.5
5,101.37507497806976,-39.03203384997589,0.4375
5,126.19419849497493,-100.42027977343878,1.0
5,143.93209670724784,-101.11458698118312,1.0
5,121.53060528423785,-75.00917499359137,0.8125
5,110.3201655381815,-84.63223779254217,0.875
5,139.64146692210284,-99.47607034466027,1.0
5,110.99286097788055,-62.96696659794564,0.6875
5,115.41861977352879,-75.72036713796886,0.8125
5,87.77326968908366,-26.547107333193136,0.3125
5,101.66711593037621,-82.96326320397905,0.875
5,121.1592606083195,-83.72720258200833,0.875
5,125.48449066495593,-83.29236460450721,0.875
5,121.28077455848216,-69.48339076610092,0.75
5,80.84793278454528,-9.957550826236051,0.125
5,85.23838928109146,-11.647100390674993,0.125
5,95.64495057586826,-32.28343136363029,0.375
5,84.78575905399734,-20.03904774971859,0.25
5,104.96877846775013,-69.55455083683856,0.75
5,140.05098319054682,-101.12042657449643,1.0
5,103.41869542491293,-36.24962682450464,0.4375
5,92.2086191566669,-61.440497246492114,0.6875
5,89.05527356238939,-35.491854855931706,0.375
5,94.37092892928928,-25.0220332567555,0.3125
5,103.55314474112942,-67.86769897468155,0.75
5,81.35158229211142,-13.353742266389563,0.125
5,126.10258114840967,-83.5258897239498,0.875
5,98.62759640218593,-49.38846759639399,0.5625
5,101.70010244050505,-48.35881373383524,0.5625
5,103.5524767788932,-62.85060473430495,0.6875
5,113.71395535575192,-61.10920762186116,0.6875
5,79.06156679559894,-21.50978878461374,0.25
5,105.90253058574766,-69.61858058293414,0.75
5,91.55619236429897,-10.672293661101227,0.125
5,92.39381567138471,-20.642754232885263,0.25
5,124.24443088409134,-83.83617010807302,0.875
5,88.7804236740069,-55.47646027321607,0.625
5,72.51992131173188,-11.403563706825947,0.125
5,71.9175858623412,-11.807187376943908,0.125
5,85.45730650042869,-26.271794381006824,0.3125
5,116.69778849370486,-98.91398706250753,1.0
5,122.55972373462673,-89.7908676673588,0.9375
5,110.01894532950236,-82.75460256683664,0.875
5,89.61087235403646,-20.423488774433928,0.25
5,101.3626117822478,-61.15432333030514,0.6875
5,99.00720549893205,-64.79042444457323,0.6875
5,107.9697883842938,-63.33661359641977,0.6875
5,107.89410381371152,-45.653720873361124,0.5
5,112.31716821406097,-90.9013099566389,0.9375
5,82.86928560479392,-26.05134345109574,0.3125
5,88.93632334667889,-61.658747841673346,0.6875
5,102.79010184159245,-36.78040666857659,0.4375
5,87.17391588064305,-20.15117220957531,0.25
5,110.56506864641331,-80.47322028846916,0.8125
5,146.72939284752024,-100.73299244183109,1.0
5,95.9884587250124,-42.30420170336153,0.5
5,113.59768096308125,-51.58028659063441,0.5625
5,68.37828983120329,-6.8992946046729875,0.0625
5,129.08837237409688,-90.17591584597633,0.9375
5,116.53665027818379,-83.586911762874,0.875
5,127.4536979490978,-75.51528433129339,0.8125
5,82.16276386812018,-21.118537061870555,0.25
5,92.65371803920245,-86.38980480662764,0.875
5,79.69295700086283,-25.7155739160095,0.3125
5,123.26215084137706,-91.7408434862163,0.9375
5,144.15217409442707,-99.7256464518105,1.0
5,118.8230336596267,-103.34150013183034,1.0
5,108.47153480269532,-68.08235110041691,0.75
5,106.49273933264737,-61.89721885096725,0.6875
5,114.06397948588346,-91.34735089477533,0.9375
5,88.89643403316076,-30.697138832552753,0.375
5,109.02687466883738,-56.72379992322257,0.625
5,89.99352313315055,-83.35795012556461,0.875
5,115.64717795851449,-75.1177368821235,0.8125
5,114.02399132573078,-75.2919884192813,0.8125
5,116.58456853176473,-90.29156728665758,0.9375
5,103.36050581378211,-36.844935730826215,0.4375
5,126.47182314544652,-100.54229263541929,1.0
5,91.20287790812546,-42.99327529787984,0.5
5,118.84455334445205,-91.66326386187342,0.9375
5,109.54523531543559,-76.70948838902174,0.8125
5,144.7914939464092,-101.4068737656183,1.0
5,129.90143711633556,-90.51744099364417,0.9375
5,87.23383229614534,-37.65276391499722,0.4375
5,97.62831967118608,-26.791794627566777,0.3125
5,101.05606912867098,-83.12213768322593,0.875
5,108.19226031486045,-84.11410852935116,0.875
5,102.11444284517871,-42.67967158333529,0.5
5,86.30061143882067,-29.05877909978257,0.3125
5,121.71125611946385,-83.97820755551089,0.875
5,123.63719431563318,-99.5382306557277,1.0
5,139.38217689154214,-90.40399619831457,0.9375
5,115.109225480951,-82.84669386348563,0.875
5,114.31114641030457,-99.40914769498069,1.0
5,83.83757444203131,-6.132390936484809,0.0625
5,127.22578076676574,-90.8776596792897,0.9375
5,101.14904659760037,-57.589092527454774,0.625
5,142.21583092952037,-100.33941268185797,1.0
5,105.44269964113396,-61.242045809369564,0.6875
5,114.14289868277719,-75.4220089855365,0.8125
5,90.56464892683826,-21.317359857102698,0.25
5,118.78827861043948,-99.37121295326511,1.0
5,93.97155368440268,-43.692746784405145,0.5
5,90.74715916963483,-10.886329521286514,0.125
5,89.06333220189147,-25.856935649077553,0.3125
5,105.94854587332357,-61.88118741387808,0.6875
5,105.16976840888566,-92.38947766745727,0.9375
5,128.96108977778113,-102.06973878083573,1.0
5,112.12837425135112,-85.58780709998852,0.875
5,102.92618747101159,-63.320525284332554,0.6875
5,147.86383436336988,-103.45408105370878,1.0
5,96.19580899566891,-70.87570188873072,0.75
5,139.28675608373646,-99.77764024902872,1.0
5,101.33713311222049,-43.28024358634375,0.5
5,119.87930550191714,-90.90228256583771,0.9375
5,153.9970860098911,-100.59169951899736,1.0
5,100.9613890195614,-56.641464401315964,0.625
5,105.59614567362748,-65.61734347453395,0.6875
5,110.11364303572276,-48.9256153554314,0.5625
5,111.08559280856282,-68.69128762166112,0.75
5,113.71988945930143,-93.01250376600508,0.9375
5,106.43017998004667,-62.85127006250996,0.6875
5,85.97790135775276,-29.016033992914966,0.3125
5,102.97804222898645,-61.4248864255631,0.6875
5,122.2128523296407,-75.03619658605332,0.8125
5,126.18500973982974,-82.62430816087543,0.875
5,95.84440996704247,-61.924223831371485,0.6875
5,121.18175405364488,-92.07621496142569,0.9375
5,105.62101371895554,-62.723747062405394,0.6875
5,126.61145812446057,-99.54580893207277,1.0
5,94.41448084235084,-43.83714951869532,0.5
5,81.920517785376,-22.499470218108726,0.25
5,102.54237434918987,-86.42697049102485,0.875
5,127.50541612178306,-99.13481011425829,1.0
5,93.01781106889952,-20.416456696351617,0.25
5,114.4589340740588,-94.32126138915692,0.9375
5,103.70787633930514,-84.72081399057863,0.875
5,137.41869952595908,-99.33398328697724,1.0
5,102.92537766273209,-68.79664794655733,0.75
5,104.45963948168604,-68.24618083585497,0.75
5,111.64450816119731,-57.32839165485735,0.625
5,104.7636900188013,-54.89995889270906,0.625
5,151.87472588002572,-100.84756370220936,1.0
5,114.0689496811751,-83.05877833428646,0.875
5,83.86285968381259,-16.895750669793458,0.1875
5,129.18116169765622,-82.37962370090642,0.875
5,86.85479966790571,-33.27217691751669,0.375
5,123.67679653510433,-76.55288082982763,0.8125
5,108.42215488821535,-83.08940744957029,0.875
5,91.91245082060368,-58.530530898628015,0.625
5,99.3287043396406,-55.74185457763467,0.625
5,95.55037381782107,-57.181233452405124,0.625
5,83.32393401380274,-36.45520097935133,0.4375
5,75.56700595708958,-5.414073006704485,0.0625
5,76.63615964148765,-11.288189243684451,0.125
5,116.98767244335839,-91.72201025838542,0.9375
5,123.1537175114082,-91.15319997707243,0.9375
5,110.60170749653211,-76.11538034131284,0.8125
5,120.91065300886066,-90.40975457522316,0.9375
5,130.5313524686681,-82.4812781469721,0.875
5,125.01079286343686,-90.61322274955972,0.9375
5,124.04119509550064,-90.46546450704379,0.9375
5,98.58484405578515,-62.489516909350804,0.6875
5,85.93971450057873,-31.115710311517446,0.375
5,88.52377569747752,-57.0701888424691,0.625
5,101.00320289779768,-25.89881390893251,0.3125
5,118.67970236190001,-93.14526228338049,0.9375
5,121.81059424842147,-99.71372599839714,1.0
5,112.81672539288954,-82.72292096764976,0.875
5,113.66829612854976,-85.74263034721798,0.875
5,101.85676207280036,-21.23324888839059,0.25
5,106.85752050036064,-49.15040825058997,0.5625
5,97.08892455584677,-62.766119985740026,0.6875
5,91.86993160057239,-43.92493007400596,0.5
5,113.07692449063241,-90.9478963694873,0.9375
5,100.2220561092271,-31.36672373829626,0.375
5,118.08628167107646,-84.1460391570387,0.875
5,93.14256655415977,-49.75613210583246,0.5625
5,125.73033595337513,-75.39380074360167,0.8125
5,70.40444100348587,-14.572731734935036,0.125
5,80.09729852694905,-22.20139524752717,0.25
5,116.44477354119856,-55.509211261669364,0.625
5,123.26207439030807,-99.65911373395288,1.0
5,134.58613288336448,-98.47671100262956,1.0
5,91.22178529896414,-25.469502082620973,0.3125
5,100.88038694754647,-62.090620340427805,0.6875
5,90.88872068531496,-29.409968639301297,0.3125
5,106.08021858006862,-70.90766151568192,0.75
5,121.92503837317135,-82.61278276095287,0.875
5,103.39329110173338,-51.462467529533306,0.5625
5,110.4490587798723,-75.92362448321842,0.8125
5,98.9748597635846,-37.45801395766781,0.4375
5,121.96124922391276,-99.85117283986513,1.0
5,106.6383119748748,-43.46159390817263,0.5
5,113.61083020115731,-92.63876965101875,0.9375
5,119.79856603387742,-82.46386971995193,0.875
5,97.06792083729177,-30.708158345469272,0.375
5,117.20726054137134,-57.511481333869696,0.625
5,98.87863091575413,-27.004463048230424,0.3125
5,94.31886637844575,-51.28934646884863,0.5625
5,97.61246263414226,-62.34914461668762,0.6875
5,110.76140510178789,-82.62290645260586,0.875
5,80.77718855177211,-5.197269733941938,0.0625
5,114.34338170524263,-68.20381758015397,0.75
5,75.8994322428794,-6.09728502718528,0.0625
5,86.0688368842722,-20.91415288058396,0.25
5,99.00271156256673,-39.50238681484848,0.4375
5,97.63594348064066,-43.28540443766211,0.5
5,109.23724022872041,-62.63769953383789,0.6875
5,121.38330316576109,-92.18940077928997,0.9375
5,97.5717790982055,-50.78808837024597,0.5625
5,88.92448852316997,-46.957476319074324,0.5
5,129.25341450299942,-101.16475652676623,1.0
5,92.44089437164467,-29.829475093395466,0.3125
5,89.83915766403291,-16.40260732037765,0.1875
5,106.48229800890938,-62.02561788468068,0.6875
5,91.67775236931976,-50.58018542140672,0.5625
5,106.4957425457266,-69.34521759681678,0.75
5,84.19588271018745,-21.234372580531343,0.25
5,110.3344788690426,-82.21634820511032,0.875
5,133.1134918547468,-90.53552940714647,0.9375
5,100.43669733753084,-80.1204283151153,0.8125
5,114.40871250274007,-68.83628475611188,0.75
5,95.22862645290284,-36.14127744839695,0.4375
5,113.72692696904254,-71.02268836307194,0.75
5,112.48814625868857,-62.20971444496049,0.6875
5,89.94048118885138,-14.867377862128153,0.1875
5,89.56780961102437,-21.30767545084342,0.25
5,92.26364752209453,-48.644219465322045,0.5625
5,96.35445768458982,-36.2842462263858,0.4375
5,105.01982889231947,-31.815387729191027,0.375
5,109.89207050333918,-83.04555363573192,0.875
5,97.91973096680795,-48.85070144247942,0.5625
5,89.65649217940661,-43.66985509489328,0.5
5,103.47840089543394,-76.32066037019415,0.8125
5,96.56503233687053,-20.480081566797423,0.25
5,98.01488189210775,-62.237960724255466,0.6875
5,118.79274140769067,-75.38391199593589,0.8125
5,105.36512655008936,-65.37916771563025,0.6875
5,78.53994981302371,-11.1622464794481,0.125
5,119.6223826119152,-78.40125847866712,0.8125
5,118.58504290800589,-70.32163198415543,0.75
5,99.10624438306883,-61.538591277916694,0.6875
5,67.60200533172424,-12.687970765616106,0.125
5,105.09620697674265,-62.24199968983932,0.6875
5,101.1702099242479,-68.58044608979293,0.75
5,103.3230492670931,-76.34527545771546,0.8125
5,127.37149874874012,-76.10107163035774,0.8125
5,117.35770519638467,-83.00344962738204,0.875
5,112.32091415056777,-54.47886385017894,0.625
5,141.53148260908094,-99.47076195132054,1.0
5,109.70129154268975,-62.6928745480166,0.6875
5,105.02727347704885,-43.87265216980246,0.5
5,87.67107282546806,-37.726770474212984,0.4375
5,95.54049996337469,-36.7033536439999,0.4375
5,108.56578481887105,-84.93761736204665,0.875
5,107.2450720232309,-69.76732376860834,0.75
5,101.73805729827703,-56.35811254452217,0.625
5,94.26813766054057,-38.45412431878627,0.4375
5,122.19556350747847,-89.85470207091451,0.9375
5,92.13369735066543,-31.006051610391783,0.375
5,91.5505848781389,-21.582191093168408,0.25
5,105.75721660989723,-63.05916046292822,0.6875
5,100.87562689726485,-37.07232956171088,0.4375
5,77.7947587936453,-12.846621722118167,0.125
5,93.89126237309368,-36.278415249710946,0.4375
5,110.4256410524631,-48.88613726234684,0.5625
5,102.95928524443974,-67.9930303223318,0.75
5,101.24252583819691,-48.146088725062974,0.5625
5,120.57700976589328,-93.7749126370696,0.9375
5,88.62685949690882,-14.370459750191342,0.1875
5,114.51816889131005,-82.91338126754071,0.875
5,115.34528455697688,-70.37584849257219,0.75
5,81.39415505048116,-31.969117702044215,0.375
5,87.77276581852293,-42.28202117908826,0.5
5,122.21061174646435,-99.65664745104161,1.0
5,126.89477186044982,-91.27302072415132,0.9375
5,85.6076494081217,-22.4285673809075,0.25
5,95.83064176351661,-76.36990839814969,0.8125
5,92.5154284912361,-48.66345101060613,0.5625
5,77.49542912848153,-31.029355420811964,0.375
5,105.29579970360174,-69.3044631026418,0.75
5,83.97524161348232,-14.660576036037067,0.1875
5,136.63584187566738,-91.72390292050898,0.9375
5,90.07849560476666,-43.53572689897983,0.5
5,120.37496905255487,-83.22941750657084,0.875
5,69.9587395667,-7.195945254885032,0.0625
5,85.05872887383799,-31.947054055445378,0.375
5,118.43526593134818,-78.73130934140842,0.8125
5,76.38114526334135,-12.598243258846333,0.125
5,109.73237567747651,-72.80717568955406,0.75
5,119.24656607762249,-76.3749329371811,0.8125
5,103.87731506404909,-62.06281706727474,0.6875
5,100.07495236959738,-61.64171645595916,0.6875
5,97.75596500962438,-37.35330043022458,0.4375
5,99.15426987550721,-71.2016694177371,0.75
5,99.75369473285957,-70.99725981582199,0.75
5,164.88383821617637,-101.58983758710177,1.0
5,104.10838700181276,-83.25828912166457,0.875
5,97.72027190939599,-64.21312181306389,0.6875
5,118.34366697141034,-76.34365090077452,0.8125
5,106.56978567210756,-61.475292547556556,0.6875
5,139.35676897173192,-100.4884366279844,1.0
5,96.3555298458551,-31.007181313331927,0.375
5,119.79750216572091,-83.4641085013926,0.875
5,115.39538532125204,-68.9076698006629,0.75
5,103.59097455455021,-61.43162806581113,0.6875
5,86.73959957805289,-20.860084532476847,0.25
5,97.90922320619305,-48.39308894332251,0.5625
5,89.98549708322156,-9.917787048934438,0.125
5,68.97955944567566,-12.17666099815344,0.125
5,96.59066771902228,-48.49691106926312,0.5625
5,140.0630749296397,-90.60157468829674,0.9375
5,96.53985128456529,-25.664143783157364,0.3125
5,70.03789716411515,-5.447478633141777,0.0625
5,109.44932157257854,-38.45922772753534,0.4375
5,101.92709675139113,-72.63967791500353,0.75
5,113.92146519480808,-54.96707770138949,0.625
5,113.25819030995834,-61.217144482620824,0.6875
5,103.37583408724613,-75.33039193631677,0.8125
5,111.60075617762698,-76.67352387164175,0.8125
5,117.0134885790783,-82.52069204957662,0.875
5,85.6290682094779,-25.93387595097726,0.3125
5,111.23237757301993,-75.57478802184706,0.8125
5,100.61312203561054,-37.48761268561077,0.4375
5,118.02730824703625,-63.859705520724965,0.6875
5,87.49214499142474,-9.973870754949298,0.125
5,91.00322596699696,-48.386602457641125,0.5
5,115.17141449497991,-84.66099516901838,0.875
5,119.51368390823143,-75.0449630947164,0.8125
5,108.78070153522322,-68.47143213694514,0.75
5,108.3485420069686,-61.38652375712512,0.6875
5,108.20573999207977,-48.05403514008182,0.5625
5,98.13781195741143,-54.507439892933355,0.625
5,113.37409455126961,-69.88460786064162,0.75
5,99.18176127201419,-77.76199572762577,0.8125
5,111.80334520000939,-49.487339894102895,0.5625
5,109.20471838376717,-75.28425940756927,0.8125
5,96.69890835885646,-37.82245575000256,0.4375
5,105.09903463096128,-62.0793742179034,0.6875
5,84.54149060890171,-11.333491460086735,0.125
5,96.35487774007579,-18.23187981132547,0.1875
5,105.63791726872711,-69.31405753497494,0.75
5,92.07554428820937,-21.581291093375416,0.25
5,78.01251633977522,-18.931494733495754,0.1875
5,107.13456774454654,-49.376071818477435,0.5625
5,80.52367282839592,-21.213870369784704,0.25
5,125.24796447877387,-100.29433382396543,1.0
5,118.66089647387793,-92.77178465618371,0.9375
5,120.38455379917106,-62.00735029108005,0.6875
5,119.2641475647417,-90.42297250787817,0.9375
5,96.74876277669422,-32.045027715630326,0.375
5,76.04832389234234,-16.04540462353217,0.1875
5,117.20860558417758,-99.4110297289998,1.0
5,109.52221805750193,-48.93169906033832,0.5625
5,97.78082485994194,-69.81560436517381,0.75
5,118.98119041957924,-91.44243931712406,0.9375
5,131.96109644619332,-92.01789726593329,0.9375
5,90.5050899972057,-49.256896596157446,0.5625
5,128.09577745532147,-99.46918202575425,1.0
5,140.86287304176972,-99.55490479742794,1.0
5,86.18510271405549,-12.166579763746194,0.125
5,104.70541480419398,-64.30259841008892,0.6875
5,123.0735383219743,-99.3182349015592,1.0
5,86.00428154350229,-34.003480445680545,0.375
5,78.8655746348575,-10.163297807321722,0.125
5,107.8505201815241,-102.62364608345067,1.0
5,104.56369968484066,-43.28735848929176,0.5
5,101.77054163635168,-54.81743837114712,0.625
5,111.36410871506158,-62.122171293690464,0.6875
5,100.92081875439331,-49.04963147107948,0.5625
5,118.58007319139001,-91.22272358081176,0.9375
5,116.74567527431405,-43.24763882752207,0.5
5,108.74440743195836,-85.2878677218814,0.875
5,99.14578951322022,-64.62874475490592,0.6875
5,104.2477073382918,-55.03445785758581,0.625
5,135.86352981059972,-98.9220102947701,1.0
5,127.2073212536313,-82.51250547227477,0.875
5,96.12248452861216,-42.36449167822038,0.5
5,113.75944777406603,-82.61305072938262,0.875
5,96.22006786011697,-62.130380353861625,0.6875
5,110.56136764494812,-36.72683536397853,0.4375
5,92.5044320675569,-36.76198420889581,0.4375
5,111.17776293098636,-90.77176949900567,0.9375
5,95.89051591773708,-82.85087322743489,0.875
5,114.03163214598916,-90.36519156160507,0.9375
5,87.67738367792936,-15.971579954354707,0.1875
5,102.68072468480152,-55.56765557763504,0.625
5,114.4072038077351,-98.84572084309748,1.0
5,93.10922138081217,-76.0513341890378,0.8125
5,131.86503301804456,-83.24504710637446,0.875
5,100.50215754228617,-61.11655242851003,0.6875
5,102.28056472785165,-36.25208706151588,0.4375
5,108.89522439726036,-84.82409309798173,0.875
5,119.15331359330892,-82.69763034863456,0.875
5,111.11101364803484,-63.563323083053184,0.6875
5,134.07519955953765,-90.42216756734024,0.9375
5,104.37391676871232,-48.886796352787144,0.5625
5,108.61937242166798,-75.16794053041592,0.8125
5,104.73911766557859,-62.115558431374644,0.6875
5,75.57036884972435,-11.977368250766228,0.125
5,121.22473012218073,-90.82237210972991,0.9375
5,130.59661015494305,-91.24112102462591,0.9375
5,84.00995253972832,-23.452357004587945,0.25
5,128.60769154455636,-91.02798778716962,0.9375
5,110.4156410091381,-68.25186196917888,0.75
5,102.54466624891107,-82.62392955401882,0.875
5,100.78389761277138,-30.24729086990517,0.375
5,101.73995467999455,-37.06117222569915,0.4375
5,104.21828142815792,-72.02235525352668,0.75
5,108.0055999314671,-80.03701570427434,0.8125
5,95.34658289581375,-49.86215620470048,0.5625
5,88.30728438551805,-16.190802834243954,0.1875
5,140.1202445639546,-100.09917599201903,1.0
5,92.33526028077127,-48.228679057169515,0.5625
5,109.17298457577547,-36.419927469169,0.4375
5,133.27943722264578,-100.19919078471374,1.0
5,112.94019734689576,-91.54002192708383,0.9375
5,120.27614439508989,-82.87630183926862,0.875
5,107.1721704614724,-68.2402262304682,0.75
5,97.06933931888322,-49.73282585496162,0.5625
5,80.5106327897284,-13.098198256726919,0.125
5,104.69642298269477,-79.84346443402755,0.8125
5,89.64476857380468,-21.944576462842086,0.25
5,89.32041632667278,-32.10754409754511,0.375
5,127.33474517233793,-90.15862109889251,0.9375
5,85.7108556616269,-25.835456475666113,0.3125
5,90.27433935692716,-20.52919715187522,0.25
5,102.90745837180289,-76.0801803800119,0.8125
5,76.16967359629719,-21.451608510182783,0.25
5,80.79148565166307,-11.85765536271745,0.125
5,97.24925192651153,-55.92668810297538,0.625
5,88.0877421409898,-19.923058552898127,0.25
5,104.31543818778795,-83.0043403317124,0.875
5,104.47771646214063,-69.660349442498,0.75
5,93.15660761450319,-51.70636230585821,0.5625
5,90.3365469435181,-36.87839967476861,0.4375
5,92.09543853139262,-26.34977401440358,0.3125
5,96.33736704046211,-72.6436112520776,0.75
5,100.78074029935557,-36.97920985245523,0.4375
5,77.06873770428254,-12.976157341015597,0.125
5,113.14564660457339,-75.09631085166359,0.8125
5,124.96063639305459,-84.0309157193984,0.875
5,116.26496928655072,-82.6343823102369,0.875
5,118.22135304035758,-75.66573656462496,0.8125
5,99.98392327396401,-83.57926881584272,0.875
5,85.72905502836899,-12.195468410035481,0.125
5,135.2371437325496,-91.01392251077877,0.9375
5,120.86942234354856,-83.28928955124792,0.875
5,83.15594588501577,-10.00881484245051,0.125
5,90.44526310707874,-29.04301942953232,0.3125
5,102.32678957777193,-42.87648061765355,0.5
5,87.656096868339,-22.821920163729366,0.25
5,72.14773536393791,-7.041768505374604,0.0625
5,92.56580970512023,-32.88502352514108,0.375
5,136.70296031434995,-102.03847048264316,1.0
5,82.88722162195421,-21.427632322244637,0.25
5,78.42064675113353,-25.81705018198987,0.25
5,96.84369167685792,-67.89259739269207,0.75
5,97.24438918354797,-55.51230551087338,0.625
5,78.01635293861263,-10.862455124095725,0.125
5,117.89423904876503,-75.09787618058309,0.8125
5,94.56801433751369,-20.321847873733347,0.25
5,84.38240537614334,-25.610592306349503,0.3125
5,108.55052538921338,-75.33650146858565,0.8125
5,105.79066379422235,-83.51543043145969,0.875
5,112.35350059002313,-61.33152576284628,0.6875
5,98.17548225069778,-32.1593341676289,0.375
5,99.84164925433349,-55.901520914667394,0.625
5,85.17318112591708,-21.5648115101608,0.25
5,110.86557478375299,-83.22557716874653,0.875
5,103.82655452175618,-69.6213019076667,0.75
5,127.5809883497943,-91.56417673326104,0.9375
5,79.17561019906502,-11.309625801279267,0.125
5,80.23707254635391,-20.434791529202318,0.25
5,113.71347129581515,-92.58773734520823,0.9375
5,97.40816506925603,-70.71992618799027,0.75
5,95.53156870949222,-36.60073898377909,0.4375
5,96.67815374281547,-32.56406502037467,0.375
5,93.75229490237751,-48.62456193919647,0.5625
5,87.46118437642606,-58.24119280079179,0.625
5,97.59867093819605,-68.690406032549,0.75
5,83.37732241980021,-61.0488764109326,0.6875
5,105.04985625541703,-55.20347455483211,0.625
5,130.0612093551485,-91.3445359121306,0.9375
5,109.04662803856246,-75.04007809769435,0.8125
5,86.94917431637846,-19.978392064221538,0.25
5,118.94911044020301,-69.3416543883974,0.75
5,87.68446202916786,-44.49243012777771,0.5
5,104.77518413557397,-60.980101740683125,0.6875
5,124.09887988170894,-91.56255399637776,0.9375
5,107.71121002079971,-43.57866040162398,0.5
5,83.05992722208579,-10.13193273985155,0.125
5,78.78710141131452,-12.490179720125996,0.125
5,89.54097767662009,-22.077265836444788,0.25
5,105.55158844824959,-69.90050569673056,0.75
5,81.77635752963485,-21.892991273390688,0.25
5,85.9114579194823,-11.803712403597007,0.125
5,108.36766504593744,-84.19526233089732,0.875
5,95.3065233695558,-37.98982874707998,0.4375
5,76.35727596097018,-16.375523965850626,0.1875
5,90.90468664712768,-25.09928240990465,0.3125
5,107.16324326423315,-68.2327390928739,0.75
5,122.56935757260423,-91.34206715050581,0.9375
5,155.8476946461099,-103.13071977163945,1.0
5,94.9846346253644,-61.35782000172809,0.6875
5,77.3801121890031,-12.741887392038848,0.125
5,99.56831771014892,-56.28789045022004,0.625
5,129.11587360067992,-90.73639717515643,0.9375
5,111.12197954499037,-82.65545515438984,0.875
5,67.11305973495845,-6.973899099486386,0.0625
5,126.48717324953267,-93.516742770212,0.9375
5,127.27396545305218,-83.16030072519459,0.875
5,81.87444727639908,-6.341279576612917,0.0625
5,130.0155925620242,-91.42765870718434,0.9375
5,102.97539203879236,-24.96710099359329,0.3125
5,98.24693705701462,-83.83450872863025,0.875
5,145.04240186513616,-101.79363951155374,1.0
5,79.77891510840865,-20.286151593133205,0.25
5,83.98872111306827,-11.281932766586824,0.125
5,118.04822269853017,-90.47248646557397,0.9375
5,92.10303216572373,-18.47698670240126,0.1875
5,86.71507559284548,-9.746070019615136,0.125
5,88.47110999456332,-28.081167522378323,0.3125
5,121.1909024808738,-91.03067990564995,0.9375
5,117.85548615485668,-90.19879345428453,0.9375
5,91.45408155239657,-28.864138415498996,0.3125
5,113.53977677368556,-56.129039831866635,0.625
5,103.87092522048644,-55.57576240792601,0.625
5,99.489134867586,-38.67521473590175,0.4375
5,103.97959074013833,-62.72136597817118,0.6875
5,130.78510069375238,-98.96375151837073,1.0
5,89.79419007660144,-21.63038130104926,0.25
5,149.9078933088812,-98.79262157441653,1.0
5,91.91429915663491,-50.946204503897086,0.5625
5,83.51273925380673,-20.850030724703053,0.25
5,102.4940189633425,-37.02758910187531,0.4375
5,113.71594812680921,-48.355626244919456,0.5625
5,116.4402679481459,-84.55321705626409,0.875
5,99.43667560616937,-49.06284671840334,0.5625
5,98.89425830322412,-61.90891417798675,0.6875
5,104.93913919347875,-48.950338828128245,0.5625
5,85.6480257600684,-21.609160520925943,0.25
5,87.42402977814471,-32.27868240666911,0.375
5,118.8869689295752,-82.58048946147053,0.875
5,116.23080507565862,-82.63556429262758,0.875
5,98.29777485682813,-55.6231396656252,0.625
5,62.732861451509216,-13.848913061956116,0.125
5,112.27269456531381,-78.0329412048333,0.8125
5,95.08974637085562,-64.3465781930707,0.6875
5,118.76210558479852,-101.79678975634297,1.0
5,126.5789265100724,-99.21516540009371,1.0
5,106.33916300044446,-76.1676728245759,0.8125
5,92.45696089776575,-48.61652644293869,0.5625
5,116.80165079858335,-62.60249913733588,0.6875
5,93.97838107653772,-54.97619101766843,0.625
5,130.70201812731491,-82.41729238037045,0.875
5,103.25412427772453,-48.69593647631716,0.5625
5,83.40325690548653,-24.40437170892547,0.25
5,86.9125116710758,-45.50962520852531,0.5
5,96.0941431952351,-62.06913619825286,0.6875
5,90.40554192372893,-25.57036308633859,0.3125
5,95.72405912277546,-42.410111340808164,0.5
5,80.79990742450379,-10.19142996055083,0.125
5,90.17207972604305,-33.391136732658595,0.375
5,141.6552798916837,-100.00743095980843,1.0
5,97.01673971574981,-48.63192176006337,0.5625
5,98.97627926521562,-50.27886216398155,0.5625
5,124.96477281259928,-83.20161202648711,0.875
5,124.98920087400836,-101.22644352550694,1.0
5,115.18912981848418,-83.9454673355811,0.875
5,123.51697529493386,-76.67632520821472,0.8125
5,97.93782195926887,-85.17369057058725,0.875
5,101.22309912858904,-57.887552732538346,0.625
5,83.69538979376308,-22.811651429151393,0.25
5,123.68038718382077,-90.75398115384642,0.9375
5,139.09591580119965,-100.40282172780935,1.0
5,112.45658594213688,-62.089035280449075,0.6875
5,126.64373848853671,-82.98559413622836,0.875
5,85.26231346750862,-19.9366709149034,0.25
5,72.98308257330956,-13.896168633037309,0.125
5,107.00398155147643,-68.50381529253109,0.75
5,113.0017124170273,-82.8797024875681,0.875
5,148.0841962940254,-99.3486369429446,1.0
5,93.96965838439976,-22.823736462663,0.25
5,76.42948630080436,-12.212397447748755,0.125
5,92.61560052623874,-39.34180829558737,0.4375
5,91.08313914843947,-21.600991226812088,0.25
5,106.88799358947156,-91.26760630721574,0.9375
5,104.46554090906939,-60.97443301182445,0.6875
5,75.3653674400172,-22.905093603183367,0.25
5,114.19943289328577,-69.27615747932921,0.75
5,94.17819222917487,-34.44367416846304,0.375
5,106.54764925425067,-68.56929236527805,0.75
5,101.47891041157457,-44.81958365934892,0.5
5,88.83132414617714,-44.17896891254069,0.5
5,109.0514024549482,-54.70251781736738,0.625
5,84.04006113214723,-11.36853649050904,0.125
5,113.80982120407582,-58.54268083058432,0.625
5,94.52104269793377,-38.6344205569376,0.4375
5,85.88567827760993,-15.87509187840416,0.1875
5,96.76964617726544,-40.18293181119422,0.4375
5,109.96543040059149,-77.04422170607575,0.8125
5,91.97548168200356,-37.590521442940336,0.4375
5,102.22089519812221,-68.19010528898139,0.75
5,99.02804545131207,-43.048990583855115,0.5
5,112.54591545576291,-56.23140207085427,0.625
5,108.1101980417927,-62.27959591993394,0.6875
5,122.78432328546099,-83.38740969819939,0.875
5,82.4853970787464,-31.698227653647095,0.375
5,102.45172944780212,-57.169586503032704,0.625
5,84.13816488043227,-11.923403142696852,0.125
5,103.73467896173487,-77.72455793213128,0.8125
5,89.83899298151991,-33.40361454247796,0.375
5,103.03993824642849,-63.09979548707143,0.6875
5,128.86734222749234,-99.40338158777014,1.0
5,104.77134422607377,-92.42028749686824,0.9375
5,91.74204050234434,-32.482112213001486,0.375
5,109.60224930183746,-91.66695131690861,0.9375
5,113.83302465880152,-92.36874520021178,0.9375
5,86.0332907194351,-37.06701731432752,0.4375
5,87.19517708494789,-50.881504476175266,0.5625
5,132.35396454789577,-91.30590032378414,0.9375
5,82.22654203476644,-33.23974392155685,0.375
5,94.94760458605063,-45.19309818932181,0.5
5,97.0601244290643,-49.25342837972119,0.5625
5,102.10812413032224,-90.31552777936403,0.9375
5,97.92540886051354,-68.87982854994655,0.75
5,104.68810853963734,-61.07446923041404,0.6875
5,96.16233142598983,-22.57522903471616,0.25
5,146.4792985192684,-90.47118183147424,0.9375
5,95.93374557389961,-17.615813802221304,0.1875
5,112.13112440504698,-42.391133615610336,0.5
5,81.05292449535698,-30.423844977740362,0.375
5,111.84001587019661,-85.5961751383107,0.875
5,123.38312352454828,-91.35273681153959,0.9375
5,93.74371526927958,-17.60869835799172,0.1875
5,92.88078081088071,-31.824242709768487,0.375
5,87.68974391752977,-44.39278644789483,0.5
5,122.07199147894856,-83.23157472852073,0.875
5,98.46999185127365,-23.484337990520817,0.25
5,89.69635960830888,-30.738467048126605,0.375
5,116.72895869920828,-82.40634074153357,0.875
5,100.50310428446652,-43.72577573403953,0.5
5,94.54107736388318,-14.624186445474962,0.1875
5,95.59345854995817,-15.000739695844286,0.1875
5,134.1154520127115,-90.81071573674907,0.9375
5,126.45558388088271,-84.66462248322448,0.875
5,85.56290082579477,-10.285110213673505,0.125
5,90.28229041248915,-15.229049874151952,0.1875
5,70.1227835360791,-12.161690718083669,0.125
5,97.64359410024667,-40.39942040381144,0.4375
5,148.6033695468162,-90.31843415477867,0.9375
5,82.04715931561252,-45.2436033973367,0.5
5,101.2129977630763,-64.02972935293874,0.6875
5,106.2785629001693,-69.03569775399484,0.75
5,94.60319281035683,-72.41771120444594,0.75
5,104.40946416948836,-45.49339039365939,0.5
5,119.28737991385108,-92.33413942700577,0.9375
5,105.03683209347841,-76.09293190672419,0.8125
5,84.59766606332656,-25.80427544440258,0.3125
5,102.31059182646294,-48.90823387884033,0.5625
5,118.61685026391278,-82.78582332744246,0.875
5,117.39073103059461,-84.85889719438485,0.875
5,109.23669555116385,-75.38480258336214,0.8125
5,93.14825932924373,-38.02397992181771,0.4375
5,101.01716716159395,-36.9534483234136,0.4375
5,119.00950826901125,-90.3055457798599,0.9375
5,109.66273038796963,-44.31851861278084,0.5
5,90.26236887270964,-27.37758206891811,0.3125
5,117.14237886693068,-82.43761847399045,0.875
5,169.71317805864413,-100.42984080450013,1.0
5,85.91360866026379,-21.04943584139601,0.25
5,109.05636376301237,-96.86550272836072,0.9375
5,107.91927077294827,-99.4044661853822,1.0
5,106.13251461684152,-44.23581739987444,0.5
5,117.50066169916846,-92.65455737666755,0.9375
5,110.28380749492803,-92.79840430335503,0.9375
5,103.79957617528883,-68.89630105020892,0.75
5,106.03313256611675,-39.235690278040714,0.4375
5,71.80204221600624,-14.519614505955824,0.125
5,117.86955831762502,-82.2752722206966,0.875
5,87.65349652645827,-10.879980670978707,0.125
5,100.62172432215695,-37.07024566138231,0.4375
5,90.14043213184776,-10.116997883640373,0.125
5,90.18116666680174,-43.31284178341001,0.5
5,102.93340610822341,-70.811507269327,0.75
5,92.97301760188056,-30.631989101213826,0.3125
5,126.60243566191181,-103.1431505593412,1.0
5,78.91203654454499,-10.659330320701551,0.125
5,85.4642818817959,-16.361616950720983,0.1875
5,97.8736539354528,-31.253829481375092,0.375
5,76.86063515335876,-13.627383766370125,0.125
5,103.33899159497292,-61.17602595858787,0.6875
5,94.37261508776734,-43.19966691214087,0.5
5,101.3160819929368,-25.669105207971096,0.3125
5,142.10547082842638,-100.50963249717782,1.0
5,103.860891168833,-63.878231723471444,0.6875
5,75.71552457974212,-6.415203947890115,0.0625
5,98.5203965927544,-32.96822377394762,0.375
5,107.87185852939278,-82.35617333053855,0.875
5,136.77875151211887,-100.41351807277039,1.0
5,84.66894218049683,-10.895579612221265,0.125
5,99.48170882321651,-50.042245764305655,0.5625
5,96.96312088770499,-82.749681682422,0.875
5,132.11544190906005,-98.44852227354401,1.0
5,108.484540799951,-55.49638220077728,0.625
5,120.83722583909706,-92.73453400517465,0.9375
5,96.49897680633296,-63.79283014569915,0.6875
5,111.36613972507415,-61.40933057813979,0.6875
5,98.90967433404889,-36.71471607714409,0.4375
5,101.1026079584159,-93.19340225675984,0.9375
5,128.69399267589998,-100.39638455285854,1.0
5,75.44951933235116,-12.535750208100655,0.125
5,104.98495605487332,-68.53545201051548,0.75
5,84.16905533323394,-32.57198248415029,0.375
5,93.34124884780856,-30.351691219203975,0.375
5,102.35581562043023,-49.517302105092114,0.5625
5,76.87736382682134,-10.350757259513284,0.125
5,123.08381018464883,-84.96416009171799,0.875
5,135.09168667789325,-100.46848256678102,1.0
5,128.25360764003534,-84.45429165863565,0.875
5,115.60439240908342,-85.71552065090441,0.875
5,133.88466340989723,-90.87188653868006,0.9375
5,110.39822098162885,-83.36705262996601,0.875
5,101.02883127346412,-55.91785309449325,0.625
5,133.80725395489844,-99.39292614304485,1.0
5,96.54881271207707,-39.72746299860177,0.4375
5,85.21346677213269,-32.99280922379609,0.375
5,84.97837085466138,-27.36383900429559,0.3125
5,96.152866471253,-38.358483506639345,0.4375
5,124.0553216567695,-68.20132139026586,0.75
5,90.53553469541984,-50.34821797268555,0.5625
5,98.91421532274207,-78.02808153541194,0.8125
5,123.65965418666482,-82.59059935353116,0.875
5,99.05822487609329,-55.91616471487295,0.625
5,123.18186597313428,-63.535600423722826,0.6875
5,89.22899105684446,-31.372266848603317,0.375
5,94.35654469214238,-49.116855986181385,0.5625
5,97.44595455343563,-30.854817130758704,0.375
5,77.22803477492508,-20.675655594185322,0.25
5,98.23748604921909,-71.34924831909085,0.75
5,101.96730776045848,-45.30788259174237,0.5
5,101.5979304775781,-38.04991544068417,0.4375
5,108.11265148955664,-49.51736314562813,0.5625
5,118.87226987068111,-99.73756282719177,1.0
5,84.14529336838868,-27.473069711708032,0.3125
5,145.87034431945588,-101.62024639074914,1.0
5,120.69149008134062,-99.85460785990894,1.0
5,73.69136752261726,-5.281962223622812,0.0625
5,109.72181266563368,-78.01744400246096,0.8125
5,127.55032158591555,-90.68896121453679,0.9375
5,79.01414186258765,-18.34260771319403,0.1875
5,104.49585958662482,-43.72723712256859,0.5
5,114.68883559677707,-74.83777104174459,0.8125
5,100.24404416410316,-43.12361727405952,0.5
5,86.26735078354841,-23.219395522654537,0.25
5,86.61136782581956,-10.59086210798079,0.125
5,142.3689004213057,-90.2263460339802,0.9375
5,83.03371929151332,-12.92812109415318,0.125
5,104.71531801095517,-36.73818255044781,0.4375
5,111.41650594373034,-90.54885339840038,0.9375
5,83.59538206615457,-31.076808282147027,0.375
5,92.99380681226258,-62.31853226537803,0.6875
5,145.79911560184414,-98.82175003244213,1.0
5,87.12106975602562,-38.959619483569995,0.4375
5,133.50676483741267,-101.0822401321535,1.0
5,93.24859851700539,-36.355873519296175,0.4375
5,119.38756293852731,-90.91553193525233,0.9375
5,102.97278499922444,-83.14131419264841,0.875
5,105.90987904525385,-75.4725640143495,0.8125
5,121.51902608066916,-82.40594264677925,0.875
5,135.09784911235124,-99.73668325908699,1.0
5,89.15438481516055,-20.277329653253016,0.25
5,136.9897004706081,-103.11978080875731,1.0
5,102.91444104105312,-69.02947126820065,0.75
5,91.11661588784835,-38.299521325077414,0.4375
5,93.03345258063037,-38.03682461213608,0.4375
5,126.05988622584057,-84.006254485325,0.875
5,129.2300837698314,-82.21911838707075,0.875
5,93.1870058327271,-25.86064159308639,0.3125
5,108.28586432201313,-68.50168280165025,0.75
5,91.77379204802897,-40.554656651930884,0.4375
5,90.00229219747993,-31.811607299994805,0.375
5,105.25385124009243,-50.8773260592351,0.5625
5,119.79734251612804,-78.10308957648903,0.8125
5,116.55233699942596,-83.31349852663043,0.875
5,131.81207122794882,-99.45905386554873,1.0
5,124.46432873928299,-81.99308658439926,0.875
5,123.28415338028715,-102.01602297524953,1.0
5,97.6752011211882,-43.78724395889898,0.5
5,128.57426037617992,-94.57592241552867,0.9375
5,159.38647536367753,-100.45343104935738,1.0
5,71.64081206455053,-14.018731716343815,0.125
5,105.61711347630968,-28.521189137819363,0.3125
5,92.2950224724239,-16.156469514396793,0.1875
5,126.46519358916757,-75.38435536764645,0.8125
5,101.27806180341376,-49.16572462260656,0.5625
5,93.50770992741248,-33.412475673085524,0.375
5,108.21132814206862,-82.33355971063969,0.875
5,78.66967582920796,-10.962364794341154,0.125
5,91.88059972509917,-26.868955226966328,0.3125
5,97.81592158766715,-57.86732565652808,0.625
5,133.11527584387085,-82.46562603861004,0.875
5,81.54085490533231,-10.65559117134894,0.125
5,123.08696540023854,-99.80947443714388,1.0
5,113.3367740578909,-54.43109334395357,0.625
5,96.24614660303712,-78.53092758076724,0.8125
5,102.62528884043911,-68.33084453280911,0.75
5,110.65439921362992,-75.18322146645617,0.8125
5,115.2717826192388,-90.67467676291326,0.9375
5,116.21166727348798,-100.13200526066849,1.0
5,135.84413934903756,-100.39537673066891,1.0
5,102.16691293316076,-32.06560383790731,0.375
5,128.88115664317922,-99.81144512022087,1.0
5,104.26571297399738,-68.78402028580594,0.75
5,120.40239684112066,-48.5170594469344,0.5625
5,102.80519036479332,-21.395343758903937,0.25
5,88.57766495951932,-31.01008618283083,0.375
5,119.73813215900498,-90.70499317945836,0.9375
5,141.73527935385485,-100.70252315135399,1.0
5,118.39259518647722,-75.29500875509574,0.8125
5,103.24657689387556,-49.01600299345594,0.5625
5,116.25395886492969,-74.90353945869533,0.8125
5,111.93887277714045,-82.34463406134516,0.875
5,89.34131124274487,-49.36218979072268,0.5625
5,109.40045658888396,-92.7259706245594,0.9375
5,121.00365726176337,-83.15873287764838,0.875
5,104.50757804848084,-83.40023305907059,0.875
5,99.25612801635357,-36.26417228143404,0.4375
5,95.86294167197148,-37.42282513837353,0.4375
5,85.30113069600128,-9.752035254816873,0.125
5,101.85250527563907,-54.902112888317845,0.625
5,98.26000102144079,-63.65585025752405,0.6875
5,127.65799654157009,-103.77964616539903,1.0
5,98.57521193453421,-82.07793020505653,0.875
5,115.36194063387346,-90.61997452545482,0.9375
5,123.00976155415158,-90.55425981828667,0.9375
5,115.87713451358826,-82.89680464434551,0.875
5,98.77228965579877,-51.116454137618256,0.5625
5,103.47057340194877,-83.01994177251382,0.875
5,131.0064367233544,-99.29821486206298,1.0
5,87.36687333952902,-15.276374909710924,0.1875
5,101.7649088075196,-32.317472146037254,0.375
5,96.63678042877191,-43.55476434318916,0.5
5,110.95015963937857,-91.16349471609281,0.9375
5,114.4609236796556,-84.08335313743407,0.875
5,103.59683297247715,-49.35705992589848,0.5625
5,98.07649898636147,-45.91562127158683,0.5
5,111.75003957173205,-69.16392356608972,0.75
5,93.1148391037439,-17.01832911303231,0.1875
5,130.22904599520893,-83.46781016059671,0.875
5,104.56606484837592,-78.41822277504642,0.8125
5,121.26621788934963,-91.79676790390235,0.9375
5,87.98954933377506,-14.65944168701432,0.1875
5,104.41568329930557,-83.78885477658777,0.875
5,72.48446449064872,-12.897944474039,0.125
5,108.82767776494534,-90.23145658287764,0.9375
5,88.93970816769948,-19.685753399902172,0.25
5,110.80146132924081,-48.09344576736056,0.5625
5,109.1978473434468,-45.8847359718164,0.5
5,107.8668957607155,-43.99452850839281,0.5
5,85.4792349008477,-10.021669333480325,0.125
5,107.92350912420457,-90.30010196815866,0.9375
5,101.90814832554,-88.05354425459369,0.875
5,95.82766480017212,-20.258054924081158,0.25
5,101.95195864316153,-40.60855200235909,0.4375
5,155.620438775226,-100.12477869400946,1.0
5,83.20419317442827,-38.977941377981885,0.4375
5,87.16950129355733,-51.61669037939214,0.5625
5,106.0740708868072,-57.278929604637234,0.625
5,106.05126675914688,-75.19655838914163,0.8125
5,129.7103669519497,-99.93268857763462,1.0
5,136.2598685704547,-101.96036857509823,1.0
5,88.39911919845423,-43.790697996134135,0.5
5,93.45353044127913,-31.825543952614133,0.375
5,113.9699457202344,-82.52460194919234,0.875
5,127.72780849619478,-100.40252241821713,1.0
5,95.2458719015799,-35.912851412000435,0.375
5,89.66016228924656,-22.399597966873948,0.25
5,133.68763871800334,-91.20131135143173,0.9375
5,69.29207634347712,-8.161616242183905,0.0625
5,107.25012466345464,-72.982968543839,0.75
5,124.2064486900951,-91.34802330714639,0.9375
5,94.96939574660578,-58.49051332911312,0.625
5,134.5052415503627,-90.93761048996022,0.9375
5,80.96284189795048,-20.746640310936172,0.25
5,71.02993916204544,-21.057026037441855,0.25
5,107.74863584172112,-55.23614938914158,0.625
5,112.47708720876295,-54.876455284312556,0.625
5,103.70605564408697,-67.94175376004289,0.75
5,108.35571522823568,-92.47276739283868,0.9375
5,89.42588958196102,-12.221838702033327,0.125
5,101.40725196437575,-43.73858430939659,0.5
5,114.3678724797504,-92.64212677900252,0.9375
5,109.28459476677533,-61.39934983801675,0.6875
5,83.87146328423295,-68.6513598183435,0.75
5,150.70474908420078,-99.80538379349407,1.0
5,85.16073740897507,-10.627664638150424,0.125
5,101.80828337096459,-57.99232515025548,0.625
5,106.87388635064328,-48.83979625252681,0.5625
5,112.11564482684302,-63.94978245383395,0.6875
5,107.68344030281436,-48.27672913102854,0.5625
5,65.87117007455736,-12.684627092886405,0.125
5,108.67913270820165,-79.47779961125956,0.8125
5,104.94189313725005,-46.30688830597102,0.5
5,89.178101363181,-52.72634230556071,0.5625
5,97.35453500017493,-76.98119142407775,0.8125
5,97.18798858389555,-58.38815472808276,0.625
5,114.56713802819365,-91.65714701379524,0.9375
5,114.37649439966384,-71.47868424534379,0.75
5,111.17190673874401,-83.58248056428803,0.875
5,108.2072536811878,-105.56418791511156,1.0
5,93.77274991872883,-61.61915664114434,0.6875
5,122.54666273197007,-90.48754795583724,0.9375
5,114.75911185957597,-83.43776995860246,0.875
5,98.30524894684551,-61.25262333048967,0.6875
5,102.92812839604466,-83.13089203411077,0.875
5,105.57064572582091,-85.0171483938709,0.875
5,122.25288097181281,-90.50669598512111,0.9375
5,106.63025205804892,-83.65112599186486,0.875
5,101.00317765150145,-55.34367763075952,0.625
5,103.13536064946834,-49.87393224383766,0.5625
5,116.77652442757842,-90.68995910260642,0.9375
5,129.54828165185722,-100.47839861740594,1.0
5,108.29860531781486,-61.697989690701995,0.6875
5,101.81937792172155,-62.80798804426415,0.6875
5,105.11560284992419,-61.81802751216864,0.6875
5,89.86090922525143,-42.94104692560276,0.5
5,112.36359610820905,-55.304269261777186,0.625
5,127.10225451309682,-99.28705031065036,1.0
5,81.46607239321024,-11.594315425185258,0.125
5,106.36934637031172,-56.58764841615885,0.625
5,92.02215130141283,-36.334854004220375,0.4375
5,76.77659401854507,-15.44527459162385,0.1875
5,90.9258863642504,-43.642776632655554,0.5
5,104.66762973877037,-68.78597814858792,0.75
5,94.6060063779783,-37.655226297848564,0.4375
5,96.13744755612949,-42.770494790270725,0.5
5,111.80505028897957,-57.04544872853078,0.625
5,92.00741473808249,-27.96213951538661,0.3125
5,104.22525553376052,-61.56092864263413,0.6875
5,90.15185594458657,-25.310886896292143,0.3125
5,101.2651001994031,-44.65920322298726,0.5
5,95.29223102993606,-43.09112955581727,0.5
5,111.53944349167139,-69.90918670609621,0.75
5,124.37151587810236,-75.44791841727377,0.8125
5,86.63811803542781,-20.494064704528412,0.25
5,80.07706395094718,-6.016503060213931,0.0625
5,119.68050883771105,-100.44130254094978,1.0
5,109.42186813832325,-91.59087148533105,0.9375
5,160.24862545947624,-99.68759135354014,1.0
5,122.12275153782728,-103.63515407311773,1.0
5,78.92349412610517,-6.481228393197928,0.0625
5,106.01173510443796,-44.132199483017565,0.5
5,149.08269138851347,-100.14162271249985,1.0
5,128.83367644918474,-100.90059232737563,1.0
5,109.26032342482227,-43.30922686211703,0.5
5,97.34438646727602,-25.2097714924883,0.3125
5,128.62548529923416,-90.26245329154834,0.9375
5,85.2245918504718,-10.371263966850142,0.125
5,84.91028412737566,-11.710182847018231,0.125
5,85.95942097342746,-32.02544475114312,0.375
5,103.81146510545973,-79.16638479088475,0.8125
5,97.56254657411958,-70.0249677158799,0.75
5,100.8346196362242,-67.93193378667402,0.75
5,114.66284067811911,-68.78125612343932,0.75
5,117.82045548490574,-83.4317509921405,0.875
5,98.0397970793731,-75.8483072698223,0.8125
5,105.04299619511444,-54.84542311730659,0.625
5,94.9730016607892,-36.3866953481741,0.4375
5,91.78775594430648,-33.934525395613996,0.375
5,99.77857255418013,-37.08209353553689,0.4375
5,94.92290577307668,-50.45605753418545,0.5625
5,108.24599026198749,-68.58037536636459,0.75
5,111.4658429721995,-78.49514815124822,0.8125
5,84.35109901008433,-21.420206885712258,0.25
5,109.75853601612712,-61.3819374072604,0.6875
5,87.28319985959241,-43.020104405981385,0.5
5,142.6844922334496,-99.91196207367773,1.0
5,93.68279238972804,-36.135860216689416,0.4375
5,118.46794809178192,-83.02746960776209,0.875
5,122.8553236135231,-75.85977812840417,0.8125
5,92.8997923160827,-44.02257738816458,0.5
5,113.59493330637247,-82.26710035576372,0.875
5,107.66982233657727,-37.59067353750521,0.4375
5,131.3319124987861,-99.15698212298231,1.0
5,117.6863344104621,-84.09556589609612,0.875
5,127.92988016066403,-82.79531307099907,0.875
5,93.28231640901085,-10.975591464853336,0.125
5,91.27426413164963,-49.93728137126914,0.5625
5,121.75415456318974,-82.65688791313848,0.875
5,109.10424965668244,-68.70083037723413,0.75
5,88.34624860487396,-49.72050182642447,0.5
5,108.2356789234652,-67.91171917853188,0.75
5,115.49399288683222,-82.77630707802236,0.875
5,100.5884488595711,-37.81113344433428,0.4375
5,85.07854222318521,-10.86813475826008,0.125
5,84.64210798472786,-28.980010438719585,0.3125
5,74.96637239389639,-12.109747874135376,0.125
5,89.7437095454928,-35.44803435731182,0.375
5,130.39106109586493,-83.2653279157528,0.875
5,123.08265206413542,-63.096986950483426,0.6875
5,96.79548808159136,-14.383729979078314,0.1875
5,82.75335485860866,-10.056147965722595,0.125
5,94.22912516623306,-51.556483888710645,0.5625
5,143.73362225841876,-101.52469695710057,1.0
5,123.55315278637721,-77.77367089345391,0.8125
5,101.33901038670368,-32.87975040815134,0.375
5,160.60866014973172,-100.48506688894682,1.0
5,76.05910333741723,-12.126591455070127,0.125
5,88.94821321143202,-49.55595573126324,0.5625
5,164.04268325857925,-101.61675064606199,1.0
5,115.94375442047362,-84.02094009530734,0.875
5,106.93943480594169,-77.65891487022093,0.8125
5,111.63786936721631,-82.95058281350335,0.875
5,100.10707555600113,-61.69754745411338,0.6875
5,97.69487218361293,-69.80003341615783,0.75
5,136.819224563034,-99.89270077258233,1.0
5,127.24603066102118,-101.73670519432304,1.0
5,109.00750982411517,-55.08692929888298,0.625
5,111.79177510746001,-76.3299121630854,0.8125
5,120.50626817161995,-99.98003085324005,1.0
5,99.81497837529862,-32.33343096113152,0.375
5,99.09827041714419,-69.07334923881272,0.75
5,107.84620255026343,-31.092451643980255,0.375
5,105.3122049276788,-48.55565222075669,0.5625
5,102.50782146062276,-48.80762885240285,0.5625
5,113.40973978265316,-85.1562541092583,0.875
5,122.31139299911553,-71.11692422331267,0.75
5,107.67188560333369,-91.94996691398194,0.9375
5,106.80540127389759,-74.97233569339569,0.8125
5,153.87722173504764,-100.68544229189877,1.0
5,111.30409501327527,-78.39164712323398,0.8125
5,76.69373271190311,-10.544381972209653,0.125
5,91.28398594168439,-26.47984449897349,0.3125
5,98.04675073742105,-78.27455373705631,0.8125
5,122.67146864589267,-91.12521895419646,0.9375
5,76.01390418371936,-12.51528207094413,0.125
5,91.09171429302404,-42.632033296433875,0.5
5,86.9484997827089,-17.49912785594925,0.1875
5,80.2636411889824,-21.978546247966502,0.25
5,102.07314406998637,-37.04926248774721,0.4375
5,112.22448588173013,-63.96660115700313,0.6875
5,95.77795948934612,-54.60396036991287,0.625
5,88.88130657303269,-43.368268584254636,0.5
5,125.16346737767722,-76.41916982007925,0.8125
5,105.97671260902399,-74.504983030597,0.75
5,85.68905618757692,-21.585750176671308,0.25
5,81.77419654152949,-21.87034554191057,0.25
5,125.83605525522881,-92.66990872304555,0.9375
5,145.90232216878434,-100.05763567843373,1.0
5,123.0309064172652,-83.05135471688595,0.875
5,80.61635567928317,-21.916226427091544,0.25
5,112.89804239623706,-42.68632364408272,0.5
5,90.34285049129016,-31.035581400352868,0.375
5,85.32526635981702,-10.847835820397075,0.125
5,98.30864933502028,-19.84047091211891,0.25
5,80.7946825058427,-11.441830743421962,0.125
5,109.69007479998223,-37.4560201922827,0.4375
5,99.5070543161855,-62.16236553056746,0.6875
5,84.82145025466488,-12.382987180768867,0.125
5,96.44439230686203,-57.92992759553911,0.625
5,103.90774563615719,-77.02234538596491,0.8125
5,131.4538520795103,-83.21170284136223,0.875
5,84.30527444011908,-24.772831562067097,0.3125
5,112.914886009013,-63.444845223827826,0.6875
5,107.20708633912182,-83.31561528650471,0.875
5,124.00249908669136,-84.09135834745288,0.875
5,91.84076744655172,-63.96453087588578,0.6875
5,89.99914205680035,-55.78020886613456,0.625
5,102.22535055690642,-82.7628025589288,0.875
5,91.22911749713165,-31.507734955535426,0.375
5,96.89079218897963,-36.98942952438422,0.4375
5,105.428287517667,-75.2427646748308,0.8125
5,105.16889811100737,-68.0196713183312,0.75
5,88.12891256238366,-25.465557626450305,0.3125
5,119.43688655032155,-83.69854152155251,0.875
5,102.87293282542171,-55.19832459717057,0.625
5,94.34340136932317,-28.3788185718143,0.3125
5,113.02701121194086,-48.4898790066432,0.5625
5,88.2094923385515,-32.09580145290279,0.375
5,99.78688735480503,-48.52388315140637,0.5625
5,147.2948116640859,-100.01786466490485,1.0
5,108.64599727126252,-50.63131251845962,0.5625
5,84.17196364348331,-26.6428766402478,0.3125
5,100.28691900936504,-55.7269689780369,0.625
5,125.23848500299178,-92.75601807548048,0.9375
5,95.0100114793791,-48.376667745249215,0.5625
5,129.81840460350412,-99.22777293733374,1.0
5,100.11294915619024,-30.498735041637204,0.375
5,104.09998729503536,-19.865557244921124,0.25
5,114.91755331158575,-76.4461448878336,0.8125
5,125.13957974201963,-90.6175517906692,0.9375
5,93.99203205373374,-35.962730189516435,0.4375
5,102.07924157856098,-45.1655999880806,0.5
5,108.43902545308059,-49.310077221682384,0.5625
5,123.33113106130627,-64.48902435561729,0.6875
5,97.23606708862759,-55.05010964522265,0.625
5,128.45801363932082,-99.68075010647796,1.0
5,92.5237619344162,-32.860736077387855,0.375
5,111.91471294761539,-91.82326871006529,0.9375
5,104.99342902104625,-83.41353256615544,0.875
5,87.33370432951084,-36.5628900867339,0.4375
5,88.86753767205427,-34.627957305689975,0.375
5,115.00420865265588,-77.34743802504018,0.8125
5,143.2719550261656,-100.24793091960169,1.0
5,96.83480643929195,-44.267427295655814,0.5
5,98.61586899908744,-49.410454065836156,0.5625
5,93.9364601809809,-48.78245294856266,0.5625
5,102.37430689100945,-38.66036617958018,0.4375
5,122.85760271583746,-91.8818362883359,0.9375
5,135.7357628828092,-90.84394533124276,0.9375
5,113.18775916765371,-69.9211846732814,0.75
5,90.76690163358062,-21.59318560818073,0.25
5,116.32882181813973,-76.45437958368517,0.8125
5,83.34251025700125,-19.887144386713857,0.25
5,110.91072749688551,-78.72068345971898,0.8125
5,95.47244439827455,-36.92909468936534,0.4375
5,129.30833812312096,-90.7407995795065,0.9375
5,89.51882566939932,-31.142426712482738,0.375
5,104.14874738478454,-68.06814870144453,0.75
5,132.89766455025293,-99.35494100455605,1.0
5,76.69953913386358,-13.739437209998684,0.125
5,132.83407386361853,-99.2053477886888,1.0
5,115.59147768480838,-82.98755352608846,0.875
5,101.5176380410706,-83.23200808324432,0.875
5,96.16003978710025,-31.92517236082607,0.375
5,77.53355620373318,-11.507418760141734,0.125
5,89.88293966052284,-49.25867795541188,0.5625
5,91.26537558754038,-29.101287348731287,0.3125
5,104.26875780347886,-49.24590338773,0.5625
5,92.20048767915017,-43.99047721812463,0.5
5,106.12217738889258,-63.30123665005264,0.6875
5,105.74867750336476,-48.81744878429898,0.5625
5,100.5970813364388,-42.48365873601044,0.5
5,85.69320127638429,-11.197316785478034,0.125
5,91.81624486786058,-32.36570703147307,0.375
5,111.26430816959632,-68.75833397871169,0.75
5,121.59910087489105,-82.72119979619436,0.875
5,121.59821992192357,-91.70574826891381,0.9375
5,104.05149307132335,-43.24551080313331,0.5
5,111.00059718130014,-75.00672512495338,0.8125
5,97.79583239210062,-45.47943058728891,0.5
5,97.44104919153548,-43.41335768382543,0.5
5,121.57686886079296,-68.20822104730733,0.75
5,94.23408276846632,-50.2615571993029,0.5625
5,92.38113991318238,-45.61075392251304,0.5
5,105.39771221863647,-49.95255768489706,0.5625
5,95.29378918692957,-44.10906311105803,0.5
5,122.09630620118519,-101.51989023112809,1.0
5,103.59832337054462,-55.03897780149921,0.625
5,94.46267585762932,-42.40245561073664,0.5
5,119.39139647343677,-68.95628181480136,0.75
5,128.07684045054035,-78.7917547893078,0.8125
5,105.03049634610151,-43.80878172014087,0.5
5,128.0004030658112,-90.7114531144093,0.9375
5,98.7316616518527,-43.6736965356009,0.5
5,87.71933091793849,-38.15421688693905,0.4375
5,101.75399737116497,-43.07232696551332,0.5
5,108.10922969028564,-55.4634921910972,0.625
5,95.45039928196304,-42.99510783939536,0.5
5,94.06009444446333,-45.469296267785055,0.5
5,112.6448167497777,-68.67854961585415,0.75
5,97.66446463762215,-61.4749728134468,0.6875
5,106.95115463870796,-45.248496137064826,0.5
5,103.30536983806952,-90.55950815996749,0.9375
5,92.53642336605513,-36.080234110302456,0.4375
5,97.87382455634132,-37.955775985734604,0.4375
5,114.26635847433113,-91.70904712375668,0.9375
5,118.82394144391495,-75.39709794446934,0.8125
5,125.97545339711917,-90.29253744173987,0.9375
5,101.5764173498695,-50.79153437406614,0.5625
5,99.5767415293966,-37.3669142269417,0.4375
5,98.50600899366975,-20.5563802250111,0.25
5,97.67552341738298,-54.967096694278,0.625
5,100.40074574371896,-25.615515084575456,0.3125
5,108.96953949108448,-82.63123539074083,0.875
5,89.47948348179894,-10.651059421914463,0.125
5,140.89938976759805,-101.80249496080062,1.0
5,85.37584857373193,-16.652872755270074,0.1875
5,98.62919902383535,-25.70820700404777,0.3125
5,104.64590846176978,-37.14413817661991,0.4375
5,110.22935214653585,-55.34632281433937,0.625
5,77.69020319442578,-11.509063089417948,0.125
5,79.81603977079844,-11.232487504267777,0.125
5,95.9138706543903,-43.921636297743795,0.5
5,101.53970102273139,-36.162298070087026,0.4375
5,86.2890807278127,-30.886240172495288,0.375
5,106.03608300010185,-56.788931334277095,0.625
5,103.98695172137873,-55.26185408524957,0.625
5,85.17052110014862,-44.32060844000607,0.5
5,82.94829265398275,-55.488122661222945,0.625
5,109.75868500462272,-70.41007768677825,0.75
5,115.44382599045937,-82.90237767238706,0.875
5,67.93238824805172,-6.695553757552287,0.0625
5,89.78427060569358,-31.386465277113203,0.375
5,119.88598268297017,-93.16444965002621,0.9375
5,95.7214193905428,-72.49211426119089,0.75
5,119.85708157978543,-83.27812694731166,0.875
5,101.4867245777272,-75.10315711828422,0.8125
5,108.0779939876096,-83.44749566376782,0.875
5,112.94513976698669,-82.72287841497076,0.875
5,90.51034032056863,-31.34984463888523,0.375
5,120.67856421169077,-92.57285513331436,0.9375
5,132.2189658924386,-90.76737604910834,0.9375
5,93.99182745863797,-31.13216455244257,0.375
5,89.1150861336407,-32.43959173301302,0.375
5,109.48818366648531,-85.44581071781504,0.875
5,134.7579626416195,-91.22999102464732,0.9375
5,98.31179357856287,-19.930766953093645,0.25
5,92.98759595026652,-43.13441552974043,0.5
5,92.85472486354949,-58.27173549728401,0.625
5,68.0301873819576,-6.117072488583717,0.0625
5,112.49016969420353,-58.70574874412887,0.625
5,90.03582780031398,-28.417239196791474,0.3125
5,99.10292900607433,-48.41717205777229,0.5625
5,111.7690889866183,-84.07395052804577,0.875
5,98.44566902744367,-56.22970843030583,0.625
5,106.37392670717183,-75.8287612273598,0.8125
5,112.3939889837104,-49.86144143114401,0.5625
5,106.53697131419761,-84.21346100409556,0.875
5,115.39651649498097,-56.19073532968534,0.625
5,135.44250684672085,-99.34154671375339,1.0
5,113.06958860311676,-69.59071214064203,0.75
5,143.50793901763174,-99.32056701550637,1.0
5,100.33776648516279,-14.745516974142395,0.1875
5,93.26990826730638,-19.699536344654057,0.25
5,153.019926126386,-100.65078291908405,1.0
5,90.93594651059279,-21.415867275593055,0.25
5,89.9577758426905,-38.57357808409414,0.4375
5,132.32334541444763,-100.13066258344466,1.0
5,87.25145885308747,-33.18434702047116,0.375
5,145.44796748375103,-100.23091206137983,1.0
5,82.06892396004083,-16.861378174860725,0.1875
5,82.06896096703112,-36.41733073358942,0.4375
5,115.56585250192204,-91.73210200602266,0.9375
5,130.76710011611098,-99.79657574641104,1.0
5,112.5758490382164,-92.90754012568104,0.9375
5,89.52418970697512,-33.983333936502504,0.375
5,101.25841377022198,-74.9765779181904,0.8125
5,108.10440201594045,-75.14602244858419,0.8125
5,99.30115829838081,-56.526091878323975,0.625
5,141.41586909920701,-102.04488182891494,1.0
5,122.27949687224384,-86.13631590509749,0.875
5,104.30135288899302,-51.38772294016545,0.5625
5,90.14359241924957,-25.19901018242004,0.3125
5,90.70133597536936,-31.636075916385103,0.375
5,113.92747056722305,-69.54122620341188,0.75
5,125.49554574013939,-91.619289330556,0.9375
5,127.49042481503572,-100.49812662572484,1.0
5,99.02501791486193,-57.163971026175155,0.625
5,148.36267347427392,-101.17623532305971,1.0
5,115.55005618318886,-76.00540932127731,0.8125
5,87.45131363902752,-21.215241662093742,0.25
5,137.31260972612483,-90.96486928083525,0.9375
5,81.45494646365798,-33.09762448447468,0.375
5,111.0799239692475,-56.13863536155441,0.625
5,114.02295539807008,-83.62987527479434,0.875
5,75.0090300554415,-20.536309653383725,0.25
5,95.52373738999988,-21.24305455163044,0.25
5,91.29761684982903,-20.377617763817238,0.25
5,104.87284484550064,-76.39779173824007,0.8125
5,141.5085015570716,-101.63174618751559,1.0
5,131.88788535600168,-90.2460798743815,0.9375
5,91.13999806528143,-34.112740440441556,0.375
5,86.18924540367733,-22.004056818658235,0.25
5,106.823994636268,-68.88396677243406,0.75
5,112.23097456132267,-75.65006188789631,0.8125
5,110.92233236628446,-75.96032930425008,0.8125
5,106.49878801816068,-68.06058863294294,0.75
5,111.24005213841346,-77.10880753043709,0.8125
5,122.98551538552991,-82.37836986302835,0.875
5,80.70609848499238,-16.228837036994015,0.1875
5,94.67956523668607,-32.494893697592765,0.375
5,85.85072146645545,-6.641768542773276,0.0625
5,111.13510288420949,-76.64253444182403,0.8125
5,113.6960160061341,-61.85672201290866,0.6875
5,80.98039559633744,-16.14568171365316,0.1875
5,127.07292514139752,-75.43789545011167,0.8125
5,119.41234711487334,-67.98028104920155,0.75
5,89.93123301571252,-19.8749211018925,0.25
5,103.21738649090133,-75.07273820761152,0.8125
5,112.9542261949253,-68.0664513318278,0.75
5,109.91154081012048,-44.58594581498519,0.5
5,83.77001446019739,-31.92431134980242,0.375
5,99.79851260716505,-56.53664846522918,0.625
5,103.70503796903274,-54.91375001410913,0.625
5,116.74145904618022,-101.19070679131164,1.0
5,98.46382157509177,-36.47003046276461,0.4375
5,132.04709448764498,-99.07987464854146,1.0
5,132.56798430837054,-100.90311991009396,1.0
5,92.56982362866272,-39.118093970187886,0.4375
5,96.5407293098068,-19.67716987562549,0.25
5,120.76588197062328,-102.63382870601819,1.0
5,98.72124310627834,-30.772023095393624,0.375
5,109.39207223007689,-61.78456684009379,0.6875
5,182.6885528798307,-100.74660936483816,1.0
5,133.52536054067758,-99.65497206370456,1.0
5,102.3603931956063,-55.799207199263364,0.625
5,89.962038225084,-44.18959675134757,0.5
5,88.26534236319996,-49.886553343888004,0.5625
5,90.64773294142546,-48.14855451672685,0.5625
5,146.69988964633637,-99.99028001862283,1.0
5,80.18996459918984,-25.448261625794704,0.3125
5,103.13593707999662,-64.24786078042786,0.6875
5,109.22595590049657,-56.1852015986319,0.625
5,103.11831056963379,-40.86577692245562,0.4375
5,122.3975567521285,-71.11024248085785,0.75
5,83.64337881561526,-11.74881512923578,0.125
5,73.96887308303633,-20.41035770091464,0.25
5,115.74757192672949,-92.05181349609495,0.9375
5,121.29194624137712,-83.10612053747862,0.875
5,106.78258292825677,-55.133421798118086,0.625
5,98.65877752821264,-64.02829759370897,0.6875
5,90.66366959710848,-39.16864827449074,0.4375
5,85.5836425716342,-27.43608162540416,0.3125
5,131.88190584050733,-99.11335960484901,1.0
5,92.60543062367294,-75.52744105321281,0.8125
5,94.95852001839911,-44.90676716992198,0.5
5,85.83948859139576,-10.047083349467774,0.125
5,73.37177101958224,-6.562210643832044,0.0625
5,103.29958959274632,-61.45598959789087,0.6875
5,97.8711900604813,-39.25119271388693,0.4375
5,109.1707845641388,-62.18514088706651,0.6875
5,101.65719872572305,-36.50986085337372,0.4375
5,107.3975188303008,-76.3522639688318,0.8125
5,133.2354387238415,-90.61059940637013,0.9375
5,116.72336903643283,-70.04407694624582,0.75
5,97.57610501415968,-64.14360740207141,0.6875
5,81.28773852439922,-10.423698664675895,0.125
5,91.64681208439376,-26.274751283968087,0.3125
5,113.86656350462272,-68.57717039913328,0.75
5,105.55603501912287,-48.722359615127914,0.5625
5,103.19041709990626,-76.3836916189117,0.8125
5,143.62012176181807,-100.70288434059839,1.0
5,89.51859058582824,-21.834250591196785,0.25
5,88.78999259455878,-20.764168458263633,0.25
5,119.96001631248645,-75.27661310548076,0.8125
5,85.5060394945305,-21.291738956944354,0.25
5,92.35532397048522,-14.986131378143915,0.1875
5,123.72203719013659,-91.57000875395184,0.9375
5,105.20875070455445,-43.506568644583325,0.5
5,109.44951565578339,-36.882624647619565,0.4375
5,96.19980967774838,-26.853588521963115,0.3125
5,121.53800776812875,-49.45735370297945,0.5625
5,86.18888693743884,-36.079990051354,0.4375
5,109.03472203879554,-56.30136123487352,0.625
5,98.74963538747221,-68.78972179273724,0.75
5,93.99688711289154,-32.03105993488515,0.375
5,137.82416583372992,-100.41630551542234,1.0
5,121.2216149220461,-100.35344107312453,1.0
5,115.58337304903729,-92.12752184223277,0.9375
5,105.97556085305035,-42.16255799544459,0.5
5,93.19598969517862,-50.04371589134994,0.5625
5,90.45150227882701,-34.3686939426257,0.375
5,84.72738876906305,-20.72543678306032,0.25
5,67.49501238631204,-11.433889985116295,0.125
5,90.43348920096263,-21.915289257502653,0.25
5,96.10259104271238,-42.66111421157662,0.5
5,123.9467155540503,-83.11779327234183,0.875
5,76.49766681484111,-9.922257055676933,0.125
5,107.3950742245102,-103.68445689316366,1.0
5,98.11573566184964,-54.56583001262463,0.625
5,108.8084760195688,-68.79889086260265,0.75
5,112.19969174828913,-91.58180917452468,0.9375
5,157.10750376781036,-100.9798630372278,1.0
5,94.14363928389218,-64.5695431026964,0.6875
5,86.8282029406813,-20.63291762685456,0.25
5,104.37275354539624,-75.3064765540098,0.8125
5,109.34951493885153,-69.40443270554034,0.75
5,99.41138241451894,-36.68994899818903,0.4375
5,97.49057352586912,-46.085923362795846,0.5
5,84.33505816410194,-21.5309490230491,0.25
5,93.05459321247021,-52.494065172684,0.5625
5,115.40972776281662,-90.11621294587695,0.9375
5,98.20107656565052,-38.48569093445969,0.4375
5,143.249854857818,-100.91880332966274,1.0
5,81.3500133112052,-5.8676154892850745,0.0625
5,117.7676872294276,-62.28485312258824,0.6875
5,187.29013551736546,-102.25905575899138,1.0
5,109.30803312270427,-86.66194852975799,0.875
5,118.62878424122991,-84.34402857265145,0.875
5,110.0480727679128,-93.97021628259509,0.9375
5,100.11725127898174,-49.015693349720046,0.5625
5,110.94621579083672,-90.33735415652752,0.9375
5,144.25524171362693,-99.1758269914096,1.0
5,150.09726231751583,-100.00511117779206,1.0
5,106.79636031250774,-62.32289301998651,0.6875
5,81.26530455514693,-9.98197906057229,0.125
5,91.06422507205558,-43.3770980810332,0.5
5,120.80017717673144,-68.98672173423189,0.75
5,104.16989335741174,-55.94413436467201,0.625
5,92.71497988252368,-52.77847533977193,0.5625
5,124.09339996342592,-82.73889015120808,0.875
5,96.31279632307124,-55.99401140575392,0.625
5,101.17659488427289,-36.14630863824038,0.4375
5,97.13991836784953,-36.42069431599169,0.4375
5,97.41181939781318,-57.5426810238552,0.625
5,118.97034234637358,-75.62625272478546,0.8125
5,120.4881664712945,-77.26767337437504,0.8125
5,94.67594655302672,-30.162815587187715,0.375
5,115.3406235860434,-82.84550697830262,0.875
5,107.61287661461519,-91.73081456658976,0.9375
5,86.76337180449082,-43.01599531150717,0.5
5,98.77803824318178,-37.82464169461177,0.4375
5,92.46400547279498,-38.72167411051293,0.4375
5,93.54848687161265,-36.40941845911438,0.4375
5,80.77119854657626,-21.422557545912188,0.25
5,89.55032968758067,-20.969926926833082,0.25
5,80.32248514383454,-28.748480274171836,0.3125
5,105.5699505803221,-61.16241718373218,0.6875
5,102.73814597883089,-58.18308513631596,0.625
5,98.06381358839133,-43.72319076421753,0.5
5,126.28000030932778,-98.55152922470745,1.0
5,97.48511945899637,-45.50361848845156,0.5
5,121.31115310663844,-90.59633155394516,0.9375
5,72.534064483752,-20.947233555976215,0.25
5,111.24040411456593,-75.78124934469157,0.8125
5,83.4569966541182,-11.430096616654447,0.125
5,120.36316002551351,-68.43617120855654,0.75
5,105.71718573468705,-50.26121383232366,0.5625
5,143.2324917051248,-100.63314149899917,1.0
5,93.04319693409366,-19.513036375989458,0.25
5,97.5830792941306,-50.23732760422717,0.5625
5,97.33845594339817,-48.95796999319098,0.5625
5,110.2023156641456,-100.040313911192,1.0
5,100.44215124203377,-54.64637815233825,0.625
5,107.38583057925153,-76.1747834711267,0.8125
5,158.33952898407114,-100.29001777042713,1.0
5,122.0292977505518,-90.62634481438705,0.9375
5,128.83619694207752,-99.60949424203486,1.0
5,116.995516611454,-84.82915484256542,0.875
5,73.83529073059238,-16.79613757345725,0.1875
5,104.86509611780043,-75.25743870012882,0.8125
5,145.179171035867,-99.76892184994377,1.0
5,88.3782373233752,-63.89383557040403,0.6875
5,108.5067737762969,-55.45274115936398,0.625
5,91.33364301330468,-15.779038603437039,0.1875
5,137.04703596031095,-99.3037757222809,1.0
5,95.4150763002365,-10.010557912733987,0.125
5,144.65972163290405,-102.56063411873276,1.0
5,134.57502114592702,-98.9547074447539,1.0
5,104.38370051615718,-82.97101790062216,0.875
5,92.02562030060086,-43.968530981508664,0.5
5,110.51068460300868,-76.5086180264132,0.8125
5,90.09784718593914,-16.252608227102677,0.1875
5,151.21696861697438,-99.52488575324973,1.0
5,140.45696551491835,-99.52592299759482,1.0
5,91.53672680472043,-27.48019828534776,0.3125
5,118.61358477218835,-62.46194955064239,0.6875
5,115.66887658121614,-75.83991102676164,0.8125
5,100.60406295278706,-44.77577086331892,0.5
5,103.42811499443837,-38.127300638686734,0.4375
5,89.70467562947668,-30.79861462296779,0.375
5,89.85059760836724,-42.81061545236321,0.5
5,98.38126671606844,-60.79049460506709,0.625
5,123.51037058566902,-92.09602200015289,0.9375
5,117.56965524978276,-84.18668183663718,0.875
5,122.41713733536015,-90.96348167665545,0.9375
5,94.44849088680722,-37.56812733779137,0.4375
5,82.00432216990221,-15.190894248862655,0.1875
5,100.34380455052701,-42.01758008384885,0.5
5,121.26862485028444,-91.49734291899439,0.9375
5,99.9600106239516,-56.333287147985764,0.625
5,101.81992731901963,-83.65162480507107,0.875
5,83.7995345908462,-16.60464301586743,0.1875
5,99.39562024879231,-37.76591143073145,0.4375
5,90.9479628861614,-22.831290872779757,0.25
5,101.1927837994032,-49.231101445215096,0.5625
5,114.64509101827424,-90.0843632936408,0.9375
5,93.9203858607457,-15.731695278195355,0.1875
5,97.15776185238546,-77.21280299270434,0.8125
5,89.1938097209946,-21.901524521815084,0.25
5,122.80199974607669,-98.7123663744777,1.0
5,105.68539663670136,-68.30377392953824,0.75
5,74.8540731122611,-11.373304782099524,0.125
5,120.92058788537446,-75.34882477154932,0.8125
5,69.75456956745411,-15.560906630078483,0.125
5,111.56086504119571,-91.37316423728673,0.9375
5,86.29514384174618,-21.545708919275647,0.25
5,117.57473516049232,-90.16278798027116,0.9375
5,126.11630788719481,-102.57691308471298,1.0
5,129.4265091240076,-90.13460505904085,0.9375
5,90.48341243665237,-48.12044788608964,0.5625
5,94.312927723334,-42.50770238438419,0.5
5,81.29871434186373,-20.27915126627821,0.25
5,118.46111460048503,-75.22555917569697,0.8125
5,119.90266322720169,-82.917626565917,0.875
5,131.08168401442825,-101.51391156135575,1.0
5,104.19974097597758,-61.28278078448318,0.6875
5,77.68478318377784,-11.609797735165975,0.125
5,97.15844110968142,-53.39283892924446,0.5625
5,98.23534334380226,-21.72155413214369,0.25
5,99.07567382846028,-71.41956269356909,0.75
5,98.5547819843109,-26.38953635753508,0.3125
5,100.4495627826579,-69.86816292617331,0.75
5,96.74091739129736,-32.7459593201796,0.375
5,105.98930913336201,-54.93844290949249,0.625
5,120.70172161628597,-90.38074429785738,0.9375
5,97.69787005655964,-36.29142242193171,0.4375
5,132.86705950322403,-91.951489395271,0.9375
5,98.92695912767442,-54.86482396884728,0.625
5,82.64742220555404,-37.68492003783484,0.4375
5,91.31745444612467,-26.803114826405153,0.3125
5,95.273558314635,-31.906968566376488,0.375
5,114.95689920160426,-92.54641866514984,0.9375
5,104.76068425937193,-69.28366916781465,0.75
5,107.72581898243982,-38.32688221878808,0.4375
5,86.45713520923188,-22.198801991714404,0.25
5,119.86597758066708,-85.21325093710269,0.875
5,113.50868862846414,-64.29440260246754,0.6875
5,83.56555804716514,-12.48923003252479,0.125
5,114.79814469977478,-74.76923297102516,0.8125
5,104.7179189311301,-70.0285609774214,0.75
5,126.72246141435366,-92.18193256366426,0.9375
5,77.3893216145344,-13.126009777873143,0.125
5,103.23190871423031,-62.858554141666545,0.6875
5,106.90874296306454,-42.75150140255399,0.5
5,100.75368998865572,-36.930790553898575,0.4375
5,91.04677600080076,-21.255411972404122,0.25
5,107.37325599686646,-81.9906778723839,0.875
5,96.91945852577769,-31.14707586587975,0.375
5,116.89609034948705,-75.82317758394645,0.8125
5,134.5026417210063,-90.83135646698537,0.9375
5,105.61909091197201,-54.87091046581393,0.625
5,88.4471814844091,-26.056951214414426,0.3125
5,107.19578772385199,-69.47401664443026,0.75
5,83.41022294109311,-20.688767860281427,0.25
5,129.4364381303481,-86.31034711828399,0.875
5,128.98297055511722,-100.05138670118151,1.0
5,114.29792674476897,-86.20257837173578,0.875
5,109.56599658200976,-75.85026976756993,0.8125
5,107.9699470392747,-68.88847510704328,0.75
5,118.47060593993577,-84.41643505127864,0.875
5,85.46839339094502,-48.74065238217068,0.5625
5,105.3252029544953,-61.16644574131242,0.6875
5,80.8255277797848,-26.91761117301188,0.3125
5,112.35239624243751,-100.49364194518063,1.0
5,120.23214812969339,-92.18180015840272,0.9375
5,109.07627909126028,-50.77100602367417,0.5625
5,121.6331941581781,-92.72648090935951,0.9375
5,119.6444552119786,-75.88982964143783,0.8125
5,81.90913866181673,-12.609052090871502,0.125
5,83.0001723683057,-7.109795306840621,0.0625
5,96.91558800570523,-22.01285628159,0.25
5,116.60025773210532,-83.59684585304083,0.875
5,130.34115959570173,-91.30654166423307,0.9375
5,91.49391135042274,-37.6014812649562,0.4375
5,120.67209787325599,-83.92895133812898,0.875
5,121.01580369389129,-100.18287908265397,1.0
5,106.74720241688351,-63.04699987058736,0.6875
5,98.4810913973714,-48.51989411190605,0.5625
5,117.3684956520505,-83.27520105426798,0.875
5,123.13161871392725,-98.7965448991419,1.0
5,101.48537617639191,-31.34119901408834,0.375
5,113.7794660684653,-75.16442138026021,0.8125
5,88.08605941722469,-21.31934146115895,0.25
5,105.72113392196682,-91.2911479496546,0.9375
5,114.21212791290489,-83.0183299120445,0.875
5,155.15909326909312,-102.00485388478968,1.0
5,92.27634376731123,-26.19891457122797,0.3125
5,108.6294637556011,-85.15887296072204,0.875
5,117.51242525486786,-82.59728714617245,0.875
5,75.60852855408953,-13.365762877209852,0.125
5,102.36121194802767,-76.3675277239231,0.8125
5,82.06021265959086,-12.849145911584781,0.125
5,119.31969842897836,-91.35301932100676,0.9375
5,126.16144931692645,-84.77627801221915,0.875
5,114.19425457305015,-62.587504535113325,0.6875
5,93.9935281322149,-37.097935049899874,0.4375
5,92.80104628163949,-44.13910260909929,0.5
5,118.39604618370157,-70.3924300764213,0.75
5,92.14244976157669,-31.130113483789682,0.375
5,110.2063949480485,-42.58798085770665,0.5
5,105.93097048994984,-62.154335582288624,0.6875
5,85.79673282860512,-19.918266759255403,0.25
5,98.00486452845702,-36.32754826363248,0.4375
5,114.16512878280025,-77.23170083339525,0.8125
5,103.50866920965429,-48.36737321707266,0.5625
5,111.8758905106731,-85.29954797178223,0.875
5,97.01513914257295,-55.610373632705596,0.625
5,113.82966144426771,-90.25290186117111,0.9375
5,99.2589964040847,-61.822896688943295,0.6875
5,102.91513721443847,-70.89079199717318,0.75
5,104.40025926363907,-82.09407163916914,0.875
5,92.2405345316303,-42.76241916848076,0.5
5,105.84860407763361,-85.96328429838975,0.875
5,107.97298117816148,-37.570120347098644,0.4375
5,106.85155438364096,-64.46607171144359,0.6875
5,126.87536214783226,-90.9863875764279,0.9375
5,137.47453617002446,-99.0457868600922,1.0
5,96.65972853879154,-33.74266383672167,0.375
5,111.12498818837204,-82.93697946750113,0.875
5,98.55193079806362,-38.44079712635237,0.4375
5,100.59179635784552,-37.03593284340425,0.4375
5,127.19695451228725,-101.41906418238456,1.0
5,107.03501706592647,-25.27953656751148,0.3125
5,113.76609897403236,-103.4982103824461,1.0
5,89.32917501380923,-32.781030160659746,0.375
5,115.81200345271141,-75.25772156837986,0.8125
5,110.62671910540433,-75.44124505062801,0.8125
5,110.46718661286891,-75.85497354635245,0.8125
5,78.96806317637342,-11.070274024577587,0.125
5,71.73598759827154,-13.344039290357783,0.125
5,101.46517050715957,-56.472718972437875,0.625
5,111.72274903586275,-91.62431368910622,0.9375
5,111.61152476248127,-70.61314139982218,0.75
5,88.24812012517059,-42.82049502726355,0.4375
5,100.23724270419385,-69.1493389647496,0.75
5,103.94984300430158,-65.09404302175557,0.6875
5,107.78053130384258,-70.46769330994657,0.75
5,78.69578525126161,-15.88643500757127,0.1875
5,114.4673663774167,-56.00886546580316,0.625
5,99.10224506122827,-70.19432612150224,0.75
5,96.14733455318681,-25.70473711126086,0.3125
5,121.44122782979619,-90.91729710480546,0.9375
5,123.04254065369938,-69.21663255118584,0.75
5,66.65279084598544,-14.726128924538223,0.125
5,97.40891041831007,-43.36698445102089,0.5
5,131.35019362400513,-101.2988447169769,1.0
5,99.55504253864486,-24.823143632209685,0.3125
5,115.86987803411076,-92.34125170220197,0.9375
5,117.36443009657049,-90.89774473909704,0.9375
5,106.82748848884994,-31.00902344385779,0.375
5,99.99229682953799,-57.87711992681098,0.625
5,113.2526604132678,-62.281174280294685,0.6875
5,121.8990438743206,-91.21387221363705,0.9375
5,91.66948953648264,-14.241746007420549,0.1875
5,118.2401885827088,-82.75854196848695,0.875
5,103.38238464634293,-82.77059173797643,0.875
5,120.97075055601596,-98.74746868276915,1.0
5,77.96986392170815,-12.681635850109165,0.125
5,89.71217053170187,-53.872547667687826,0.5625
5,77.29090515718649,-6.774172774311538,0.0625
5,100.13937452012647,-55.86846084211406,0.625
5,79.1147268052745,-17.843492883369372,0.1875
5,114.9113320219136,-85.4942185709421,0.875
5,113.1442550470759,-84.49450317093724,0.875
5,95.42932778451039,-46.05380487329442,0.5
5,131.42116107001806,-61.201311444381375,0.6875
5,115.93633807940644,-92.14470404954109,0.9375
5,99.67028816356535,-68.43389134280761,0.75
5,75.25520931408147,-12.29586789905132,0.125
5,103.21215898520111,-50.19990780654985,0.5625
5,106.28010442531797,-77.96300918608868,0.8125
5,126.0815784374832,-100.62279071970447,1.0
5,78.7046496071077,-10.473501179294939,0.125
5,111.979934027162,-42.87948281993281,0.5
5,113.0450028429753,-76.53426737203375,0.8125
5,86.78702048919753,-21.393126559824825,0.25
5,152.4643397811108,-100.70248753852867,1.0
5,115.84770060492727,-61.26612679213113,0.6875
5,125.67513929612855,-99.26715488738492,1.0
5,117.74781012253987,-91.51501616293497,0.9375
5,106.95161786334151,-83.40325161549379,0.875
5,103.1454280620882,-37.025646073708884,0.4375
5,124.79925206971399,-98.8789018082855,1.0
5,101.6597570297914,-61.651090207423884,0.6875
5,108.35624233078698,-61.64605089929321,0.6875
5,98.28566425658508,-31.375478008128013,0.375
5,82.82717372070788,-14.907068309747233,0.1875
5,86.781183071896,-24.9070584423719,0.3125
5,120.04319403303474,-83.3377488785557,0.875
5,89.54693122822218,-25.822085951384082,0.3125
5,118.5262855119573,-82.30711598205893,0.875
5,155.8011182970279,-103.12038739038913,1.0
5,110.67287512766106,-82.23810548141486,0.875
5,80.19084631681356,-15.687010949817157,0.1875
5,86.26942600811057,-11.034489239428508,0.125
5,73.01678982592223,-10.518803216549426,0.125
5,110.13041356096969,-68.42213892795083,0.75
5,100.98815688561373,-51.36791403282738,0.5625
5,101.13931286397202,-55.2414465527519,0.625
5,103.52346532055799,-30.760917511891247,0.375
5,109.54139739915456,-49.662109781254266,0.5625
5,94.34614685845965,-39.12048813983184,0.4375
5,120.27294916557997,-75.47969011310111,0.8125
5,83.12753818832856,-14.69108465795864,0.1875
5,132.73199385023406,-91.5492514489581,0.9375
5,103.23320581158029,-65.23958598928512,0.6875
5,69.89083162980033,-14.52228708666338,0.125
5,110.71429237606263,-43.03381183035322,0.5
5,100.40982708871928,-43.6492592202757,0.5
5,107.2698285879253,-49.66125049355697,0.5625
5,91.87585207873656,-14.822568970784562,0.1875
5,118.38932147068068,-92.13931861226571,0.9375
5,118.23310951541872,-68.35375141907635,0.75
5,108.12511205881454,-62.05248017731687,0.6875
5,125.50811333622691,-90.76584515019849,0.9375
5,126.66764433192851,-102.20222206290777,1.0
5,108.9311129739938,-83.22062408078538,0.875
5,74.2306897586825,-12.85664576728727,0.125
5,92.19496417152331,-20.397395111397103,0.25
5,122.7286910961638,-91.15010604984741,0.9375
5,111.84009274703645,-62.060252363739956,0.6875
5,89.19048782675365,-31.70138858334872,0.375
5,101.1648412637855,-55.49485383709995,0.625
5,98.55789002991027,-37.310544419610316,0.4375
5,91.60153739658791,-54.838292053133955,0.625
5,102.03897507877787,-37.152906939544245,0.4375
5,93.8090289257575,-21.195681041474923,0.25
5,113.39598437433804,-61.60302664070042,0.6875
5,89.8353411978529,-36.71076881249605,0.4375
5,81.57801522127333,-10.83096826672897,0.125
5,95.51413955633541,-25.578962482411956,0.3125
5,104.41844323686709,-31.78919952044591,0.375
5,120.42139572796762,-76.44048081905011,0.8125
5,96.66782704757837,-31.02548737157113,0.375
5,125.68198938856125,-98.7671662133844,1.0
5,102.03163158078874,-61.8164115019138,0.6875
5,82.45906588652618,-20.878124601866155,0.25
5,110.96809406097081,-63.98387876940899,0.6875
5,118.35727563661855,-76.36388634343001,0.8125
5,105.31777382879024,-78.28156080360971,0.8125
5,91.21758968072233,-38.35243532751053,0.4375
5,112.88796976673841,-49.87913418738993,0.5625
5,71.05940532426898,-7.102448892799598,0.0625
5,115.32451158139001,-75.43445316238997,0.8125
5,81.33746113545367,-10.612132350038625,0.125
5,112.32180713560413,-82.75041260619838,0.875
5,100.06520392259526,-70.50125566551245,0.75
5,137.5185669557523,-99.31537531773145,1.0
5,120.09132855879805,-90.60312523738085,0.9375
5,94.77767425798186,-44.33013902456943,0.5
5,109.19095829246324,-82.889317156139,0.875
5,138.87287106230474,-90.67235767342824,0.9375
5,153.307571796551,-99.9665920130479,1.0
5,94.29238086938797,-27.066780081652055,0.3125
5,119.17668506692544,-82.80684992719068,0.875
5,108.63276755002373,-84.50557807528041,0.875
5,124.15938616927689,-92.21336439910638,0.9375
5,95.8095851374642,-58.774904611426294,0.625
5,139.87146642388498,-84.98975464223919,0.875
5,123.9845326290574,-83.42180357799326,0.875
5,109.0720324424208,-76.5047307831622,0.8125
5,88.75104157513351,-25.138302338509245,0.3125
5,102.17420441051357,-48.988166572775484,0.5625
5,127.96351845988727,-101.09541423703143,1.0
5,132.16432777512702,-91.83433840432976,0.9375
5,89.07955460143589,-30.3489463621945,0.375
5,143.86360326777668,-101.63361501277234,1.0
5,122.89190819026258,-93.13278435722223,0.9375
5,133.93100715318346,-99.35514981939414,1.0
5,91.815983701032,-36.559226814666665,0.4375
5,124.52765691450813,-99.13516127638863,1.0
5,95.0721562848412,-21.24929306353409,0.25
5,113.23778939184908,-68.03871383658101,0.75
5,96.25854918927035,-48.72757355062257,0.5625
5,93.2429596982983,-36.04395130316357,0.4375
5,98.98746851750577,-36.7637155394155,0.4375
5,121.56615208004618,-99.82586181048703,1.0
5,81.26076431713234,-15.377538053443653,0.1875
5,99.79926577460522,-37.597219898369445,0.4375
5,134.9335437069709,-100.54491183927182,1.0
5,82.5941564323942,-33.4865456141513,0.375
5,108.68298270598729,-69.0592530093065,0.75
5,104.78126563003289,-57.238991188601844,0.625
5,116.0174442381019,-94.0265802149624,0.9375
5,103.56518591153274,-62.45906031700758,0.6875
5,101.06684434575463,-49.13132857407715,0.5625
5,124.099753647922,-90.57978049288315,0.9375
6,105.36034054453583,-43.974065291563875,0.5
6,84.20737004944581,-15.78801312636949,0.1875
6,94.9193930922982,-21.94156769204494,0.25
6,129.17556687236385,-99.1696912740517,1.0
6,170.71580989812804,-100.1948288684594,1.0
6,117.87709280669864,-90.29380765810204,0.9375
6,106.68715898981003,-69.91035421766749,0.75
6,86.45961470489144,-38.85583646828698,0.4375
6,105.87248643377085,-77.47817483782427,0.8125
6,146.61217803872742,-100.2255329469121,1.0
6,98.78083132322129,-52.21471610499075,0.5625
6,86.9915118281903,-25.982449233448097,0.3125
6,86.22774932157613,-20.935305247628552,0.25
6,95.81767626062654,-31.90750765770089,0.375
6,119.99133144122726,-100.15275891583174,1.0
6,71.94939858643288,-6.849929635737668,0.0625
6,94.32262578472591,-37.13271682650158,0.4375
6,114.92392250898473,-101.57404327719365,1.0
6,110.30372967374254,-93.0430003499052,0.9375
6,92.95320325718689,-37.11362818762218,0.4375
6,122.01929073494173,-99.47609885299984,1.0
6,84.07943606484652,-25.4696930202668,0.3125
6,107.25138991127005,-26.105079671411527,0.3125
6,115.04117345088846,-39.03663707418335,0.4375
6,101.99435670809322,-65.95191583843393,0.6875
6,98.45469382537944,-37.438399607938756,0.4375
6,106.65895844779696,-75.06050371369128,0.75
6,112.43119045071272,-102.33672089652512,1.0
6,105.61580539248531,-70.64542924394111,0.75
6,104.3513546718272,-70.67276452953668,0.75
6,83.69848117585055,-25.69771299805113,0.3125
6,92.99023704649257,-16.61113638415161,0.1875
6,91.8943820775515,-20.94241968834611,0.25
6,136.1542683658147,-99.34819086621212,1.0
6,105.01756113596603,-44.46202358354468,0.5
6,86.35375906315329,-25.33286280309275,0.3125
6,113.35745408067012,-68.93572304157952,0.75
6,130.3402754562622,-99.30756340638392,1.0
6,99.67979330906182,-52.09597255550576,0.5625
6,114.69960002071058,-92.81448483876383,0.9375
6,87.7938997378784,-37.60046796044612,0.4375
6,142.77268380556086,-92.3979881067143,0.9375
6,104.71076276315424,-62.891176310728405,0.6875
6,162.07666307816314,-99.34402234232613,1.0
6,78.94987391470184,-6.820712041533863,0.0625
6,126.13106933650562,-82.7029321594053,0.875
6,171.1681079991565,-101.28519547406576,1.0
6,144.66733967365542,-102.37899624040635,1.0
6,127.01592535640076,-100.61830010280349,1.0
6,79.3014554496736,-11.940467283064812,0.125
6,86.90916807958587,-23.00311758794879,0.25
6,85.43347535969328,-36.80498421514646,0.4375
6,77.88859374999647,-15.986234879801517,0.1875
6,130.88216224726267,-92.06816784394655,0.9375
6,111.03060807313175,-92.10210957815323,0.9375
6,99.27359207346142,-51.265645389876966,0.5625
6,114.37707245342597,-75.51991396104404,0.8125
6,135.03231592356215,-100.27494710227961,1.0
6,107.26500469150808,-50.1070848993265,0.5625
6,124.54094924695447,-99.41136388549687,1.0
6,80.65492745295853,-15.486979331952535,0.1875
6,80.68170447704819,-5.5072422963181085,0.0625
6,102.82776196815271,-57.25815500578511,0.625
6,113.50731712021226,-71.05898273878698,0.75
6,79.77902517634136,-19.984534442551883,0.25
6,81.27575200208898,-21.834741398924688,0.25
6,118.81593430848305,-92.4375816009,0.9375
6,150.09244264479474,-100.10496401345345,1.0
6,84.86559998074382,-19.52076524777602,0.25
6,122.14103643592912,-93.48017151230552,0.9375
6,105.80067719820076,-44.23150332713028,0.5
6,121.36452128647991,-85.02528692002201,0.875
6,108.24545660791077,-50.68893725131357,0.5625
6,80.98276744630164,-16.398439750193987,0.1875
6,79.52657565264586,-9.887355932069516,0.125
6,116.70948982155467,-76.94427730270284,0.8125
6,104.12000451273971,-62.19451431305412,0.6875
6,125.67658581350759,-102.93217408807955,1.0
6,90.04411453701395,-33.15471153965717,0.375
6,132.49304306341884,-102.67171593551217,1.0
6,104.79346776688767,-71.7802923765819,0.75
6,92.27233276999397,-27.814877895492153,0.3125
6,95.14889797818489,-38.30695947286427,0.4375
6,96.95585847288062,-41.28690811125977,0.4375
6,113.79876249017853,-93.06461182709728,0.9375
6,103.96509398332397,-77.54757828063339,0.8125
6,119.45535144440245,-91.93036788214434,0.9375
6,116.11859803206717,-99.44502204119445,1.0
6,94.35159715226342,-51.02687404810569,0.5625
6,109.79833172909576,-91.48433005337839,0.9375
6,130.71078669415235,-101.30395197703598,1.0
6,90.28888816828322,-25.566124430066893,0.3125
6,96.15835372325992,-32.627625962211525,0.375
6,138.1141530761282,-103.04349099798503,1.0
6,77.15318499063592,-7.782825432334552,0.0625
6,97.64132343177128,-21.454122972226862,0.25
6,111.90015059103307,-68.10863423966613,0.75
6,119.13384475401323,-91.78044781128185,0.9375
6,134.07039598829144,-101.14117590461785,1.0
6,97.72360275340279,-32.1679436399258,0.375
6,88.9671409304895,-49.374547284515714,0.5625
6,120.48887103410739,-62.62771687327182,0.6875
6,78.907239698578,-7.0969799282726775,0.0625
6,116.68366906667764,-64.79536442744907,0.6875
6,89.65368173741656,-26.247252263948088,0.3125
6,84.36780261440803,-33.66062841324912,0.375
6,97.3672051798358,-76.58039056518474,0.8125
6,113.34947720752513,-91.86702711641044,0.9375
6,91.17499851802575,-73.2909025822569,0.75
6,93.02857417663753,-21.16606153154688,0.25
6,126.86524427561127,-93.4591539245591,0.9375
6,115.61955964643815,-69.44319452553874,0.75
6,106.13070080659621,-85.07732493122674,0.875
6,109.28379243209005,-69.1264858843418,0.75
6,105.92778954073894,-68.64954826631823,0.75
6,107.52055023376757,-27.441895996385032,0.3125
6,111.45461646230639,-38.645698223939995,0.4375
6,99.00573700217387,-55.455920408735984,0.625
6,124.23431459569588,-92.63543035283581,0.9375
6,118.15110094850456,-92.68014801534244,0.9375
6,105.90890950828806,-87.17185017570216,0.875
6,97.9608799333731,-71.64913921004002,0.75
6,124.51802063402661,-91.18372108888542,0.9375
6,118.91727650953638,-92.28323085115797,0.9375
6,76.85931411568531,-10.783677620748703,0.125
6,100.5028263143239,-36.53179510550975,0.4375
6,88.44586738065361,-13.662291664473322,0.125
6,86.64814419334151,-4.770395072876327,0.0625
6,149.51383945025634,-99.80805515707779,1.0
6,139.0455089467189,-100.0167667775983,1.0
6,113.09133974581111,-90.9374226897416,0.9375
6,91.53408441526835,-16.50636653442997,0.1875
6,99.37751258315855,-39.024701568617274,0.4375
6,79.38626299021746,-10.371116026735297,0.125
6,118.4134111532404,-90.20839771887046,0.9375
6,93.1573146765959,-31.634437344262075,0.375
6,89.94161560370965,-19.828996193300526,0.25
6,113.8438381995644,-58.34862561922776,0.625
6,107.36943121116833,-56.57766650191553,0.625
6,130.9479939139866,-91.10418314381496,0.9375
6,120.5883197883954,-98.76336156859523,1.0
6,120.93580451448402,-55.73805438502243,0.625
6,104.30682298009974,-75.1287783259345,0.8125
6,113.54048571654278,-83.56988846390885,0.875
6,140.9250136042908,-98.65612738894191,1.0
6,97.7841899308618,-57.15241584708396,0.625
6,106.20240468611266,-75.60643571923873,0.8125
6,81.42432321879788,-14.60669148724802,0.125
6,83.14529396863897,-11.131723101542036,0.125
6,113.5705325261481,-92.8699062056817,0.9375
6,124.90263092689442,-101.90059647024363,1.0
6,103.77769781108603,-76.95984948029353,0.8125
6,109.21431128422942,-76.2488685509131,0.8125
6,108.86484121126117,-67.11980253070548,0.6875
6,131.53174965696607,-90.07160123918554,0.9375
6,104.18703996284468,-83.61556746728061,0.875
6,115.9559134897935,-83.42055556937744,0.875
6,77.67389672370567,-5.785829887957236,0.0625
6,120.93622274907516,-99.96785753745188,1.0
6,108.11057675052216,-52.54979210605823,0.5625
6,85.67575960767351,-39.27032728942883,0.4375
6,94.44895798001082,-51.171288114220474,0.5625
6,113.12820922137516,-75.39304298193922,0.8125
6,92.68473345656358,-36.97439870439713,0.4375
6,110.08212624393299,-82.44053649027671,0.875
6,102.12523534234252,-69.74264864609613,0.75
6,81.7244922396305,-12.918133026862641,0.125
6,109.3357906876032,-44.931777775216936,0.5
6,107.35402978633843,-55.26948372665805,0.625
6,103.42482543236655,-91.47184712663865,0.9375
6,96.91164106981066,-57.22218883356441,0.625
6,109.67249743874885,-64.80338870893695,0.6875
6,91.1015866784611,-37.99935493922805,0.4375
6,96.5945321671289,-38.23605478677277,0.4375
6,100.73941842096734,-75.49790214403782,0.8125
6,119.58627097550558,-83.67727567715832,0.875
6,82.45520012915073,-10.354508127561886,0.125
6,103.19067952891028,-69.00824677338692,0.75
6,87.7175834513885,-16.544384011869045,0.1875
6,110.30444245208413,-77.6985915765977,0.8125
6,160.40271420328057,-99.34564884651466,1.0
6,124.82790574184033,-99.40367030784094,1.0
6,102.24172971292067,-49.69827985287514,0.5625
6,88.70967695685172,-4.942102130624179,0.0625
6,142.3043874419295,-99.11993053152437,1.0
6,120.27791192601623,-95.76547295503552,0.9375
6,76.27394433270891,-16.9527165684225,0.1875
6,99.79120976830863,-39.9714641102247,0.4375
6,91.22728864243555,-35.645169523365574,0.375
6,108.15572712287123,-63.10408244076211,0.6875
6,134.12860416779125,-99.37654707793776,1.0
6,120.30140952004263,-90.74115963641641,0.9375
6,102.69394492997081,-38.88758692706591,0.4375
6,106.1572586879745,-93.52599210308676,0.9375
6,120.52973878861653,-100.15200878736228,1.0
6,140.27321370508042,-98.84637166944196,1.0
6,95.70357560592014,-31.94807265697103,0.375
6,125.17506875227093,-75.74264470985845,0.8125
6,85.0329040374593,-12.37929802190509,0.125
6,91.44184856317372,-37.261888366371025,0.4375
6,96.74050795901704,-25.879761372459978,0.3125
6,86.45009135258108,-56.39368117928335,0.625
6,101.50487977053395,-62.970458333783704,0.6875
6,108.27850656318492,-50.880696625401974,0.5625
6,97.07271648044153,-47.52062432135119,0.5
6,100.46869031342571,-35.14160569238433,0.375
6,91.56780225897609,-10.687462550327302,0.125
6,116.4783062288187,-91.57936100423187,0.9375
6,92.31077557221332,-52.8441696613701,0.5625
6,190.6102902369744,-102.78305930306827,1.0
6,94.37767151195972,-37.56854064627059,0.4375
6,121.82552809371498,-82.34615423232002,0.875
6,172.37533562461547,-100.70913053883783,1.0
6,133.73715575050701,-102.72502152906455,1.0
6,73.76914533745676,-13.378179652521606,0.125
6,78.72457397317508,-15.660042102314494,0.1875
6,82.43490773344975,-21.39583115776533,0.25
6,123.18489917257953,-83.15427959446853,0.875
6,96.23512089617617,-43.3217441089504,0.4375
6,127.20471871476626,-82.61795279108746,0.875
6,96.48081519806783,-26.452531922041874,0.3125
6,86.99515653619463,-23.95502662434078,0.25
6,105.26504843527893,-56.64779450035489,0.625
6,130.49175440949375,-100.1631259453923,1.0
6,143.97839056347948,-103.99906176096559,1.0
6,114.50941668987494,-76.16456672651795,0.8125
6,135.47115889322504,-99.47985838549648,1.0
6,118.94743983550559,-87.30686128528072,0.875
6,132.2132383411281,-101.86513457951892,1.0
6,100.94664052129274,-13.999134257291608,0.1875
6,106.318831639695,-93.2064766856318,0.9375
6,106.45510582537374,-78.14027954206719,0.8125
6,91.01954686660768,-21.512391445176778,0.25
6,91.50439126743476,-63.30934928030899,0.6875
6,106.67650952018968,-63.85011257833099,0.6875
6,74.51783841838589,-6.655056806035796,0.0625
6,85.07648262656029,-30.926211058117463,0.375
6,83.8704402407597,-22.21840147653312,0.25
6,110.35723373702342,-55.30292412514688,0.625
6,109.92707117400147,-58.22094199565411,0.625
6,134.93550699543385,-100.66764972065464,1.0
6,154.0256718144465,-101.36366724764643,1.0
6,141.36306073446946,-90.4531532382771,0.9375
6,115.99498397304961,-84.8407163214084,0.875
6,128.30848983424224,-99.7211143768609,1.0
6,109.0500264220427,-84.02622744492326,0.875
6,108.59406350208856,-83.15278899754739,0.875
6,88.47208539665165,-15.635813720712573,0.1875
6,108.49924403016064,-57.73919993194922,0.625
6,132.03963748309567,-91.53974127600935,0.9375
6,132.92470560404365,-99.25319126814557,1.0
6,110.25145421760205,-92.49630684690644,0.9375
6,85.68245976350177,-4.926767531942079,0.0625
6,81.34730018281444,-11.675791234948273,0.125
6,87.55087259496975,-38.36747653877911,0.4375
6,76.97080091386897,-9.485332552430005,0.125
6,98.18865803241991,-63.16233165809222,0.6875
6,135.52292932297118,-101.36952122590164,1.0
6,102.38792467982793,-62.309121819754544,0.6875
6,90.63030463146193,-26.997762950740682,0.3125
6,93.40062701743787,-30.01077745163517,0.3125
6,107.11452651665152,-31.00820894690002,0.375
6,100.59118731691635,-55.084803690566176,0.625
6,76.96827589687072,-13.386637160996743,0.125
6,128.85171344769805,-99.56489817595555,1.0
6,101.10437508090769,-43.343077928398955,0.5
6,99.1295462713905,-54.862596142379715,0.625
6,107.94164669429689,-63.00542755306911,0.6875
6,116.29802031185757,-82.67637709678401,0.875
6,93.16523301804064,-6.731935438238985,0.0625
6,109.92943028573679,-69.79007527148606,0.75
6,88.46440894435833,-27.942075177339152,0.3125
6,99.18442534377056,-26.49402052000674,0.3125
6,122.04422752028965,-99.64263626476234,1.0
6,98.27598130565082,-22.305197126008107,0.25
6,71.6880312029917,-6.897081768238489,0.0625
6,64.5701507771656,-7.339362926565762,0.0625
6,92.20542059942348,-10.305920572304142,0.125
6,127.01911001699857,-91.86069117166514,0.9375
6,118.68215491295177,-90.01205368920073,0.9375
6,119.66693511363782,-76.07911956724898,0.8125
6,95.00248263140071,-20.47379890453408,0.25
6,117.07031589676909,-48.62883281845447,0.5625
6,101.20004828893813,-52.56845166580034,0.5625
6,108.01807283467251,-77.04916198568627,0.8125
6,109.06402547832126,-79.63374560432746,0.8125
6,123.19747397202983,-84.10219034317062,0.875
6,84.54850683315337,-10.570402963311949,0.125
6,80.37810528503078,-22.88315628843092,0.25
6,106.08187167850234,-56.23027132441694,0.625
6,91.27395649432174,-14.749944146329954,0.1875
6,118.64650281124472,-87.61264768986284,0.875
6,172.403323082804,-100.98113270871194,1.0
6,102.44680090937138,-36.40638275298597,0.4375
6,104.98569592826641,-94.49682162482303,0.9375
6,66.72115917022528,-6.916289958062114,0.0625
6,131.2845737555411,-98.50212378060682,1.0
6,125.79077963677696,-91.10890078346877,0.9375
6,123.43102332654784,-99.70565387469145,1.0
6,80.64165067619241,-10.895505723188966,0.125
6,83.10932135687828,-51.84154070419581,0.5
6,81.46028781299326,-5.846547827448985,0.0625
6,112.05993839241188,-99.70514046226391,1.0
6,138.20457844230552,-99.9713052764474,1.0
6,123.87191034082821,-103.59606605706469,1.0
6,102.57883608112566,-68.25006152341153,0.75
6,89.32340916647999,-68.73522927416126,0.75
6,120.12979576553037,-84.440104281905,0.875
6,88.2566702963334,-14.097034162539513,0.1875
6,108.86633655736458,-77.39741214857696,0.8125
6,80.22577467357857,-38.54590066788526,0.375
6,118.6472754359428,-82.5630229698931,0.875
6,126.89148872341416,-82.63580128183551,0.875
6,111.17590304552569,-83.22411087953708,0.875
6,108.49825360996918,-62.89128477364884,0.6875
6,138.84416990109315,-100.7899631425947,1.0
6,88.00660366899085,-25.990803798915543,0.3125
6,121.85511533331757,-91.88906224437446,0.9375
6,102.01573910711504,-76.89845044067664,0.8125
6,129.23756806112308,-101.65667403571634,1.0
6,133.22149419704732,-98.89553383166354,1.0
6,89.56919126449108,-15.927060216421587,0.1875
6,108.23940399709424,-45.24489516625251,0.5
6,107.3547928015114,-58.0512975035118,0.625
6,124.82174628391331,-77.55619461425688,0.8125
6,101.57516005663597,-55.60614616343126,0.625
6,92.69578534695646,-18.337839273471406,0.1875
6,127.65186998794609,-91.82601843536008,0.9375
6,127.46315853066574,-99.78342781031459,1.0
6,147.9756609341789,-99.37700347691853,1.0
6,124.21599276522146,-83.05077397891903,0.875
6,103.83430527496431,-92.50630506682805,0.9375
6,84.7741614505171,-11.410758617298793,0.125
6,119.23081084853253,-99.08866411618301,1.0
6,116.88072041704925,-57.73095441840813,0.625
6,140.95351031666453,-100.58658342540478,1.0
6,119.07054930436946,-61.392906190095786,0.6875
6,128.35235221951427,-82.7736070505261,0.875
6,90.79988007679995,-27.055454184061666,0.3125
6,112.72938285990901,-92.18832784080294,0.9375
6,92.19522458563702,-32.04854814683173,0.375
6,89.35182408447353,-28.00426674901303,0.3125
6,91.97548080590714,-20.35162020417561,0.25
6,97.78267988111904,-68.68499427956328,0.75
6,93.81939283210328,-72.88869365687977,0.75
6,136.9149982392936,-102.32117191716553,1.0
6,106.46640841173117,-85.7986395271876,0.875
6,102.99622417877885,-63.47650568025063,0.6875
6,137.4821397891758,-103.70892430476582,1.0
6,105.2756275375675,-46.990316537117835,0.5
6,141.62408539807998,-100.02342715240532,1.0
6,99.55426370340399,-56.1105997127438,0.625
6,127.72194992542481,-91.1262063877076,0.9375
6,140.1892886773728,-100.83949173244774,1.0
6,100.75744177898869,-56.78099195581784,0.625
6,102.51129630799728,-72.4082303610135,0.75
6,103.69532298229068,-76.69755131945826,0.8125
6,121.7371890335282,-75.83437016555781,0.8125
6,92.82002187512603,-93.24162579393531,0.9375
6,114.69974353468393,-69.68770321413554,0.75
6,80.23291864770408,-18.33534612281447,0.1875
6,104.16075141861168,-55.1371191182236,0.625
6,127.04386106067578,-90.56590333323541,0.9375
6,127.97797904180877,-98.67144531818174,1.0
6,105.49371973090295,-38.10467791662023,0.4375
6,140.3516573967375,-92.30303058558279,0.9375
6,124.58015721190408,-69.50906721587778,0.75
6,130.59610925696066,-99.79102475458036,1.0
6,84.8023058022321,-32.137915319527934,0.375
6,92.76516592715741,-12.310135237962854,0.125
6,89.36188490512134,-73.81619734254672,0.75
6,130.71583314761546,-99.37901350425625,1.0
6,92.02987607784979,-32.145929511868786,0.375
6,123.7248373432578,-94.55360734063015,0.9375
6,108.83889353973669,-65.47536982208732,0.6875
6,133.8273675333845,-99.57867730951808,1.0
6,115.88473295991311,-56.09454784307318,0.625
6,103.39092532935356,-61.882574462505374,0.6875
6,107.45832682356959,-85.50545293096023,0.875
6,111.14004857407697,-61.61218419123889,0.6875
6,155.8659515890396,-101.09598619780631,1.0
6,109.42549115730323,-83.263380887264,0.875
6,97.66567393039473,-11.693539253376764,0.125
6,117.38412041956683,-98.80235056352065,1.0
6,95.92052117057794,-17.061397388172498,0.1875
6,114.46383950475378,-100.03447302518678,1.0
6,122.73836735051005,-76.51459434303285,0.8125
6,103.98890848093939,-35.686065550806546,0.375
6,89.31229572846891,-49.668276169679295,0.5625
6,102.72872264377133,-39.39818264434966,0.4375
6,79.3890591623776,-10.49433672274201,0.125
6,80.21013920530201,-5.427409744631454,0.0625
6,75.32024673245434,-6.524040266874205,0.0625
6,111.71675970212804,-91.94795335361816,0.9375
6,127.97104265424655,-99.1092420185418,1.0
6,105.1055781939198,-76.30287889897296,0.8125
6,123.50336487317175,-90.63246512997893,0.9375
6,132.23016411695318,-99.07378339374694,1.0
6,118.52256615483245,-98.68452046950763,1.0
6,127.90059884546505,-90.6883122946665,0.9375
6,101.35772326569459,-44.150318249283686,0.5
6,79.40826550721806,-15.071275781499832,0.1875
6,90.74094434422143,-23.99913871188831,0.25
6,97.14748711003028,-57.667146913500645,0.625
6,118.21893073934737,-93.37471134154315,0.9375
6,113.86053274889605,-99.95935545882654,1.0
6,121.86498287417594,-82.92669618755032,0.875
6,121.45097364668106,-93.0898564784675,0.9375
6,107.17743564692836,-66.04700382599772,0.6875
6,103.03824128395907,-69.39679319370885,0.75
6,86.00398572152554,-44.70821618098194,0.5
6,97.54093500506363,-26.799623660517803,0.3125
6,118.8250746662761,-84.10138497925246,0.875
6,92.80554140720164,-50.31959253041544,0.5625
6,127.61176155004115,-91.76669022524085,0.9375
6,92.76895611992111,-32.4064615221016,0.375
6,130.2365742408899,-99.2592968218312,1.0
6,70.58167064016112,-14.608629423013527,0.125
6,80.0928497421847,-12.239332887724956,0.125
6,117.75529175897516,-92.19753737314382,0.9375
6,131.42049119044916,-99.90460866545044,1.0
6,153.2925449864345,-98.7192932664678,1.0
6,93.69540321905215,-25.53224229206877,0.3125
6,112.76996377573516,-49.62774198957948,0.5625
6,87.04893458464875,-29.48241558334823,0.3125
6,118.42316474334838,-71.08233165726993,0.75
6,112.36148342264052,-90.47065121958092,0.9375
6,113.8536014036769,-64.57114749199897,0.6875
6,104.36050312235415,-76.11065067975186,0.8125
6,88.08595134056993,-49.97742433602287,0.5625
6,117.59165023866032,-100.09714087949382,1.0
6,91.26342546492309,-70.34735514656734,0.75
6,114.57423100992614,-92.86697104231555,0.9375
6,124.50367704473584,-90.18787297923939,0.9375
6,93.16032425848616,-36.87765610738622,0.4375
6,125.65810513360458,-94.44408160549816,0.9375
6,99.85212208862906,-51.90109631196604,0.5625
6,98.77533436695286,-39.62042690007569,0.4375
6,101.78570621133431,-44.192005267378185,0.5
6,104.15662060192483,-75.90067403169228,0.8125
6,78.23466923013555,-5.210072410280346,0.0625
6,130.11868452257556,-82.72861461410102,0.875
6,93.30197113227351,-6.112304753068714,0.0625
6,86.67370517072834,-15.58390340227931,0.1875
6,90.8372124513401,-52.0303302230307,0.5625
6,79.73869652824571,-37.28698752992531,0.4375
6,115.55863198605448,-76.50766565127186,0.8125
6,115.49076244843634,-92.41649521933819,0.9375
6,103.76428283489261,-44.81216528519369,0.5
6,90.80706964045251,-30.392163866638796,0.3125
6,124.01639068157795,-101.4139603782053,1.0
6,88.80301280996214,-35.70632702372172,0.375
6,92.03697699211888,-22.083049099005162,0.25
6,103.0531834678975,-68.86328910053663,0.75
6,95.36288758268051,-27.774837128108796,0.3125
6,110.51597978994678,-69.5160388976068,0.75
6,77.16710774894892,-10.757370226863976,0.125
6,117.57632250024044,-75.51980941186288,0.8125
6,134.47727947453458,-99.11531724548223,1.0
6,105.82774566221644,-67.75745025485371,0.6875
6,113.84596644133521,-83.37084261504775,0.875
6,98.28725114305205,-30.275788367117556,0.375
6,116.34489953624039,-92.61672122145448,0.9375
6,120.32611421710611,-83.54872865947507,0.875
6,106.6230205964158,-20.550398855230338,0.25
6,87.65621942543133,-21.360163639120323,0.25
6,90.34471020885597,-25.687561282330694,0.3125
6,100.68191628521184,-36.37362689823851,0.4375
6,112.30314845789742,-71.45216737191392,0.75
6,108.63689499737458,-76.378720661205,0.8125
6,107.54677965936258,-36.725460233942464,0.4375
6,85.39931840033195,-21.353030957316598,0.25
6,117.70357371171438,-63.56793492287765,0.6875
6,81.7295494058503,-38.71737697042936,0.4375
6,108.71594317253334,-44.00505929019083,0.5
6,115.6107105809089,-90.48505117266643,0.9375
6,103.45224539579006,-72.15496468142547,0.75
6,84.46227173098502,-6.278745830298072,0.0625
6,122.59783866950586,-93.61399895884526,0.9375
6,137.28668474412683,-92.82890477180007,0.9375
6,90.96079391478617,-43.09924278083725,0.5
6,71.81140327381675,-8.492163419832593,0.0625
6,97.96485133952983,-62.395323303482115,0.6875
6,93.37937760950538,-49.77127317680946,0.5625
6,99.75467575726728,-63.61203850146529,0.6875
6,117.47472004176662,-100.27740295420521,1.0
6,116.85644835349507,-90.57554660454679,0.9375
6,118.07666834214045,-82.81876284090069,0.875
6,138.5342977138798,-99.71579290710889,1.0
6,116.85426682827298,-76.62124218338343,0.8125
6,105.87198037682792,-70.35486672263777,0.75
6,82.51363199851237,-15.891888837174646,0.1875
6,84.0445636266478,-36.79376672265338,0.4375
6,106.50631478814722,-78.35837605113299,0.8125
6,99.81688833879264,-69.9391848631698,0.75
6,97.24645566715269,-56.49694210521227,0.625
6,96.08314281871746,-32.65439064952489,0.375
6,119.60154580809126,-90.07604533901261,0.9375
6,97.90266257171889,-25.3214344308342,0.3125
6,99.37746806474216,-27.3828341276391,0.3125
6,108.78733242379421,-69.85385757350218,0.75
6,98.11016484205163,-49.82944740081909,0.5625
6,82.25562563212277,-12.87826740309488,0.125
6,93.43314464089045,-30.496887558484474,0.375
6,107.02400567056746,-76.73632400543094,0.8125
6,112.65277731950674,-55.28471023946368,0.625
6,98.11170127100208,-48.264689225414486,0.5625
6,132.21429989433398,-101.57564904157663,1.0
6,87.02788446881844,-14.405859172279117,0.1875
6,128.8655647068721,-83.11762565715915,0.875
6,111.03052722895941,-92.27308586992035,0.9375
6,94.08142771681874,-11.690001780702168,0.125
6,94.4375186263499,-14.944613138066948,0.1875
6,137.85064227859175,-99.90213630722972,1.0
6,133.51031256635451,-99.46421857576641,1.0
6,83.85991213831075,-17.130885861151814,0.1875
6,103.831752684078,-46.59723006217472,0.5
6,94.3331965634264,-25.643866103942248,0.3125
6,78.60254524409739,-6.877368172510721,0.0625
6,115.24114080416956,-62.89117967434002,0.6875
6,78.44897821880765,-9.445831519467681,0.125
6,137.31901162561934,-100.52774868730822,1.0
6,91.26687621276926,-21.113023137153004,0.25
6,110.84731668223655,-90.9914927343912,0.9375
6,66.46904863988577,-7.213671361622487,0.0625
6,91.94438295682653,-10.75132034952791,0.125
6,105.84944269384854,-93.79581022095267,0.9375
6,71.16822183808253,-12.629277097598669,0.125
6,106.16827138571526,-86.76436123188955,0.875
6,116.40872812221144,-91.53549490222221,0.9375
6,107.59176056850823,-62.21569929202691,0.6875
6,92.4283636234441,-49.278457774928604,0.5625
6,96.49354590374438,-43.58236238865895,0.5
6,107.66852373543068,-52.777115522811975,0.5625
6,108.14887805976457,-58.69722269346731,0.625
6,153.01421161388308,-101.84008856049365,1.0
6,106.07116439562819,-63.93411207301884,0.6875
6,92.79253095104652,-46.040350579785596,0.5
6,116.59636469768841,-91.39076911905657,0.9375
6,93.63798162371691,-68.31710053277949,0.75
6,137.09276558373665,-100.73597446915105,1.0
6,98.60022036651705,-37.13269228812362,0.4375
6,137.78482903733925,-91.19050890654333,0.9375
6,127.11164811701362,-83.56628869848043,0.875
6,110.25951630686721,-55.105551533849116,0.625
6,78.21576894523916,-15.487759978550901,0.1875
6,96.06916261560494,-36.26803454882358,0.4375
6,87.18536840621464,-21.240665103927796,0.25
6,59.25859095291316,-7.893457518476269,0.0625
6,101.43714218641075,-36.53700741703178,0.4375
6,135.9108032045436,-99.61781495097274,1.0
6,88.96632242772715,-37.84876567712819,0.4375
6,71.1041778483088,-5.460897660702544,0.0625
6,101.54932556502393,-86.65200346465065,0.875
6,110.84795883347027,-66.44525072854802,0.6875
6,122.58733278332971,-83.7101050179064,0.875
6,101.03433420447703,-82.69874205683304,0.875
6,104.83910582513045,-62.58805384305075,0.6875
6,112.89696622180149,-83.86861100820059,0.875
6,127.88370117266751,-90.06999016058977,0.9375
6,92.49550412181775,-9.934949648079932,0.125
6,93.05863708218158,-75.76095491329559,0.8125
6,105.47603571644493,-50.21279378532196,0.5625
6,101.09774741480962,-93.65568573127238,0.9375
6,81.85870844338619,-15.491132592293729,0.1875
6,89.46204937365596,-37.125177470341434,0.375
6,114.47393270107646,-92.09992152738354,0.9375
6,113.86783425235174,-90.23578780642494,0.9375
6,100.44822380440583,-75.46927371576713,0.8125
6,110.80932854334162,-68.3397820930662,0.75
6,122.59502036896069,-68.55164003095248,0.75
6,100.69472755965036,-36.232435553702054,0.4375
6,123.05251938634964,-84.29184298925985,0.875
6,95.44753716762577,-53.14674342998934,0.5625
6,112.58160584279607,-84.7039047024392,0.875
6,107.62477404150819,-75.46971062636541,0.8125
6,84.2873313883282,-37.91562556493995,0.4375
6,109.99352525266575,-62.232297228655035,0.6875
6,78.904670281958,-11.361409776890653,0.125
6,90.93441711397402,-48.522234267760645,0.5
6,115.52024021564836,-69.4848020777349,0.75
6,87.69929664777196,-27.41488847784368,0.3125
6,73.52447619287533,-14.10011213873471,0.125
6,98.48945441035079,-69.67519111796844,0.75
6,71.05640010715025,-11.196054174021278,0.125
6,128.09478147276116,-100.54139352266431,1.0
6,123.99110092676509,-93.00031370953127,0.9375
6,118.7006460612774,-92.39071210113546,0.9375
6,121.05534958144074,-90.64571562298241,0.9375
6,108.45093896213076,-38.19778214093885,0.4375
6,89.0547413951249,-6.574531771228392,0.0625
6,124.70209424783272,-92.32701752278534,0.9375
6,117.76189989773454,-76.55513310398565,0.8125
6,88.6466449233826,-45.53117200926537,0.5
6,116.05154953021473,-91.66769373225016,0.9375
6,134.14143328513998,-100.52899015085183,1.0
6,90.6697013594576,-26.741588569880715,0.3125
6,123.42244662164843,-99.71420908963844,1.0
6,148.44643955585383,-99.80014302620384,1.0
6,87.03305849714343,-17.60718784699695,0.1875
6,94.96637110312803,-71.03432719273763,0.75
6,132.04898087212877,-99.56289013036955,1.0
6,92.4857940311961,-17.954047623862223,0.1875
6,79.48250658203501,-5.256975520512227,0.0625
6,102.80940894804182,-89.38894856055231,0.875
6,106.65270293051215,-63.08728754034855,0.6875
6,117.91387404949573,-48.58889801303223,0.5625
6,107.83115566096654,-83.24927109962273,0.875
6,107.06326747797728,-49.170457710314544,0.5625
6,119.5598619731759,-91.44743675994233,0.9375
6,112.2704383170007,-94.65862824454256,0.9375
6,121.08517182975571,-78.69832016789728,0.8125
6,90.87911954537508,-52.389042760037746,0.5625
6,106.72623783246826,-61.71462145916702,0.6875
6,129.831684154492,-99.16568948507222,1.0
6,117.47019432311805,-98.68772715593653,1.0
6,110.7771727990175,-36.458440790214496,0.4375
6,104.15572037900478,-82.81655530081355,0.875
6,99.96731384176549,-38.21738474853798,0.4375
6,105.38712595109867,-85.40403768003291,0.875
6,91.51104447604509,-25.284186973228007,0.3125
6,113.26667303000755,-84.04357625806705,0.875
6,92.45392067422546,-47.079535876117596,0.5
6,111.87248762288316,-83.45754818548919,0.875
6,85.48192023166791,-16.010923490333457,0.1875
6,104.03526416676428,-55.70453796890262,0.625
6,123.72882112495942,-91.93548395986427,0.9375
6,93.57681541923277,-41.30671079342106,0.4375
6,139.10048546344152,-100.0068887555684,1.0
6,105.90004289794055,-48.69857495999589,0.5625
6,109.27563439419872,-55.604685183441916,0.625
6,109.01279120549172,-78.2239727249651,0.8125
6,116.32923372283133,-90.38170096605639,0.9375
6,109.91127096128022,-84.64630557681215,0.875
6,130.19280140916203,-99.06205146103008,1.0
6,111.27568370484823,-62.11225746590807,0.6875
6,110.76551098319962,-68.56128235950298,0.75
6,108.34945522649626,-62.26857057638279,0.6875
6,73.15639582247874,-7.281559421380587,0.0625
6,116.39257728913215,-91.04609908445543,0.9375
6,125.70391204294043,-99.66463899118963,1.0
6,93.095211784592,-18.257099263714252,0.1875
6,128.82244228143858,-99.32611788007937,1.0
6,122.37003483298648,-75.35180297247733,0.8125
6,112.48854128562007,-57.17954223437045,0.625
6,102.68456157510539,-49.303218104374444,0.5625
6,110.4853511821288,-56.31394609701741,0.625
6,102.44657573518322,-72.1997712720602,0.75
6,94.73724408145975,-80.23417460877798,0.8125
6,95.04496237405712,-38.061197516374754,0.4375
6,85.50128589601245,-21.774552983347913,0.25
6,148.44896610926062,-100.34575494935076,1.0
6,103.24539787878729,-25.253085857311376,0.3125
6,115.41210853487884,-77.63244210802192,0.8125
6,118.32487253191405,-100.4460161131375,1.0
6,114.46004081992803,-84.70351851116934,0.875
6,121.28227610147478,-90.63130308127232,0.9375
6,99.70112381357666,-68.4083255546158,0.75
6,98.34241267479368,-37.716105310070866,0.4375
6,80.11282345234667,-13.130463657885922,0.125
6,96.75973876679849,-73.4936204359747,0.75
6,86.45311527752243,-21.998633559013644,0.25
6,77.85506262087581,-21.016465782608964,0.25
6,143.4958887744323,-98.37469500011669,1.0
6,90.1432390833541,-9.820945554282716,0.125
6,93.88043988399698,-20.5797676783396,0.25
6,104.78548851394682,-63.3982630790231,0.6875
6,75.73557336036892,-7.2160903894742034,0.0625
6,78.23013219321265,-11.886864876849426,0.125
6,107.20179989528773,-37.82186124472284,0.4375
6,101.07796829554579,-14.464128243142584,0.1875
6,104.85381176886715,-63.64069782500771,0.6875
6,101.57283944916375,-63.299096327264984,0.6875
6,92.32542213006656,-34.35886190921772,0.375
6,89.40155470529629,-20.023376638419258,0.25
6,82.19165764361182,-26.414682638655556,0.3125
6,96.13871341844114,-48.7271751393993,0.5
6,100.02728370372384,-49.724184483307056,0.5625
6,84.42097203674962,-13.008122113108978,0.125
6,114.82652269766427,-82.38449985472715,0.875
6,136.39895394638097,-99.92778731586981,1.0
6,119.6413068129975,-82.8379394287434,0.875
6,112.86138513269515,-90.69582728709345,0.9375
6,98.01474428011228,-58.77771404542295,0.625
6,80.07216536358686,-17.607517316573524,0.1875
6,131.30861885531198,-99.72821010551723,1.0
6,117.12394633509764,-91.08255367987343,0.9375
6,81.94279975007235,-4.833840882977231,0.0625
6,101.5976162596293,-29.11456245051853,0.3125
6,104.64549734560131,-55.830101951076706,0.625
6,79.21648878711127,-22.878138461457702,0.25
6,82.81589084470981,-7.059114821351922,0.0625
6,97.51844305849738,-32.966030733565105,0.375
6,142.80606992521075,-102.28982659431927,1.0
6,77.95507468807786,-11.114763659844103,0.125
6,80.06445238706615,-20.977109252163267,0.1875
6,99.04155165725031,-37.78231327851316,0.4375
6,92.53504702099531,-37.40737006697908,0.4375
6,76.99329356496983,-6.010955791302415,0.0625
6,127.47410706034863,-90.08549611286284,0.9375
6,80.98381444106431,-38.18263951393499,0.4375
6,74.41552676260469,-9.844726080366051,0.125
6,107.83891448386392,-68.73456343375523,0.75
6,122.89473370987764,-70.49126283522679,0.75
6,104.57960253839349,-82.64301782514114,0.875
6,102.68545451638037,-44.56532339278392,0.5
6,105.4403558634822,-49.79626206655259,0.5625
6,85.81660148774412,-10.966404838494313,0.125
6,104.6608131939128,-76.4983157449339,0.8125
6,103.98696741521647,-63.30066888269518,0.6875
6,109.5289648734922,-99.79917197127598,1.0
6,83.35143710305603,-6.386741211883984,0.0625
6,84.76159315645234,-5.433781724717164,0.0625
6,114.49311638360375,-92.81581302625186,0.9375
6,97.0433684847143,-46.53092914643265,0.5
6,86.60489411272478,-36.69089928696591,0.4375
6,107.83295858661567,-38.7136652310283,0.4375
6,87.40933098268384,-31.157727432318254,0.375
6,93.9169316533159,-25.57168167148729,0.25
6,94.0140371082103,-44.44876127941703,0.5
6,89.50665113169953,-19.491488829527764,0.1875
6,103.51457847051864,-61.93441282421018,0.6875
6,142.49912981896858,-99.73469655559501,1.0
6,114.91217655790061,-68.4063892398432,0.75
6,86.69223315903332,-14.590791170496459,0.1875
6,121.39825907551678,-91.91508083014965,0.9375
6,93.74446551731623,-22.670865819541994,0.25
6,98.02792293890808,-61.13031686239801,0.6875
6,119.54807997513916,-99.57894101952347,1.0
6,116.66596675582512,-77.49616384822929,0.8125
6,87.10054142159312,-4.963265979909826,0.0625
6,86.17609100260673,-12.520947360935748,0.125
6,83.69890932306474,-22.13164979252371,0.25
6,109.68896589816852,-70.07269486453185,0.75
6,92.79006888624514,-11.72019061815155,0.125
6,91.16552580925816,-17.226247399154616,0.1875
6,111.71430988568436,-77.62658050448282,0.8125
6,97.4323805076315,-38.083410859708096,0.4375
6,82.53243541521236,-6.866827599583668,0.0625
6,86.70856052836227,-19.476963192614395,0.25
6,114.41771430168401,-68.40081997360713,0.75
6,125.96818697166712,-91.56707431420408,0.9375
6,175.8524419459589,-103.38476647180599,1.0
6,104.98991613434991,-37.75192120800779,0.4375
6,85.18769857817453,-12.773275076067515,0.125
6,94.99434351872291,-50.200674416957064,0.5625
6,122.74314781959129,-99.06571227637004,1.0
6,112.48794304781109,-75.9107566786028,0.8125
6,71.56121600593866,-6.991078229598558,0.0625
6,117.41405327244779,-101.6878789446776,1.0
6,120.24962576655507,-99.34548590103056,1.0
6,85.00062204330062,-11.49691813789704,0.125
6,136.01892362272858,-99.81516032205839,1.0
6,93.28165349205528,-63.81692144949698,0.6875
6,107.4503387516364,-53.32477986144576,0.5625
6,186.23611228869194,-102.044392519708,1.0
6,88.3197803191235,-5.370719536928244,0.0625
6,79.38892722237296,-11.309724076462278,0.125
6,124.16911098867125,-90.69535155071382,0.9375
6,87.1347793648656,-35.86898448794538,0.375
6,82.49052318380683,-15.213986857499707,0.1875
6,86.14410626525249,-22.618361987190497,0.25
6,119.53124061982936,-91.25492001466067,0.9375
6,117.32487471588733,-90.42098433869612,0.9375
6,91.15650164065386,-28.935240790560908,0.3125
6,110.56062306240311,-84.77908098644173,0.875
6,105.01710866037348,-62.23360532498704,0.6875
6,97.35509232165315,-51.26219512977347,0.5625
6,109.50385610838747,-62.87587043709453,0.6875
6,120.59266308525602,-99.20753353177095,1.0
6,88.33716887186063,-21.68366442566085,0.25
6,147.48314430486383,-99.03598203546399,1.0
6,84.42199540215,-33.829871192058484,0.375
6,79.16718955992192,-10.45751368172188,0.125
6,95.45146155332678,-56.422299055432795,0.625
6,125.35812072627041,-84.16976230013152,0.875
6,127.73804765836101,-92.07153560960651,0.9375
6,88.26235441242393,-49.18370551137198,0.5625
6,107.06693621656488,-43.510243525499014,0.5
6,102.07722951542854,-62.24692496750865,0.6875
6,85.36746995289195,-16.306935839299992,0.1875
6,87.52307684363359,-15.95867598295959,0.1875
6,118.53737672652265,-90.2475505975162,0.9375
6,127.36318139744208,-82.8391243227663,0.875
6,103.85310053885179,-43.467304170146186,0.5
6,63.12499272747566,-13.88302773382182,0.125
6,124.81531544818351,-85.27356085685513,0.875
6,109.51517170751082,-40.72175176375501,0.4375
6,110.52298902039286,-102.04755052464179,1.0
6,127.34120725863349,-99.4595667330058,1.0
6,103.18833585081424,-69.70605576038838,0.75
6,99.26951213695646,-25.611449543847787,0.3125
6,126.47007030307039,-92.08759890770655,0.9375
6,95.29786955003561,-31.606250769218974,0.375
6,142.74641306827158,-99.03106853795933,1.0
6,107.42062374143926,-61.78032793170151,0.6875
6,87.49030602429964,-19.24939496988745,0.1875
6,113.51061318889005,-23.883642663118327,0.25
6,92.45572938157744,-38.18748532516271,0.4375
6,90.94858475800685,-19.980415150323036,0.25
6,101.08027690262911,-36.5290858330861,0.4375
6,86.62624614722449,-5.164225752598319,0.0625
6,94.08189472736923,-27.83505214856395,0.3125
6,135.95866971342858,-100.25378391733389,1.0
6,108.16815293524378,-36.619067271375464,0.4375
6,103.29792596362506,-50.40271642437236,0.5625
6,117.90096501525372,-99.09696012336313,1.0
6,130.058859038472,-101.4757993334,1.0
6,101.21898883276002,-91.38374325596988,0.9375
6,140.74642609778743,-100.12812110889111,1.0
6,101.97880132853302,-54.763903323038484,0.5625
6,95.41619395413893,-58.03014983440074,0.625
6,84.04336949296443,-12.401124753892546,0.125
6,116.6072417172144,-90.97753965794844,0.9375
6,130.65946247144774,-100.65014866980917,1.0
6,107.13285980125949,-83.42180821973771,0.875
6,133.42212018676335,-99.09121857534772,1.0
6,77.46279705907615,-9.323106918556356,0.125
6,80.13491941760815,-13.930399711749821,0.125
6,97.62868360668534,-68.67256392787874,0.75
6,117.53832381985146,-83.08386391468093,0.875
6,147.78256802684942,-99.59336706251794,1.0
6,84.37285939188803,-40.577998076864645,0.4375
6,80.02459043193623,-7.4634481212464205,0.0625
6,80.29846676535072,-33.647592217696584,0.375
6,92.00088092741801,-27.372334672218262,0.3125
6,115.16131154760674,-78.12530590236362,0.8125
6,113.71427169298616,-61.124634169495806,0.6875
6,75.30829536517123,-13.53652723352835,0.125
6,105.52879558663177,-83.78552205621821,0.875
6,91.75983682044244,-40.44095875623502,0.4375
6,119.93226671526232,-68.73820229334532,0.75
6,109.05020717074282,-57.671533063651516,0.625
6,88.989976582654,-22.069785475372665,0.25
6,100.21389683479818,-75.37577043377546,0.8125
6,95.98595764414733,-11.396541135366867,0.125
6,125.56606067954607,-94.4113775462545,0.9375
6,103.1405547002572,-38.72959052256054,0.4375
6,102.3360652955658,-15.914197730816317,0.1875
6,98.85000355453249,-46.35704375885896,0.5
6,105.83559824454105,-77.23400832188399,0.8125
6,83.53552885600413,-26.180914289951346,0.3125
6,105.59841751428489,-55.574611737417314,0.625
6,110.88373111738177,-49.37194327862773,0.5625
6,121.97022252022627,-84.63211983863708,0.875
6,114.73389860043324,-76.00717013915663,0.8125
6,121.24281131562546,-91.30113160840457,0.9375
6,82.17775494215195,-11.145508867432579,0.125
6,108.63277918673928,-57.3104150052786,0.625
6,78.142668890908,-11.952774616394164,0.125
6,112.39351529973467,-64.94324132733925,0.6875
6,90.82794578261873,-27.868388160433557,0.3125
6,106.31630411367567,-63.255232149010475,0.6875
6,157.07431600541426,-99.64824656237408,1.0
6,113.31947728365928,-72.99431816189423,0.75
6,100.94055124496073,-26.825620856674206,0.3125
6,113.77882935378285,-78.1861971395717,0.8125
6,115.57728877891566,-92.59628142771604,0.9375
6,90.10273601241995,-15.640143701093127,0.1875
6,79.53261819507482,-23.7458591648582,0.25
6,126.43357117505482,-99.83990328499193,1.0
6,78.69015169032265,-12.755565851150495,0.125
6,102.07717987717493,-39.36747879751224,0.4375
6,88.25513166017014,-37.23667930198913,0.4375
6,107.6130390591044,-64.99927309101386,0.6875
6,94.67999018190338,-44.556928483749324,0.5
6,113.3728156067342,-61.224916811956824,0.6875
6,119.12779516041965,-46.7788423957297,0.5
6,144.10074027872022,-99.88990670571295,1.0
6,88.7001112258693,-47.7724588309202,0.5
6,106.09425278110827,-84.7326165067161,0.875
6,79.48165747266516,-5.158139211985985,0.0625
6,110.86624113558541,-85.8070281788879,0.875
6,112.56596255701008,-99.32367232274453,1.0
6,94.35208764921839,-41.192721634294635,0.4375
6,87.22395098308175,-26.09492689728171,0.3125
6,87.98375648756955,-22.56965560532547,0.25
6,124.75622317974202,-91.10019309446702,0.9375
6,103.47927209906959,-54.4515576399761,0.5625
6,80.82330965044378,-19.59700176931186,0.25
6,116.17991651861168,-82.60933611463426,0.875
6,91.03799499046661,-50.1429986975996,0.5625
6,99.20117072295447,-38.40108906630346,0.4375
6,100.02800966766472,-39.042840775999515,0.4375
6,133.09857651088967,-99.45408377873008,1.0
6,118.52555412970854,-100.7507585342567,1.0
6,89.4920305908921,-10.310446004177233,0.125
6,90.02495150258754,-20.93442032328797,0.25
6,69.93393453153922,-12.191649176651753,0.125
6,117.84723531951855,-46.62893144796596,0.5
6,157.71018847289434,-99.87013038088588,1.0
6,80.70482754974813,-19.703563020356444,0.1875
6,103.6005418597501,-57.858744526203566,0.625
6,103.34282832794277,-69.20575660015564,0.75
6,96.87041022902308,-48.9344609241614,0.5
6,105.42159517548183,-71.82445492428049,0.75
6,122.45801327519285,-92.56159040849886,0.9375
6,115.9102788537681,-63.144752283562035,0.6875
6,88.09610593847935,-9.998506445800837,0.125
6,97.58780495989946,-55.45169577579794,0.625
6,126.25963649689555,-90.43643242009945,0.9375
6,135.2752086717174,-92.43763811953231,0.9375
6,105.57263782504754,-75.570501474841,0.8125
6,101.26927782308547,-32.29321113945915,0.375
6,102.26892508189718,-56.069828621460616,0.625
6,113.17065336842333,-90.52799963224173,0.9375
6,116.42518740893162,-78.85041967821486,0.8125
6,95.80203476625744,-27.445022540569507,0.3125
6,118.79509307404288,-89.99480358380447,0.9375
6,164.7237924259498,-100.67723430384862,1.0
6,84.08134347017662,-15.729225823384313,0.1875
6,110.24549085396944,-97.10411602789556,0.9375
6,110.06199756450712,-79.40519449917909,0.8125
6,107.20650905744135,-70.99647146931149,0.75
6,135.38285355072472,-92.88279765860348,0.9375
6,96.9452911834031,-86.13110119390402,0.875
6,121.27305899318569,-62.57556901651186,0.6875
6,105.7567808352857,-72.61575312077423,0.75
6,67.47574319249911,-14.555381347892892,0.125
6,124.84316442240208,-89.87770920837914,0.9375
6,104.90784331016168,-16.409604102147036,0.1875
6,93.0324340631994,-49.79547873197386,0.5625
6,87.09932315704938,-21.459820081545452,0.25
6,88.10002860474448,-20.863909446186756,0.25
6,106.61275968506783,-64.54965349825201,0.6875
6,89.88919550261176,-36.54422420802086,0.375
6,136.1821413444976,-103.39722788084542,1.0
6,88.90925764471545,-5.751324733313388,0.0625
6,84.16024314284192,-16.40192128297934,0.1875
6,103.58798219314824,-43.619691013880086,0.5
6,79.4504899913401,-13.66095273481537,0.125
6,121.27801594193895,-54.86507594466096,0.625
6,87.5558105081764,-31.504097990744363,0.375
6,118.3188779726559,-57.53508396179034,0.625
6,148.3775153551577,-100.75722255111519,1.0
6,92.94058927023845,-64.03558594360833,0.6875
6,78.4200332558276,-6.431006818242087,0.0625
6,95.3353254584109,-51.604550803842535,0.5625
6,121.45578219455872,-69.0688814828407,0.75
6,146.33383093082904,-100.6608713635744,1.0
6,80.72279082651427,-10.922419200396503,0.125
6,109.30571129224576,-50.16551715651057,0.5625
6,98.53482291188844,-46.575683808754704,0.5
6,137.0114743304268,-98.69103509877442,1.0
6,96.97958213718923,-76.06482890255266,0.8125
6,136.4087887054676,-92.9629712972605,0.9375
6,97.32750270107108,-45.848121395082366,0.5
6,114.39011474550125,-75.543572297295,0.8125
6,104.14173873447297,-43.01463400683766,0.5
6,96.69743243950411,-68.13573105061806,0.6875
6,121.87793770896869,-100.6436956378658,1.0
6,61.18296106413597,-12.566630104813601,0.125
6,100.22835410169779,-62.1397108755136,0.6875
6,77.42118215024027,-11.600308539655773,0.125
6,114.38527899404565,-24.58995555683209,0.3125
6,96.72247333187501,-56.065103464787995,0.625
6,75.060112361848,-5.569216890500202,0.0625
6,126.01217922743244,-100.62767904488494,1.0
6,133.5994243104525,-100.71597125418035,1.0
6,129.45137749502703,-100.76566681953217,1.0
6,115.00772614460895,-93.18422670705843,0.9375
6,122.35775223121959,-99.50091652620922,1.0
6,129.36351813886031,-76.66936271213763,0.8125
6,101.58968965945601,-49.738401587764855,0.5625
6,140.32652831595234,-99.63776536226536,1.0
6,92.98477690392137,-45.88658920565938,0.5
6,77.6315983589197,-17.089232511637483,0.1875
6,79.51944417836599,-11.490496879801828,0.125
6,91.426419660276,-38.45297374368833,0.4375
6,114.65425643309135,-99.5217335603307,1.0
6,88.93033813548948,-27.827983585462416,0.3125
6,95.8627750500938,-53.480401848735774,0.5625
6,117.9739874640737,-90.5573110761694,0.9375
6,97.47080014035251,-43.66595121355133,0.5
6,115.57977888638366,-102.35844693855283,1.0
6,81.62674053282446,-20.290810688634252,0.25
6,100.08296021574736,-31.53788539703584,0.375
6,94.94451205835925,-37.048408843714334,0.4375
6,75.94239803391699,-6.239692341486053,0.0625
6,106.45473677640148,-53.09703373054748,0.5625
6,108.07694539407535,-58.22235730073293,0.625
6,109.77585369768612,-57.278376403160806,0.625
6,107.2777080865261,-76.7882736587423,0.8125
6,139.00360299240404,-92.55032830119963,0.9375
6,92.24383268596915,-11.756270295081658,0.125
6,143.25269584140898,-101.87057227156183,1.0
6,120.29552167195104,-100.10058436118233,1.0
6,76.31124926275217,-5.294973526911367,0.0625
6,111.99277683893021,-78.20962800203102,0.8125
6,128.7869506915124,-98.91987525648518,1.0
6,71.12956851508379,-13.447144192649414,0.125
6,107.53210136788604,-63.515472892194964,0.6875
6,125.42771986431904,-82.22220344555632,0.875
6,97.99594549269386,-49.52309330818466,0.5625
6,80.6090049996066,-17.882411849427395,0.1875
6,79.91153816594397,-16.054349263916563,0.1875
6,170.6748529327106,-99.38642001282678,1.0
6,78.86679683684245,-12.95996753632478,0.125
6,105.4119864011034,-63.1244850902518,0.6875
6,118.13628951782039,-83.80518275928024,0.875
6,89.05107855883185,-10.2449352680483,0.125
6,89.56095320985577,-33.39815783729029,0.375
6,130.5128980456901,-99.06518224697544,1.0
6,84.80572641309631,-17.265338581293936,0.1875
6,149.21364896958224,-101.33124071711866,1.0
6,98.21636734405651,-24.784012443509003,0.3125
6,131.69707627141906,-91.13948839491033,0.9375
6,115.42602923139773,-64.02987197891792,0.6875
6,114.39907767983215,-62.41367531336892,0.6875
6,111.3166203606255,-90.23781243238365,0.9375
6,132.40177738657155,-99.98236927120473,1.0
6,87.25669204937775,-20.327279742789916,0.25
6,136.0133492599924,-103.37380056246765,1.0
6,93.86144810858835,-56.329312393642205,0.625
6,103.25896904460244,-26.99906812389281,0.3125
6,98.08687181711261,-32.31326618184476,0.375
6,134.919164349351,-100.04108553030288,1.0
6,144.15254964545673,-98.64759245314792,1.0
6,102.9251679738312,-31.774557241885347,0.375
6,128.18922592611486,-75.4685333807747,0.8125
6,86.81381721349415,-34.916065388568434,0.375
6,82.5100439548514,-20.634526433148153,0.25
6,107.3600247371649,-70.82593345696036,0.75
6,113.2995998254478,-93.33706327244651,0.9375
6,125.48524813257546,-90.83579883654222,0.9375
6,139.2366505516339,-99.70405598026467,1.0
6,111.37036802937048,-90.00884330468222,0.9375
6,118.6781858218185,-102.26732379093629,1.0
6,95.05021753424589,-43.8951071141429,0.5
6,141.4640885531583,-102.88069351662782,1.0
6,165.53439081283244,-100.70088265965356,1.0
6,85.63894302365202,-14.05326471040168,0.125
6,99.8824011502074,-81.63596650787979,0.8125
6,90.91445123082968,-33.5789100942108,0.375
6,134.25268855144952,-99.38822964998297,1.0
6,103.98521590184954,-55.64499933041191,0.625
6,100.44328984543817,-33.49478217892528,0.375
6,109.95441428802064,-69.00375900372501,0.75
6,69.42470704280424,-6.070260174514039,0.0625
6,99.89948010303966,-26.9351427744541,0.3125
6,97.17791045565053,-45.77727763884308,0.5
6,141.14028410371964,-99.38252636017035,1.0
6,88.73445581995732,-5.583199906686563,0.0625
6,141.5423465862195,-100.05533975915714,1.0
6,105.14569491976869,-83.02597442109989,0.875
6,99.29755671879744,-48.63366779789265,0.5
6,105.35672957721663,-55.66512529272445,0.625
6,129.7492389295809,-75.3684237937912,0.8125
6,114.02942522260098,-83.69025081966623,0.875
6,118.95236692205687,-93.11210627496095,0.9375
6,128.31104639264743,-100.6426853330609,1.0
6,105.43243412791037,-57.800448185189104,0.625
6,125.46959137278535,-100.05731529670943,1.0
6,108.62918383945606,-62.43386476036172,0.6875
6,109.38593110844519,-101.54799337198537,1.0
6,90.59166840629167,-66.62628942366611,0.6875
6,85.9709940501972,-14.470549011280381,0.1875
6,113.65423665538566,-90.92843100920389,0.9375
6,146.281186836993,-100.95058836181401,1.0
6,117.43813760928194,-90.3456871593548,0.9375
6,97.87058582047014,-62.10023524513028,0.6875
6,131.65985053702434,-82.38639116456682,0.875
6,110.3199993251664,-82.54747742950964,0.875
6,95.55079624632845,-21.55182750952461,0.25
6,117.02124535002632,-86.11372382658355,0.875
6,120.58987946340662,-90.96010256972721,0.9375
6,100.13195879380064,-64.00152303432469,0.6875
6,99.95633484693566,-48.815957443565836,0.5625
6,89.46421625694086,-37.515010524632494,0.4375
6,82.89202359341763,-9.776057896973157,0.125
6,111.41111389776765,-55.037355817314484,0.625
6,95.23151691802045,-45.380460671063396,0.5
6,118.96652819010403,-104.0352913961426,1.0
6,99.19464408857792,-51.461241349634626,0.5625
6,109.45207461429621,-83.6297763725877,0.875
6,121.09057626957448,-90.77732633953076,0.9375
6,118.10639388464847,-83.10100819999681,0.875
6,100.90152696825139,-51.242371677286656,0.5625
6,103.95235248234775,-63.81482246417893,0.6875
6,131.9512903859201,-99.5428207745786,1.0
6,88.67516080358565,-15.314005914758814,0.1875
6,124.1228722005498,-57.951986834763304,0.625
6,89.30057951177737,-37.6194872802413,0.4375
6,107.4613629918747,-84.45049815694836,0.875
6,118.0366580497674,-84.29047957319253,0.875
6,105.7400525885948,-62.4861099587893,0.6875
6,103.6054330263632,-46.02872735768777,0.5
6,107.02971698866637,-83.36546943694196,0.875
6,90.20652990944096,-34.597295213446884,0.375
6,121.67198672549964,-100.02478841990681,1.0
6,103.0893695329498,-72.07301903122273,0.75
6,112.3902570808232,-92.02289515312138,0.9375
6,92.98841919351888,-14.695552971751946,0.1875
6,112.19600627264028,-64.408340225965,0.6875
6,74.75058594294156,-12.929716580738308,0.125
6,109.89436734349572,-76.8440321115568,0.8125
6,91.79054623204752,-14.172966238770613,0.1875
6,123.33083243031591,-76.03605472271892,0.8125
6,114.80913340951831,-87.1299309117951,0.875
6,106.23570300805316,-77.96192556548436,0.8125
6,89.52461858248736,-10.046356177807295,0.125
6,95.58202808786172,-77.02591948540623,0.8125
6,99.22207880850256,-75.52609251662328,0.75
6,90.65206602871277,-38.35592921859535,0.4375
6,105.23048788932789,-66.31046190019066,0.6875
6,164.0357920647511,-100.37142071966818,1.0
6,79.42264963172164,-13.06072767108877,0.125
6,96.67716584112259,-24.490883448740753,0.25
6,110.28760580790555,-70.73853230894206,0.75
6,105.23540004025537,-62.11930822456019,0.6875
6,123.16601880335558,-100.17885741877268,1.0
6,139.44503147697912,-102.21153229471179,1.0
6,72.89776983962032,-21.788658882914035,0.25
6,95.09775721097931,-31.903941295714905,0.375
6,112.86870191573739,-82.72788864062795,0.875
6,139.0031088521161,-100.64984862291371,1.0
6,96.71895217226658,-47.960249269743265,0.5
6,83.66582838867696,-22.454775938686247,0.25
6,144.22703332582932,-99.81878376067563,1.0
6,72.52379473952824,-8.181721131192182,0.0625
6,108.44594336354464,-79.89583510597787,0.8125
6,141.44438334609154,-99.37063495781503,1.0
6,97.38988837929494,-40.81967105667059,0.4375
6,135.0370236619609,-99.60576181917827,1.0
6,90.01266455431993,-5.61025456206493,0.0625
6,66.84107778009675,-12.226084202505147,0.125
6,101.74264244079151,-68.90097593898302,0.75
6,98.72721730873054,-83.25655140103406,0.875
6,109.39279364373779,-55.139918273482195,0.625
6,117.25967546479623,-79.14988640842498,0.8125
6,82.57027533457452,-23.480128937100808,0.25
6,109.35325284228301,-56.578873508117084,0.625
6,111.05778680231089,-92.87033644006888,0.9375
6,113.84016438239726,-75.27221123741445,0.8125
6,80.85779764421002,-26.86551609381903,0.25
6,147.43769142414595,-100.05123903883451,1.0
6,87.08272006298067,-10.653844258905298,0.125
6,104.09668144469109,-58.135180342888965,0.625
6,106.98136638894876,-69.08849835891712,0.75
6,110.1779932923381,-85.22292695820319,0.875
6,131.89872104246908,-68.67651381930943,0.75
6,68.56292773688136,-8.597038304626702,0.0625
6,116.73545940640288,-79.67358097274376,0.8125
6,100.2540014868613,-72.77365876531218,0.75
6,77.79675644439385,-30.551479964298608,0.3125
6,96.81664797061788,-46.733583946414306,0.5
6,81.75631950209794,-46.37791730047048,0.5
6,122.26963118764816,-91.88293032837981,0.9375
6,116.90841492393176,-93.19617848123113,0.9375
6,113.03658440602366,-83.78837317733398,0.875
6,94.12108536999094,-99.05817546355843,0.9375
6,92.71727436956635,-32.453528099344815,0.375
6,127.92115603835504,-90.7104501426468,0.9375
6,119.96976623155402,-83.64330609928076,0.875
6,93.74075222538517,-42.96282588808877,0.5
6,87.47534549068412,-64.02780109848958,0.6875
6,107.33190608488236,-72.02419491549313,0.75
6,106.44812149173771,-90.72964534016207,0.9375
6,104.37837406298691,-70.52229601735198,0.75
6,92.52279544287754,-49.164415817278545,0.5625
6,108.81929058857602,-62.9463137239279,0.6875
6,115.95831785495099,-90.91335989821098,0.9375
6,127.42195858757992,-100.72591173147411,1.0
6,106.29693306723298,-75.44778735364197,0.8125
6,106.23952278952937,-56.59607751186336,0.625
6,112.10697552081525,-61.97030673542089,0.6875
6,92.03010754067672,-20.57129979228674,0.25
6,113.59167568721406,-83.65691968012366,0.875
6,121.56032009388731,-99.53162872100707,1.0
6,82.76189213376081,-11.62287624179723,0.125
6,106.10101074452334,-70.08262261223018,0.75
6,102.10990028089822,-24.916317330498654,0.3125
6,71.93736205470302,-5.8818479136324955,0.0625
6,93.07645239230354,-26.693864803476995,0.3125
6,120.47519735187215,-62.41069613282639,0.6875
6,89.26223722842572,-31.832398190726103,0.375
6,86.98035801497764,-36.86450841069092,0.4375
6,117.03938360277266,-85.26212788662738,0.875
6,90.08213538740877,-28.031019954592406,0.3125
6,110.64718804026312,-61.71257454227955,0.6875
6,90.14424574248953,-19.73616242261967,0.25
6,102.85481611865548,-57.483911857872236,0.625
6,103.43046403286739,-37.238783260161156,0.4375
6,99.0616302168357,-84.08612628320392,0.875
6,133.49818250977557,-99.05763062084482,1.0
6,90.99192533642726,-15.127184020917271,0.1875
6,72.09813169770456,-6.031323792119746,0.0625
6,126.59184699594952,-100.68872427452692,1.0
6,116.32739016729742,-78.13248787873253,0.8125
6,143.47152916829427,-99.93315643528295,1.0
6,131.13257365146458,-103.8904433697679,1.0
6,83.10402417270475,-6.497193904637813,0.0625
6,106.96266727033728,-70.86226850855319,0.75
6,145.29163632099258,-100.38830623081299,1.0
6,133.01309677417603,-101.14914545085212,1.0
6,107.83383523431016,-77.71232762116077,0.8125
6,96.60669833303487,-43.60549960466168,0.5
6,141.15333723715543,-98.55981468659576,1.0
6,92.26162255640996,-10.39681198390237,0.125
6,84.28843721223267,-11.739029085241132,0.125
6,87.03263403158418,-15.979554554792243,0.1875
6,102.41598766042685,-72.8702081335131,0.75
6,95.46129866588163,-45.79564568168324,0.5
6,103.22332679767999,-49.18411538739984,0.5625
6,119.625162756495,-83.34758638897151,0.875
6,120.54909604638948,-91.03395414793637,0.9375
6,95.19170097865714,-45.38366653812511,0.5
6,103.62702497544068,-61.575048712362374,0.6875
6,94.53841327826733,-30.537794689699528,0.375
6,93.51556845272336,-34.018117890823596,0.375
6,108.31460333776475,-49.70149089149302,0.5625
6,99.87930151476654,-38.70954574872743,0.4375
6,112.25518599089142,-75.5449165282811,0.8125
6,100.05338356720699,-85.68625282749039,0.875
6,101.19650702229012,-10.924251374568904,0.125
6,98.06490830728829,-75.31426328235021,0.8125
6,80.95634925374337,-15.837574015235651,0.1875
6,132.24705848113513,-100.1580798582543,1.0
6,91.42192964055886,-24.50915805742222,0.3125
6,117.78250853306554,-90.66932598971155,0.9375
6,138.41974468117587,-91.47218139495583,0.9375
6,83.72146946793904,-32.51322282328605,0.375
6,136.39996341039557,-82.46975273154398,0.875
6,103.92985846343834,-78.23986758757695,0.8125
6,129.8664739458875,-99.40124013032091,1.0
6,120.49639522799379,-91.69098423527585,0.9375
6,121.88495551700562,-99.06195484498207,1.0
6,94.51329547843113,-34.427409971231604,0.375
6,93.26209652959948,-27.231267683683477,0.3125
6,119.46728379777734,-90.50413705769408,0.9375
6,101.32000577082067,-75.71954915734324,0.8125
6,97.18503433227933,-33.27046534982251,0.3125
6,117.4181216715673,-68.07900927597467,0.75
6,123.37924898674129,-82.9802138064124,0.875
6,98.93181732714584,-50.534013559965835,0.5625
6,91.85451728250655,-10.894906740249684,0.125
6,84.60762652241854,-18.46628454602185,0.1875
6,76.31633388434183,-7.452032225371295,0.0625
6,90.1129105766061,-29.923802034454095,0.3125
6,131.1915480709579,-99.8421497696776,1.0
6,125.8244360074655,-101.88761012588479,1.0
6,91.86350469036681,-44.80291108052922,0.5
6,86.41283567370137,-4.906464078016404,0.0625
6,80.70202929289721,-39.89944516589313,0.4375
6,138.74926283102673,-101.7747874665479,1.0
6,114.95783770698498,-101.2349835260031,1.0
6,114.56034123817074,-58.408699820249616,0.625
6,145.07564089768616,-100.73259642927852,1.0
6,77.59386383739016,-7.400590305816591,0.0625
6,97.55841301707922,-21.86897021123592,0.25
6,161.723985789695,-101.86706791564414,1.0
6,109.08657537843207,-91.50677671068702,0.9375
6,96.01734878380826,-77.85021568829899,0.8125
6,108.54279566461524,-83.15491884342076,0.875
6,95.70473512061847,-49.33040906513943,0.5625
6,98.02018754979407,-45.53706072329136,0.5
6,152.1959291180727,-100.13877110989978,1.0
6,136.3000802642749,-101.9873179535248,1.0
6,116.52469268143332,-75.75286221239698,0.8125
6,116.85860779446955,-83.53614489334859,0.875
6,125.96496841337739,-100.22631631480822,1.0
6,102.65242350727051,-51.21201296279161,0.5625
6,103.26062989280314,-50.65405726557559,0.5625
6,108.67184734485265,-78.56258199803277,0.8125
6,112.42043323571103,-61.89810769698297,0.6875
6,103.39373688727082,-55.36322485619643,0.625
6,103.46129388564927,-92.48580381474645,0.9375
6,109.77764623960469,-102.0065882816422,1.0
6,106.49604157422657,-78.71131597907085,0.8125
6,126.13014866786622,-68.47862084924465,0.75
6,148.4317782170938,-100.93346542628302,1.0
6,114.0509643156493,-85.57234242226613,0.875
6,76.25404614501272,-5.77480077390118,0.0625
6,94.59731623649263,-26.545073531901632,0.3125
6,105.19352457420706,-53.944446758894166,0.5625
6,132.30860457674154,-91.3496919456439,0.9375
6,87.81850122850008,-12.546111547542539,0.125
6,101.56285961049498,-25.64952466599824,0.3125
6,92.57490582318596,-17.542234271743112,0.1875
6,79.2663536233907,-11.995132569254563,0.125
6,117.54105109987536,-56.364759178357545,0.625
6,110.38891683171836,-85.26028597662719,0.875
6,102.18940585602851,-36.77186896992008,0.4375
6,83.19083599726545,-21.244586776302324,0.25
6,123.75952039293688,-100.1804289565277,1.0
6,118.06565171080156,-81.34165496636972,0.8125
6,74.16887600138409,-16.2809022499633,0.1875
6,81.32091932572271,-11.697759349730632,0.125
6,114.92281796496957,-100.79808214134138,1.0
6,147.740820125941,-100.30411230757835,1.0
6,132.43380312719052,-90.97972911550872,0.9375
6,83.87648372362179,-11.888549710363149,0.125
6,112.67794273862255,-85.31741298688577,0.875
6,78.52071651959452,-19.81399961124229,0.25
6,86.73865835497085,-10.874557799068635,0.125
6,101.01434636767274,-44.576324677179706,0.5
6,81.0580505934228,-11.470015937423002,0.125
6,123.24297152542695,-78.86586235827222,0.8125
6,115.23286250827928,-49.87140918726833,0.5625
6,74.91624914287948,-12.413490769209291,0.125
6,97.40022219681617,-46.01155354025147,0.5
6,92.1364978569866,-64.21765573688525,0.6875
6,147.58740480244148,-99.9218350761631,1.0
6,83.61424017960141,-9.019370321260777,0.125
6,130.53752899151348,-84.86727321972725,0.875
6,103.45833144251742,-70.11382149369332,0.75
6,123.53047602548335,-99.86807651935852,1.0
6,93.7892445391902,-35.408701094575044,0.375
6,92.6309208444698,-27.77999002218972,0.3125
6,105.63477066470877,-57.39862284977712,0.625
6,98.77871288235592,-25.88091575408262,0.3125
6,109.39876059374734,-37.080547307063526,0.4375
6,110.730134191759,-62.24353643578252,0.6875
6,105.3652438560427,-61.61115798807731,0.6875
6,97.88069742856374,-14.507124043877287,0.1875
6,124.42957011132859,-91.4028802324378,0.9375
6,101.45407353516266,-55.334297198250866,0.625
6,87.19869303723563,-40.294344618795535,0.4375
6,114.55708089192724,-84.08809100004372,0.875
6,78.92072590739615,-15.62800278652726,0.1875
6,107.10390008102506,-48.64341429034517,0.5625
6,136.61384141644987,-100.2642433242615,1.0
6,97.7569212471768,-78.0388993039849,0.8125
6,74.26672829986191,-10.919029201414235,0.125
6,100.82630526359253,-49.59343803079571,0.5625
6,124.64202404707952,-100.84688858848845,1.0
6,96.70813921111537,-30.673292625465393,0.375
6,128.7972439036794,-99.47220532697888,1.0
6,105.51529419840715,-49.428916713183064,0.5625
6,106.25509262521331,-65.66173933144124,0.6875
6,107.13043821646755,-83.84889800427294,0.875
6,132.43700160374678,-98.69694532039192,1.0
6,99.43180688946276,-30.174123864377695,0.375
6,108.71328934033487,-58.09377845183688,0.625
6,106.8467479687233,-76.66243519062718,0.8125
6,131.30599833876425,-103.3610732481542,1.0
6,88.2570326011615,-36.94559676086142,0.4375
6,132.3125961623861,-99.92629833585859,1.0
6,85.00672066635727,-32.94168345741186,0.375
6,107.20096345305676,-85.0515851854835,0.875
6,118.55620193209026,-70.488813990346,0.75
6,101.17614404201845,-14.809522197079202,0.1875
6,86.78527909776902,-23.59972342476849,0.25
6,106.91997182717847,-91.97773142748125,0.9375
6,155.6228850949519,-100.49487631186736,1.0
6,110.45074887551267,-38.321523469167225,0.4375
6,100.7095716251231,-43.36585185683252,0.5
6,92.29587770349485,-31.281460562525044,0.375
6,100.08046174106624,-64.46353587443834,0.6875
6,119.11551244565611,-99.82108334369426,1.0
6,154.1791182798682,-99.5891171580901,1.0
6,114.5282873792596,-84.30511390563642,0.875
6,109.46717389792187,-27.344656666238556,0.3125
6,123.90645788040126,-91.24878956109505,0.9375
6,90.76265759859787,-4.302249042878223,0.0625
6,114.0711654538316,-85.8774939648967,0.875
6,91.82380845454642,-37.02006384643847,0.4375
6,119.71559523985462,-99.08220830702457,1.0
6,89.37875890346449,-20.02415844180191,0.25
6,92.2910117492876,-61.72354343675557,0.6875
6,147.5308791647608,-99.59968665321767,1.0
6,73.16171857158234,-13.7732822049049,0.125
6,143.19886903179514,-99.44972493742195,1.0
6,112.94376723956563,-83.19198062768224,0.875
6,98.4682810176687,-58.04599342621256,0.625
6,105.67762225437455,-38.04067194306526,0.4375
6,77.97668222602256,-6.687696824934849,0.0625
6,87.24677373166614,-21.278724216510813,0.25
6,102.64203334610349,-29.172973903793775,0.3125
6,98.29478976832306,-62.45904550038987,0.6875
6,105.75899852360247,-26.80332459270871,0.3125
6,109.23652635199217,-70.11944204837778,0.75
6,98.21914667568609,-68.85417648091193,0.75
6,97.2026144978145,-48.90372174542462,0.5625
6,78.37776913359723,-16.604656026408808,0.1875
6,90.94401139902578,-26.70428902995457,0.3125
6,121.31848700355896,-82.8978930190194,0.875
6,132.7422113596901,-90.55887320629475,0.9375
6,124.98709850636493,-91.9316513052313,0.9375
6,112.36523572613328,-62.94886890147333,0.6875
6,108.43214534628183,-75.19149268063889,0.8125
6,98.09260282392658,-45.59146218458347,0.5
6,90.2110290755368,-37.42744244630496,0.4375
6,105.58301665069034,-91.27376169307078,0.9375
6,100.50282629767399,-32.70837854265979,0.375
6,103.12348007125831,-34.17017285721239,0.375
6,110.07957428803252,-69.92598151804255,0.75
6,100.23738691420093,-38.259126909032645,0.4375
6,132.36684528239553,-101.7699688999437,1.0
6,113.18152455947366,-61.6783846877224,0.6875
6,93.45468745602294,-30.693660124713034,0.375
6,127.74399939574579,-91.61205812937688,0.9375
6,130.72146223423456,-103.1075567033964,1.0
6,121.1500348544015,-70.29164825535399,0.75
6,135.66827303439527,-98.97067834713347,1.0
6,108.31480100327538,-43.78127998419422,0.5
6,90.09119247044872,-16.30831814480184,0.1875
6,98.00127005709736,-55.9545117865215,0.625
6,101.41257875539806,-75.96117260421057,0.8125
6,82.3292739886209,-37.13263496150963,0.4375
6,91.52664614021533,-39.6998520596671,0.4375
6,124.22978170227721,-82.99124675334107,0.875
6,88.4195434925221,-37.199097982827745,0.4375
6,104.34223334109282,-78.93153436860136,0.8125
6,90.91580354257883,-64.9444058426092,0.6875
6,88.80306773106588,-24.5967567424054,0.3125
6,93.10235676876802,-44.19372118619583,0.5
6,107.43900825382391,-91.93495828629678,0.9375
6,108.48791655901351,-90.5021870335742,0.9375
6,124.29473622565412,-98.42360588393099,1.0
6,114.86488964757322,-57.29354455720759,0.625
6,99.78553822107384,-49.96167158733998,0.5625
6,99.43177216399918,-45.34355790167163,0.5
6,105.16780807855402,-36.77994348570533,0.4375
6,108.7198076620455,-50.890955901392786,0.5625
6,117.26740670176423,-76.02106642672776,0.8125
6,88.66792326806102,-21.912209454803925,0.25
6,149.17779988456127,-102.053269782995,1.0
6,83.16469430417995,-16.693894551502442,0.1875
6,96.57888690200897,-44.34714170749946,0.5
6,100.76666202551851,-63.51401080330116,0.6875
6,116.20408277879292,-76.24301380042074,0.8125
6,78.94735069016868,-6.679550279715139,0.0625
6,79.02254935806873,-6.26936769918223,0.0625
6,102.02855591718732,-38.03246554071022,0.4375
6,108.74595552381221,-55.37514236938078,0.625
6,91.81061422967895,-14.775704181075419,0.1875
6,103.21526421706362,-70.24255729967511,0.75
6,95.00807094984509,-61.926207796022204,0.6875
6,91.07645496091482,-17.801796408005,0.1875
6,86.75817739199425,-19.318295099450307,0.1875
6,104.39594079021907,-77.47409190680004,0.8125
6,113.1194629611755,-83.10659495633762,0.875
6,70.11294575880781,-6.712047226633666,0.0625
6,90.67803636440132,-20.235602330292846,0.25
6,122.24993748299838,-93.39394597332182,0.9375
6,104.87514572312698,-48.72936246206091,0.5
6,108.8734866428596,-91.00780956739523,0.9375
6,96.18205758836046,-56.25067819970734,0.625
6,89.12976806440516,-76.8950845695127,0.8125
6,115.95063414901728,-82.92665353004934,0.875
6,84.97923443912097,-20.108091162788988,0.25
6,130.92961108680163,-92.80089415431304,0.9375
6,132.6687522558419,-99.29157732176962,1.0
6,82.268594370207,-31.20885386180745,0.375
6,100.90024488591891,-21.37500940652391,0.25
6,118.16510203698176,-85.65629335871952,0.875
6,146.50084341049504,-99.91472823332325,1.0
6,103.47392110190951,-44.667632721813646,0.5
6,85.42026045432759,-25.7975036720222,0.3125
6,99.84271602434916,-35.190956146696415,0.375
6,71.49612384050515,-6.1321409578414245,0.0625
6,111.92445268403742,-94.1606133796488,0.9375
6,90.84907270660563,-28.48724070421597,0.3125
6,110.84254641939289,-42.33966784567618,0.5
6,119.06522761861338,-84.28105380191906,0.875
6,88.21220524612433,-44.05687187785589,0.5
6,103.01272271585104,-69.36413557877326,0.75
6,107.34271894083318,-85.26432870042065,0.875
6,107.7065542444376,-71.0976816937802,0.75
6,121.07333619659411,-92.5516962257598,0.9375
6,130.38636080243282,-99.5862593676353,1.0
6,110.01081512932748,-83.95898998176897,0.875
6,125.02022912660837,-99.56522798912151,1.0
6,102.61071947296558,-58.875760372097375,0.625
6,86.27767172034862,-31.45889609161005,0.375
6,174.37820173469422,-100.89872067542272,1.0
6,95.18660051374034,-27.177514050634286,0.3125
6,98.33150004620241,-21.793782997778337,0.25
6,138.4210789078322,-100.37731910316197,1.0
6,89.47722067429102,-16.89894344410177,0.1875
6,152.91861010492832,-100.47781553030023,1.0
6,83.82967684097552,-11.77125446829588,0.125
6,89.08051649260952,-10.84873204922454,0.125
6,129.6325572241498,-91.95806996072687,0.9375
6,138.99425082011098,-100.0424092944793,1.0
6,102.70815889271552,-93.13640359179263,0.9375
6,98.4134795626828,-28.469219828375888,0.3125
6,108.47373191064634,-56.166615091750934,0.625
6,119.77169846021887,-68.57151069073893,0.75
6,105.93404059470836,-50.45616773540496,0.5625
6,132.3826495266396,-102.2962537339586,1.0
6,116.43956635556646,-101.70173388370934,1.0
6,103.4853354097073,-64.61023368773465,0.6875
6,88.89495617173971,-19.624526824727038,0.25
6,88.27924425226594,-20.37114212573704,0.25
6,133.66577548328436,-84.01709654541615,0.875
6,122.46409423092277,-99.72349777143252,1.0
6,127.47273039341263,-100.74568833671374,1.0
6,105.45431922503188,-51.11288488637254,0.5625
6,149.030525898736,-101.42546745075175,1.0
6,106.98270678785622,-83.44678481999314,0.875
6,78.73216361865104,-15.799289462947925,0.1875
6,139.70613231937924,-99.80933227438827,1.0
6,97.42680286271373,-12.806083646101975,0.125
6,105.98133750222631,-84.17098912853314,0.875
6,116.49263043221755,-83.83588463743571,0.875
6,79.71614618652028,-6.516257259955558,0.0625
6,101.92214744764223,-39.286114221389376,0.4375
6,102.04525570447245,-26.159412369352015,0.3125
6,107.9344878949554,-63.470870893357535,0.6875
6,160.19670089920456,-101.88210039631267,1.0
6,124.62421971466125,-98.74821202050161,1.0
6,93.58104609691155,-28.497910788070328,0.3125
6,84.85954319443717,-16.668963169115838,0.1875
6,116.06655326058029,-69.0536518526087,0.75
6,113.58989605659984,-82.88219253116037,0.875
6,118.88583562454436,-76.14744591747686,0.8125
6,100.46759382252853,-61.56901987402249,0.6875
6,106.28177089119775,-84.28232218627096,0.875
6,117.50543025615723,-90.30223685104585,0.9375
6,74.01811078662946,-11.222370801244912,0.125
6,99.25315644559876,-38.51885359370722,0.4375
6,82.04496906387156,-17.437420263474138,0.1875
6,109.32144862451831,-83.80831186820627,0.875
6,107.20008674568726,-83.42235421714658,0.875
6,83.4597780232045,-11.121859209115977,0.125
6,126.2848409705297,-99.55636044450837,1.0
6,107.05633653999602,-90.63759893342525,0.9375
6,91.22392988241457,-19.92387991972279,0.25
6,93.73777308843859,-55.89553649116971,0.625
6,119.97939303213782,-82.41648965551943,0.875
6,113.2236686608707,-86.09677230127318,0.875
6,82.26877367981018,-11.050847917191412,0.125
6,104.37921900277398,-50.4356514327254,0.5625
6,103.61394181591403,-61.559547885176826,0.6875
6,119.00452046742002,-94.14028858935636,0.9375
6,102.89934494353012,-42.741355337569104,0.5
6,130.7571971359241,-99.32394271345085,1.0
6,116.65453900211003,-101.15167925988256,1.0
6,95.92593516655874,-33.4261891740544,0.375
6,87.87187904267718,-37.90791025085276,0.4375
6,138.3110331193918,-102.88665139130495,1.0
6,107.61320902571244,-43.24311982566419,0.5
6,103.52436544680958,-75.67187187520148,0.8125
6,173.24933146677196,-100.99478317491898,1.0
6,131.63265570860864,-99.90045679283311,1.0
6,105.13636459437517,-55.93665998241344,0.625
6,86.42305377061307,-21.797631389063124,0.25
6,83.1040159288675,-22.413877165894505,0.25
6,91.13054012412664,-19.926758697451465,0.25
6,139.62442927926108,-100.23659072743692,1.0
6,84.84764063320283,-5.454268195316335,0.0625
6,106.47599312421183,-64.40612552501771,0.6875
6,108.39800439423921,-76.89498159111157,0.8125
6,112.8937926908649,-66.86121133078726,0.6875
6,122.32766688748661,-102.02152726879105,1.0
6,83.11978006545844,-11.777756532156832,0.125
6,80.2405953252836,-6.585113881867603,0.0625
6,111.01088362720215,-92.27856901098723,0.9375
6,117.48614054221025,-90.9254591979784,0.9375
6,108.36036920385035,-68.67669910657706,0.75
6,97.25194565661135,-51.84802089453282,0.5625
6,94.15356908793973,-27.926980275444517,0.3125
6,97.02705120966225,-16.80080672540017,0.1875
6,141.35799009050638,-99.35751015480916,1.0
6,96.4923887128352,-35.180042592214654,0.375
6,100.59703882944152,-39.07975991832834,0.4375
6,85.25290346525554,-15.460772977280008,0.1875
6,65.61386104267324,-6.578375642617612,0.0625
6,91.6748198583754,-55.148192985477316,0.625
6,96.10477324156747,-45.492163582924626,0.5
6,98.08472054819894,-76.04564811989962,0.8125
6,95.95386603395609,-55.74569057927273,0.625
6,101.10430620904228,-69.82492405402566,0.75
6,126.25386810633643,-99.1982279031916,1.0
6,117.45246579457303,-92.20004245607595,0.9375
6,90.48716845604724,-45.99770861524789,0.5
6,92.41172223173442,-5.366563194319408,0.0625
6,93.52888771234423,-26.339475101237753,0.3125
6,110.55997943054001,-83.0430185361226,0.875
6,125.34275260689176,-62.09584069829872,0.6875
6,100.42775973700444,-63.667135916029046,0.6875
6,150.22468063676553,-100.9509504407927,1.0
6,84.14178684616341,-21.88803591651581,0.25
6,82.04609972825189,-20.81531780047907,0.25
6,121.58206342892328,-90.52404929386124,0.9375
6,97.30908456548542,-10.651033243266486,0.125
6,90.0485299458633,-26.619046511687372,0.3125
6,134.16251486203114,-99.5627562327688,1.0
6,99.07190742643996,-70.03345343617417,0.75
6,111.18261275434959,-78.20044158111914,0.8125
6,102.82971701742242,-38.998445304795204,0.4375
6,142.80131998073205,-102.98965365038694,1.0
6,89.10456279781717,-14.611768161342354,0.1875
6,113.34116285775436,-76.97541080375629,0.8125
6,101.2082666502375,-44.260448670186605,0.5
6,86.37020610896506,-32.109963535066676,0.375
6,135.16364273051994,-100.66366567266351,1.0
6,132.34904914485404,-100.60064637346022,1.0
6,113.85839523359425,-92.35446385301641,0.9375
6,124.29969594766757,-68.8786911395098,0.75
6,99.74895285409146,-32.68473229527912,0.375
6,97.79742341453064,-28.7975455053357,0.3125
6,84.79287152587789,-10.180712030190602,0.125
6,68.64366603190662,-7.2416835283688785,0.0625
6,87.24772526050863,-27.646622380311893,0.3125
6,104.16096350385908,-36.757037920499265,0.4375
6,128.0444158543965,-98.88510911751463,1.0
6,78.36717620950239,-5.163403084214575,0.0625
6,103.37969380318148,-90.50932935769617,0.875
6,106.38430219982966,-36.29511071144929,0.4375
6,117.41525475998868,-75.7992827475092,0.8125
6,117.65776769817451,-84.79171151139712,0.875
6,152.67012702539247,-101.22861143193194,1.0
6,79.75555433757428,-41.18190111351983,0.4375
6,81.30220158605115,-15.254493233360625,0.1875
6,116.12348795041389,-62.43940749064482,0.6875
6,106.33748376337478,-76.44028227665363,0.8125
6,97.92109036200598,-49.26227651057078,0.5625
6,91.75081852331877,-46.199448961961366,0.5
6,81.88375021678132,-11.037272333092961,0.125
6,86.40860896092961,-40.9862198352772,0.4375
6,116.6358135411245,-83.12178578895394,0.875
6,96.86097034769823,-44.745486140362004,0.5
6,145.05965500509393,-101.16740131314843,1.0
6,80.53668820711499,-5.882069459510432,0.0625
6,106.4947127450962,-92.01175865714126,0.9375
6,182.58647374238018,-102.51095524864144,1.0
6,123.49659327394814,-86.87542693951542,0.875
6,118.31681146047053,-91.99922527113368,0.9375
6,109.92512334348328,-87.32053992664162,0.875
6,100.59202779376352,-49.1364359876018,0.5625
6,114.87360715945181,-76.6852518969096,0.8125
6,132.66607563827787,-99.42013142018935,1.0
6,149.47953227489992,-100.25145842089056,1.0
6,100.18565882528394,-69.18101312875011,0.75
6,79.41176523547796,-4.925158247603319,0.0625
6,89.206453484521,-26.401581395077933,0.3125
6,124.06918561840732,-91.90789969294865,0.9375
6,106.97393034496689,-62.621653710027864,0.6875
6,92.13477994215278,-35.516459088339815,0.375
6,118.4450749597634,-98.52369010611832,1.0
6,99.36139495815677,-38.065016305611685,0.4375
6,100.52024148370211,-48.938934466200195,0.5625
6,103.80184062754934,-36.51041110677178,0.4375
6,92.81106751157799,-45.50236922373145,0.5
6,127.3374155532173,-90.75028818423337,0.9375
6,103.50113592169541,-92.58632799390212,0.9375
6,99.75279802294342,-30.237117054147557,0.375
6,107.97159449707155,-83.04958417002653,0.875
6,121.75364395712857,-78.49900328845644,0.8125
6,98.99452871353185,-15.995975534447602,0.1875
6,109.03965458873523,-44.119029738412706,0.5
6,85.92457942434518,-33.03540946145874,0.375
6,99.86857509321189,-24.800186054396587,0.3125
6,94.64166040293817,-11.374300520369072,0.125
6,90.53751633320071,-21.021583123457052,0.25
6,83.25569840851082,-13.751927762408263,0.125
6,106.50665803749749,-61.31308141156015,0.6875
6,116.05831733405726,-64.77623574220924,0.6875
6,101.24953064609919,-43.83089613424692,0.5
6,143.24413873971525,-98.79429579175306,1.0
6,97.46444583912773,-45.61570966892839,0.5
6,125.41300081826323,-90.81950171245309,0.9375
6,74.0450705471947,-7.392462187701311,0.0625
6,99.57179740586682,-82.95151586148678,0.875
6,86.81134685689271,-11.45825290543509,0.125
6,124.66947920207743,-91.27368612118958,0.9375
6,108.72174151782224,-70.29556693208099,0.75
6,152.3507732511484,-100.88103579840697,1.0
6,91.86655638679515,-31.24347116622184,0.375
6,102.79401500792846,-44.25934121854589,0.5
6,99.38418152728686,-36.9056857106917,0.4375
6,107.12276847629258,-86.50514354692537,0.875
6,100.85886722315263,-48.500478873304,0.5625
6,116.1198892723454,-69.64773721092673,0.75
6,160.18025926133691,-100.53706683719052,1.0
6,137.2469478616945,-90.8495889059558,0.9375
6,130.80637604064404,-99.85486694352943,1.0
6,120.45622862792389,-92.38301123042231,0.9375
6,74.00100931448563,-7.603869994061845,0.0625
6,98.75562953739296,-62.32867780553644,0.6875
6,154.55861457200177,-100.01468727688227,1.0
6,88.31638597326356,-30.89419635569532,0.3125
6,108.81775096080304,-76.02526766801141,0.8125
6,101.68161823685028,-27.285626178883685,0.3125
6,107.45093405982968,-99.54839533312223,1.0
6,93.64957776241947,-39.98566017648866,0.4375
6,139.87842159230757,-102.81327650038729,1.0
6,117.57397741662294,-99.19846717946679,1.0
6,100.74188781269461,-63.594488255252465,0.6875
6,99.15969893824973,-26.81412695888646,0.3125
6,109.62374610946985,-76.6970852647584,0.8125
6,88.78627399393676,-21.94892084457057,0.25
6,148.74235634463005,-99.77005003471749,1.0
6,126.01670468335206,-99.77108983415482,1.0
6,98.5154300214338,-27.547891536299304,0.3125
6,111.44780839977888,-92.40171064609011,0.9375
6,122.4010366232894,-83.28833830333063,0.875
6,89.69826291272739,-57.51776777699048,0.625
6,108.14461703023382,-64.19378640988575,0.6875
6,92.69680218122751,-19.65625752929791,0.25
6,99.41079272345948,-20.443126107114306,0.25
6,90.3722157832236,-54.788594743714604,0.5625
6,126.89994989264288,-100.07677695757901,1.0
6,131.83929678253784,-91.77499959376189,0.9375
6,118.73690315671898,-91.1875562531423,0.9375
6,82.85237397638609,-31.754933906960577,0.375
6,96.09684544942638,-4.9730753632357425,0.0625
6,106.86895706765185,-48.42059444904792,0.5625
6,128.11519262495074,-91.72273258071738,0.9375
6,100.65353303281535,-50.22169091292032,0.5625
6,93.43708030912822,-58.39103684609558,0.625
6,81.13488476900905,-11.405674133075852,0.125
6,104.7260329122742,-50.33891033700869,0.5625
6,84.11126431521501,-28.59717870587158,0.3125
6,99.72564228482015,-55.70518350819974,0.625
6,114.20495725448419,-83.13766938431203,0.875
6,97.52977407335152,-33.45920685862435,0.375
6,107.16632122526264,-47.027285852250735,0.5
6,93.48319157794488,-21.95547556613732,0.25
6,119.12960946901543,-91.27688572552233,0.9375
6,114.64714094728996,-61.86366448628556,0.6875
6,74.68288116951905,-6.720796941419661,0.0625
6,133.10438234033916,-90.71704680092661,0.9375
6,64.23025402192425,-15.599238535350981,0.125
6,104.28675808034131,-84.62249758174839,0.875
6,82.23960716409981,-16.202864513527267,0.1875
6,114.35859492069586,-90.38489017072347,0.9375
6,118.53254857466177,-102.82959556710179,1.0
6,115.47988842755632,-98.48193920821879,1.0
6,85.869743357611,-19.949956528115624,0.25
6,97.53008779411488,-30.817893255360946,0.375
6,73.57423682833519,-5.078608977174126,0.0625
6,105.64446838816717,-90.28466969875974,0.9375
6,111.98768270133496,-90.64928273105572,0.9375
6,132.3237219449756,-101.76397550263596,1.0
6,94.38025314027875,-61.43374150956879,0.6875
6,70.79107540616474,-6.780871975758232,0.0625
6,97.73292916339605,-47.44917771435855,0.5
6,92.02155773789221,-46.44363327141389,0.5
6,101.77201561156409,-53.010289059731605,0.5625
6,96.72824225254416,-45.016133869684076,0.5
6,105.28001117224237,-51.197345387333534,0.5625
6,104.43684253217546,-44.97327174547297,0.5
6,97.95339483752973,-68.38163762251534,0.75
6,125.74638831132864,-90.6033833902472,0.9375
6,90.97024741724124,-36.38082077124079,0.4375
6,129.22359177632313,-100.51929439131055,1.0
6,88.73310418460119,-42.62843639135753,0.5
6,87.03375252467748,-11.93859185998183,0.125
6,93.68175842273179,-26.869140186171,0.3125
6,91.80591787692465,-37.96677064924395,0.4375
6,109.13268451278995,-92.77439256396654,0.9375
6,115.19236133679797,-62.903794563830886,0.6875
6,111.04366913151651,-78.99898237627234,0.8125
6,89.68962312020314,-16.847437278795173,0.1875
6,112.92845257958317,-92.94825892255714,0.9375
6,99.20291039649865,-92.95675111116165,0.9375
6,91.92299329055788,-12.51999533392489,0.125
6,105.94682961531068,-82.1603588871895,0.875
6,102.77939749474983,-63.65319535838309,0.6875
6,117.81054549422679,-100.36455185658522,1.0
6,64.4962616630101,-13.158343688446116,0.125
6,99.2667486182332,-63.013396542575705,0.6875
6,112.17817775553831,-69.70342327397547,0.75
6,91.3582200162476,-49.67224951387973,0.5625
6,98.65410774291401,-27.02362128459751,0.3125
6,106.58866845242561,-68.76483957044623,0.75
6,97.54172648575066,-37.30833447864007,0.4375
6,110.68513199136328,-90.6872580973704,0.9375
6,132.00542550659725,-99.49908284034365,1.0
6,105.47172131538962,-61.63676564913184,0.6875
6,86.31804595621689,-15.06017258632981,0.1875
6,86.52039062832961,-69.64515522190663,0.75
6,97.02420358493654,-10.30867398451163,0.125
6,148.77404842729027,-102.77480884946142,1.0
6,135.84429203691798,-100.29784793692974,1.0
6,123.52403494537458,-93.59046526296808,0.9375
6,105.13909980498907,-76.03711526601948,0.8125
6,106.053502206459,-69.05817129280831,0.75
6,131.04259957015293,-92.06187979418578,0.9375
6,83.64317881656224,-16.79537732478681,0.1875
6,109.0334322091245,-61.317119892873706,0.6875
6,81.7559729420687,-11.82218486358451,0.125
6,118.02180082727875,-93.71594880828242,0.9375
6,127.80451337597687,-92.40887587548788,0.9375
6,121.83412830820856,-78.28698803189265,0.8125
6,112.43791098484681,-100.59094114525828,1.0
6,143.80560661725627,-91.09915500542597,0.9375
6,88.53928223881937,-12.640112555522645,0.125
6,87.8538602669404,-12.337999184877283,0.125
6,91.90978631675281,-46.40423990761561,0.5
6,111.76512101347909,-91.12285257407986,0.9375
6,131.46392366326566,-99.71418378561869,1.0
6,86.88352690193656,-26.252124996428094,0.3125
6,119.01612576115697,-91.7114032897732,0.9375
6,120.87788915710382,-100.42966422970315,1.0
6,95.9209077068063,-69.90381760878681,0.75
6,87.1077491745876,-42.48152560678722,0.5
6,127.65350578717542,-90.84864486626392,0.9375
6,127.32798951244861,-91.3406609815801,0.9375
6,113.74901370636672,-56.903113388963156,0.625
6,123.04895644627167,-82.49256888455942,0.875
6,88.05573682775749,-15.863955898500778,0.1875
6,96.52058983388379,-71.68422994676467,0.75
6,116.41619753837114,-83.22283282654169,0.875
6,155.81398323262806,-102.25612718713627,1.0
6,108.92071105694352,-26.263451576394843,0.3125
6,106.80347578030005,-78.5761949209924,0.8125
6,113.28196352699487,-90.17809681627408,0.9375
6,71.4488584620438,-13.398687382746925,0.125
6,93.6312112661074,-57.354121840911304,0.625
6,79.46707258339185,-12.880797810514844,0.125
6,121.15973288679113,-91.57805346369616,0.9375
6,128.11141598539038,-100.82575800481685,1.0
6,124.72645486911573,-84.24877406611796,0.875
6,92.71362440458898,-31.312031579939504,0.375
6,96.11383700077413,-32.64238399891679,0.375
6,114.55841226398408,-92.86428203680568,0.9375
6,106.27797686487712,-25.445254635167437,0.3125
6,115.4246758266972,-77.28627332206048,0.8125
6,108.46835797312812,-68.9577119368785,0.75
6,86.92460637733252,-9.237824383404226,0.125
6,94.25750239245619,-42.56970916839972,0.5
6,122.79138769629834,-91.75635549653174,0.9375
6,110.11781617492254,-61.48291559582311,0.6875
6,107.15816375173095,-85.50967031685956,0.875
6,88.12165036410565,-37.548683852154724,0.4375
6,113.36458213926804,-83.35761083218041,0.875
6,100.70321877631135,-49.562125569598706,0.5625
6,98.76900306838533,-64.63027586114504,0.6875
6,92.76415451749315,-62.71227558283494,0.6875
6,90.5990769056467,-25.564729183519887,0.3125
6,100.56933798245265,-79.55647120748301,0.8125
6,99.17501716630944,-78.33345630683404,0.8125
6,108.77632556958076,-78.04099852547165,0.8125
6,119.89065949686855,-99.17566082374232,1.0
6,125.24387355848118,-99.28977095496637,1.0
6,107.25308624508489,-45.96223753731214,0.5
6,123.17002451807733,-76.19278635723977,0.8125
6,99.61294726052341,-44.72250811480995,0.5
6,92.56004952262468,-49.75732367830577,0.5625
6,117.27773919435931,-101.66889448170338,1.0
6,111.7619151457764,-79.0984482091037,0.8125
6,114.52551782024535,-103.75316233933174,1.0
6,86.47385771387583,-21.690515537490246,0.25
6,104.68642982037115,-82.71370011066105,0.875
6,120.22358088530073,-75.62708297946246,0.8125
6,114.49496416170174,-76.04183063183913,0.8125
6,74.22136649248058,-6.159777464212601,0.0625
6,69.29367934887502,-13.376910283172673,0.125
6,122.77652705655329,-56.61183084847392,0.625
6,104.66717031719226,-84.86414331385348,0.875
6,120.79099466997421,-84.80086547998116,0.875
6,95.99862363314926,-31.889904893190568,0.3125
6,104.29501200528424,-50.516578977814646,0.5625
6,117.65874376114004,-65.25439220642909,0.6875
6,101.11797919446734,-77.40766241771456,0.8125
6,73.96007716214886,-6.084086182052635,0.0625
6,116.28312490481069,-92.07772153645853,0.9375
6,92.62136831873453,-51.777049915372444,0.5625
6,88.63996751396054,-37.840175175243296,0.4375
6,129.73160328582333,-91.14125791268773,0.9375
6,131.4885445919396,-100.28521918814522,1.0
6,66.11483183273353,-14.76240448305066,0.125
6,95.33444077357814,-37.38296457430081,0.4375
6,135.4953231361758,-101.54837887409337,1.0
6,113.39288667074337,-49.88426205404942,0.5625
6,118.63942908499709,-92.56872020369346,0.9375
6,115.75863048135359,-91.1216573827272,0.9375
6,113.13945921942572,-78.03126943039368,0.8125
6,98.31065029132373,-51.76730787396743,0.5625
6,116.19157871618751,-83.76435144002774,0.875
6,124.00567344827597,-91.43856358878305,0.9375
6,91.86481325261579,-25.7867150956433,0.3125
6,108.65506427142107,-90.3854373134215,0.9375
6,105.26454595741075,-63.58140116592803,0.6875
6,124.89596323977634,-91.42658004490086,0.9375
6,82.89821775164584,-12.712875113711396,0.125
6,103.40519038934583,-37.17651135143144,0.375
6,81.78211194937666,-6.790859909274646,0.0625
6,100.98291814406586,-49.74450419627447,0.5625
6,76.23991094246027,-12.940510429241938,0.125
6,120.7516861187973,-92.91886966024046,0.9375
6,109.35186458745174,-84.70264241170196,0.875
6,103.55604708474095,-40.20018419843337,0.4375
6,135.16518635525924,-102.60469233359727,1.0
6,108.47946445053161,-92.3716883860554,0.9375
6,89.02553556847936,-49.90572166867818,0.5625
6,73.75415604916873,-7.620550145356499,0.0625
6,111.30044991377473,-63.282734963869665,0.6875
6,109.05763380299848,-71.50950751053523,0.75
6,118.31325728028065,-100.87065952155606,1.0
6,76.10046797544172,-5.578005455819698,0.0625
6,120.93064983258459,-85.16521895767853,0.875
6,110.35153759325196,-83.81968021870591,0.875
6,89.69087196179687,-16.019149907510183,0.1875
6,149.9921885964332,-100.95055266126198,1.0
6,127.40491008391854,-83.23554770195796,0.875
6,122.0113400127927,-99.51168428841986,1.0
6,111.53497583621012,-91.740449359982,0.9375
6,95.63164492808252,-70.23362189977836,0.75
6,107.94213885500893,-63.01843057426378,0.6875
6,113.27785269538766,-99.12247480744723,1.0
6,91.7467787527819,-55.44631071383901,0.625
6,121.00551302014257,-75.40295743785354,0.8125
6,97.73551703790953,-43.79337061508562,0.5
6,88.20646595156173,-4.585646667195097,0.0625
6,85.25309367178463,-14.115792497326357,0.1875
6,115.28097756759183,-91.07926237152515,0.9375
6,80.99658881140932,-20.286445864743236,0.25
6,114.94853525864175,-89.9508602638895,0.9375
6,160.6614824336576,-103.37440863832022,1.0
6,111.41993635872522,-75.5204608222425,0.8125
6,73.5545812495017,-5.697202569839567,0.0625
6,97.35848007166733,-16.477602346018465,0.1875
6,80.67335703843288,-5.979073288247124,0.0625
6,122.287432852016,-75.50459301225794,0.8125
6,106.2534607488183,-57.83441347800246,0.625
6,109.68838692626781,-49.053420557478184,0.5625
6,105.36852725869575,-63.33232870117572,0.6875
6,105.2567738382961,-77.29215933966059,0.8125
6,94.27569788994981,-39.216855458346004,0.4375
6,120.84626067261264,-90.76691794084513,0.9375
6,87.9866577236623,-4.331568202747241,0.0625
6,135.31857798611767,-100.10758627084853,1.0
6,113.0837916590557,-65.40029369672193,0.6875
6,76.65926194967253,-14.558060512092847,0.125
6,114.20687794308155,-84.84319180250824,0.875
6,94.65612218280958,-50.06043782316357,0.5625
6,97.09095201140195,-69.98654701678048,0.75
6,99.15311376914252,-26.394879405545066,0.3125
6,121.35110505716322,-92.36628968258182,0.9375
6,118.45517453665305,-90.78989427363075,0.9375
6,110.56614983071688,-75.7813675138798,0.8125
6,129.25934920872317,-98.86874024679034,1.0
6,127.0416123488872,-102.45398155147006,1.0
6,111.34383395205991,-76.61430974363931,0.8125
6,67.92134994532067,-12.888316140960816,0.125
6,92.0338768628025,-26.23557324256101,0.3125
6,142.49042156361776,-91.37464034683543,0.9375
6,108.78190935467286,-83.27684542789326,0.875
6,87.92214023033158,-20.625558274353114,0.25
6,107.74402492949382,-49.3058558153709,0.5625
6,92.25590827443673,-43.58984532019807,0.5
6,99.72361189141402,-26.334774844934163,0.3125
6,99.8669177042821,-56.462223629680345,0.625
6,94.44985627421106,-33.02641751087699,0.375
6,133.03511916964013,-83.11152660749337,0.875
6,84.62764950169996,-19.949352001054432,0.25
6,93.34309760066496,-10.857648694770816,0.125
6,92.79669580442243,-37.63458768426228,0.4375
6,104.07570736866536,-64.64407401281885,0.6875
6,114.9369255651292,-91.74871414001417,0.9375
6,94.57813083696959,-37.17064922996188,0.4375
6,129.2374141799151,-99.01046396905672,1.0
6,107.15407570455902,-55.58878643786105,0.625
6,79.82021431514325,-10.617446312845722,0.125
6,121.87038995110937,-85.04098007677639,0.875
6,125.00365518218308,-91.41276309267472,0.9375
6,114.18081450167344,-71.88901706532367,0.75
6,89.00044028378325,-27.039484961692047,0.3125
6,117.56732792518194,-85.43712379759715,0.875
6,70.02667425418448,-7.119944685598413,0.0625
6,137.07199359826555,-82.860262673442,0.875
6,73.35409822111971,-5.552351969340822,0.0625
6,119.25436684889456,-82.95425554753123,0.875
6,98.87360068865785,-58.16104021409197,0.625
6,130.17608029270866,-99.56002350239592,1.0
6,113.69670921379587,-90.82631213108526,0.9375
6,106.24990788383953,-38.513019379519015,0.4375
6,105.58586276021926,-76.26593891793661,0.8125
6,125.07776895028388,-99.61405217266223,1.0
6,148.12760262495993,-100.21284437009578,1.0
6,87.83145736894288,-38.972668063994355,0.4375
6,107.8569032413918,-90.49265683426594,0.9375
6,120.30247854956255,-77.92108416205573,0.8125
6,147.6222166171976,-100.23515313418308,1.0
6,98.5360449042542,-46.93799929953363,0.5
6,153.73806445204073,-102.76117015290362,1.0
6,134.1652927406486,-99.19461656239984,1.0
6,107.05292018033327,-76.69318844588024,0.8125
6,92.8457543983598,-14.10126083663149,0.1875
6,113.50413431829891,-55.52326306964522,0.625
6,115.07031183755043,-101.34444727438206,1.0
6,132.18915625205943,-100.35773783404181,1.0
6,79.95900683136537,-13.713633127024027,0.1875
6,147.73006864657984,-101.88397382513362,1.0
6,114.89992160264033,-101.0772666037001,1.0
6,130.4238091285742,-99.59989598243907,1.0
6,90.78062910665146,-25.167025612890047,0.3125
6,113.61031790232441,-99.3793655314206,1.0
6,102.89178763793834,-39.20731830848778,0.4375
6,109.79135140702678,-82.42428761255539,0.875
6,99.3811485264317,-36.80977194744719,0.4375
6,100.15190242211712,-24.4720270303259,0.3125
6,97.5412417000425,-49.282998756834495,0.5625
6,123.06235574198507,-100.07176750027946,1.0
6,85.90482050797453,-5.2531662754886295,0.0625
6,113.6909051198739,-50.22048439948484,0.5625
6,137.76047194166185,-100.79258879845393,1.0
6,89.93508106567553,-12.911029771997214,0.125
6,88.79194435440402,-76.05240787815276,0.8125
6,102.9696784640678,-63.95808171820108,0.6875
6,104.32747076204431,-94.2582002645892,0.9375
6,120.65034342952892,-62.61291862619202,0.6875
6,113.99817069485559,-49.25235606158699,0.5625
6,131.73151525648308,-98.59380145873665,1.0
7,103.71200835659813,-70.54016848559637,0.75
7,91.60134089378636,-5.296157926406695,0.0625
7,101.27943923279159,-33.913557235861745,0.375
7,125.97635140708545,-99.41398058843343,1.0
7,165.37102464253655,-100.44164345197191,1.0
7,125.88361987774826,-90.51623259542242,0.9375
7,109.12717861110059,-70.08256764578861,0.75
7,84.3713332750156,-11.920536387109518,0.125
7,99.5074601024017,-71.04896665049621,0.75
7,148.6838158645783,-100.47242316520958,1.0
7,106.10658185498387,-46.166706893502926,0.5
7,101.69957931928626,-4.288605393872234,0.0625
7,92.33017542849046,-4.8117615655731525,0.0625
7,100.4934909112649,-38.00147039438941,0.4375
7,127.52021956935337,-100.39946986647264,1.0
7,63.28736307961462,-6.866803386102113,0.0625
7,93.74522107046312,-25.428454432085644,0.3125
7,122.50318628845503,-101.8242553437271,1.0
7,108.10836107460551,-86.37505405830446,0.875
7,92.62359473546375,-25.58057505852199,0.3125
7,127.60861946421565,-99.72114295542639,1.0
7,88.11637116035502,-4.502938763611477,0.0625
7,118.99535868966271,-80.03469474090672,0.8125
7,113.076748263096,-104.1326028138846,1.0
7,97.2578338682563,-66.11437826112929,0.6875
7,91.3605146438604,-43.711536878074895,0.5
7,105.1339134157342,-81.94137498313214,0.8125
7,122.36860690828786,-102.58881170232183,1.0
7,99.60548990520877,-70.8194534165738,0.75
7,108.45571723692609,-64.32190657580664,0.6875
7,83.83227453662413,-4.826802815183743,0.0625
7,95.68064191767176,-28.327773223267243,0.3125
7,96.45748998268792,-20.994008125109744,0.25
7,137.79200204625513,-99.5929198869439,1.0
7,104.48266373029043,-70.94325102778484,0.75
7,77.22806005078759,-3.7969300879290944,0.0625
7,124.88104090583643,-90.4550292697801,0.9375
7,128.45812213191726,-99.55219234760372,1.0
7,104.9113397783118,-52.224302988465006,0.5625
7,118.8832045639427,-93.04311907745776,0.9375
7,92.28719957297542,-10.244920254208719,0.125
7,138.34752115940933,-101.58876081743524,1.0
7,92.65109002088245,-63.04609907134436,0.6875
7,181.8031161008845,-99.58874109453907,1.0
7,73.99400387032615,-6.837513818839158,0.0625
7,145.11758187221247,-98.74349031689222,1.0
7,167.55026290733792,-101.53469600836713,1.0
7,165.34373783351197,-102.63119118502449,1.0
7,124.02212875666248,-100.86615784270955,1.0
7,76.55690007093109,-7.011267741056038,0.0625
7,86.06217638187807,-12.191156116996318,0.125
7,87.43131147919436,-4.843407735448885,0.0625
7,76.3717613376508,-6.285077087683515,0.0625
7,127.7688487444092,-100.51164986448653,1.0
7,116.11619667515596,-85.38639482061059,0.875
7,115.66242959306736,-51.39193043929818,0.5625
7,113.9548855466519,-90.06696323654364,0.9375
7,129.00658741548025,-100.521959044765,1.0
7,112.14661198618252,-77.16658952258969,0.8125
7,131.8944463528045,-99.65624852326617,1.0
7,78.76836038590194,-5.438641469766522,0.0625
7,86.76938006582894,-5.52080854249088,0.0625
7,100.65770507863587,-63.85465321438345,0.6875
7,119.65866887168026,-92.61174416673705,0.9375
7,74.48588453169226,-5.068338751589035,0.0625
7,81.64980985319356,-6.6423384797743825,0.0625
7,125.41471766270571,-92.66528739631269,0.9375
7,143.06105588080786,-100.35155722868768,1.0
7,86.35402734461852,-3.649257146734589,0.0625
7,120.04395158181167,-101.37837031531944,1.0
7,118.4279414291923,-70.90881672978843,0.75
7,126.0335370895604,-100.47308505591073,1.0
7,131.27132250828956,-77.99608338940664,0.8125
7,89.5436637214141,-6.311348345649672,0.0625
7,78.7127042428888,-4.939022402690285,0.0625
7,111.89686692207847,-91.7876901844639,0.9375
7,104.15173629116072,-55.837237504527316,0.625
7,143.23833851285644,-103.18573170142645,1.0
7,87.03510613254822,-21.97570901500647,0.25
7,137.85413761592437,-102.92463195017405,1.0
7,97.1356943615652,-71.95711211036868,0.75
7,88.38914108824927,-27.883395578298323,0.3125
7,90.61863328852063,-32.45179053086352,0.375
7,99.45010877667909,-41.38861207288217,0.4375
7,108.03595382171338,-93.29386221523872,0.9375
7,108.02639285595559,-64.73701063258129,0.6875
7,138.48315133236733,-92.15682423440552,0.9375
7,109.5304636708794,-92.42925027189844,0.9375
7,98.48805956618195,-33.45353658430235,0.375
7,111.86030375781914,-84.8441460685371,0.875
7,137.98329121975064,-101.55349871510377,1.0
7,87.00587277178195,-14.33781785568587,0.1875
7,90.96603819338613,-38.744750081236496,0.4375
7,150.30237535398487,-103.29732282345512,1.0
7,70.87249049866044,-7.801997228317698,0.0625
7,101.70902179590027,-46.0263747970549,0.5
7,111.22218627513041,-82.32642828676683,0.875
7,138.70107491156318,-92.00653485845744,0.9375
7,126.38877914529887,-101.3903216688133,1.0
7,100.80547564740388,-38.38220058900357,0.4375
7,90.90832653662288,-10.555206614867878,0.125
7,120.48150500984734,-100.60300571375363,1.0
7,77.91355865206229,-7.11446224911673,0.0625
7,103.47224411202833,-101.58155398204146,1.0
7,90.43882154408283,-15.100060746211206,0.1875
7,81.57928534781664,-12.641926583203634,0.125
7,101.78655424112826,-40.239594515038284,0.4375
7,111.19880317060746,-92.09332743841645,0.9375
7,105.00712583164974,-39.26514536787397,0.375
7,94.89639351244529,-27.058466579614116,0.3125
7,125.71805993650177,-101.65388325966182,1.0
7,134.99770304131204,-91.38979082025908,0.9375
7,115.81174622900956,-78.65069028741054,0.8125
7,115.36409507522502,-76.1575247653141,0.8125
7,99.48396545868631,-68.81865589248045,0.75
7,106.73941679895536,-81.50998560990779,0.8125
7,109.32821599281233,-94.71720904039925,0.9375
7,100.99185309270653,-43.21113715812742,0.5
7,113.68565741250731,-100.66296273430669,1.0
7,119.94349272424849,-92.90845133588921,0.9375
7,106.7627758327334,-80.76424338410825,0.8125
7,86.24042319275844,-47.32418908225817,0.5
7,114.05217571465684,-99.22548826453716,1.0
7,116.32656151050851,-92.51055642718765,0.9375
7,82.89310904557665,-6.0043323086956555,0.0625
7,111.06407854487172,-49.24077312621849,0.5625
7,85.14860723000905,-19.248513353237716,0.1875
7,84.8916237665002,-10.221853194966256,0.125
7,147.96719481681825,-100.05391698291243,1.0
7,132.3700684363055,-100.26314273247807,1.0
7,121.07335627709226,-91.16143307391359,0.9375
7,89.92417482321466,-22.293470167147127,0.25
7,112.07244269532164,-51.59852773925245,0.5625
7,80.12684635533076,-5.432747727637649,0.0625
7,130.17448332577246,-90.43061226191384,0.9375
7,88.89596903394028,-25.887362685742545,0.3125
7,93.19656091214813,-14.253913968165772,0.1875
7,122.23343956975992,-94.22752211989193,0.9375
7,113.45693441520251,-76.93875949353661,0.8125
7,129.47324644436662,-99.54942339978108,1.0
7,122.12191125159124,-91.4664249605038,0.9375
7,127.87860877574413,-101.42892355168573,1.0
7,119.88619974496962,-62.26951662890379,0.6875
7,108.55749637614565,-90.90373853499999,0.9375
7,116.47445731929828,-98.8991516175119,1.0
7,97.59498929021314,-38.9502615252841,0.4375
7,113.00168562279404,-69.15198744651904,0.75
7,81.67393888894804,-14.642672829964358,0.125
7,71.20931613019113,-5.960181304190802,0.0625
7,113.85469509165671,-93.09867696640724,0.9375
7,133.18827711232896,-102.1516129504504,1.0
7,114.09403672413514,-64.17126931233845,0.6875
7,103.44623034058147,-76.43669593629046,0.8125
7,111.17885375439542,-87.7885066878312,0.875
7,139.00636751704113,-98.55094564580087,1.0
7,98.23861066541981,-64.27751632829805,0.6875
7,128.6210710190523,-90.90567656708177,0.9375
7,86.1290640389329,-5.800082391905771,0.0625
7,120.77506433459078,-100.2141130119249,1.0
7,105.04882490902799,-79.82765154013043,0.8125
7,90.80179894259737,-12.581115252756456,0.125
7,106.64457494502793,-33.580042868577245,0.375
7,111.83225964014024,-82.68086823292782,0.875
7,94.53471375927795,-19.679125340365296,0.25
7,126.00171519653934,-75.76032921974732,0.8125
7,106.78492775282156,-57.142942510335004,0.625
7,76.09907684947574,-12.949954864963392,0.125
7,105.93382109449682,-86.22658514119863,0.875
7,106.231323019726,-68.88484623264252,0.75
7,111.59728265858216,-65.82911462752587,0.6875
7,90.61863528809442,-39.1838842970746,0.4375
7,100.131585223544,-85.61849893415786,0.875
7,85.45942290894727,-21.003582495822226,0.25
7,80.56912670396564,-38.33024343946011,0.4375
7,93.7880348455453,-50.48747979686968,0.5625
7,120.53559241537815,-91.39094024762535,0.9375
7,78.74676685301415,-5.224202417417231,0.0625
7,109.08180333513397,-56.273489975410634,0.625
7,80.62496041611602,-11.10027637952922,0.125
7,105.93800106399647,-84.8148221845351,0.875
7,164.62519027461346,-99.59037160537106,1.0
7,126.3403737622901,-99.64853599366246,1.0
7,93.76291031614883,-56.23936479381995,0.625
7,95.84591393834708,-10.523404742644718,0.125
7,134.23749318556654,-99.36409726795392,1.0
7,126.26254157412575,-103.552335656213,1.0
7,83.49250757681406,-7.455863256188859,0.0625
7,98.2437268372734,-52.599565697227064,0.5625
7,93.27859166690482,-30.02865661279516,0.3125
7,115.35419313259361,-76.83940422067228,0.8125
7,143.63870719485672,-99.62134594984515,1.0
7,125.54586104525174,-90.96468655667802,0.9375
7,113.20610813883259,-64.77158291262536,0.6875
7,103.70371809048218,-80.48063862064541,0.8125
7,121.37988720045878,-100.39871789017683,1.0
7,130.61475915329873,-99.08986453559922,1.0
7,104.96527859942589,-32.026771830729885,0.375
7,105.91949605096889,-99.5044223079098,1.0
7,83.01792223851777,-12.409792522668848,0.125
7,93.65684566391168,-20.20047093708781,0.25
7,102.59933191364247,-38.09010856518216,0.4375
7,86.08016481849734,-13.287737463382324,0.125
7,106.18509114536761,-56.778613167217095,0.625
7,111.63588928483095,-78.19661454115888,0.8125
7,105.7304545172392,-47.637684086137334,0.5
7,100.37365418840318,-60.457574612548875,0.625
7,86.4913550771334,-22.210908501241626,0.25
7,122.62674847644274,-91.8049527049201,0.9375
7,95.92856737843358,-29.886069997461313,0.3125
7,201.51258569835983,-103.0362495950277,1.0
7,94.19524149037788,-31.759776473552645,0.375
7,118.67438993976674,-90.19711871007779,0.9375
7,187.26273386490448,-100.95721202558286,1.0
7,133.2566304033624,-102.97806885387506,1.0
7,77.58530616473183,-8.798449583837568,0.0625
7,82.94862018520595,-5.853535352715101,0.0625
7,80.72114127952842,-5.984905717222134,0.0625
7,110.51886361179241,-98.82603276994551,1.0
7,100.95408093238795,-43.42846057675658,0.4375
7,133.3831868066401,-98.79310745707062,1.0
7,94.58831555343895,-38.631683404712234,0.4375
7,98.09072771550517,-13.134656550777363,0.125
7,100.05980164097875,-70.00426282708365,0.75
7,122.17469552103768,-100.40986243361945,1.0
7,155.24269065092074,-104.25524748835402,1.0
7,109.69186258086523,-90.72982095349923,0.9375
7,128.82986849070127,-99.72491174895434,1.0
7,124.5022371700494,-102.4567945255426,1.0
7,144.60423046177476,-102.11606370480041,1.0
7,96.87432174043367,-58.39511171608419,0.625
7,112.56561505928353,-80.14013024850145,0.8125
7,112.22420039076756,-78.33276612813688,0.8125
7,92.35904111909653,-21.565383919886926,0.25
7,96.93795585887304,-29.135425135194268,0.3125
7,111.02975916428957,-70.70447061318629,0.75
7,73.90232300407118,-6.671450517092385,0.0625
7,86.83416402844014,-4.403804478462221,0.0625
7,79.38662479220746,-6.540216577248577,0.0625
7,111.2708386465196,-83.1517393933471,0.875
7,109.10862273184094,-85.96892419131501,0.875
7,145.42906994382838,-100.91562902577034,1.0
7,154.91123367214513,-101.61336108511857,1.0
7,136.67008629663206,-99.55064004352654,1.0
7,123.47813272392791,-92.33178848346925,0.9375
7,136.52997898677793,-99.96676203742672,1.0
7,120.6011045396825,-77.414462090504,0.8125
7,99.7985180418789,-76.56738280796397,0.8125
7,84.81918796220117,-10.142289975908461,0.125
7,116.1228211455291,-78.31594064503746,0.8125
7,129.61026548909206,-100.05458704576385,1.0
7,125.84914737813051,-99.49768627194759,1.0
7,114.75376525902665,-85.83028257353025,0.875
7,85.24678866764404,-4.938903867621195,0.0625
7,95.36915496578789,-6.618015792307409,0.0625
7,89.35375835432097,-11.089799037761097,0.125
7,71.49721120530758,0.11706251852461283,0.0
7,99.6625104906229,-44.89910930694126,0.5
7,130.07193099079558,-101.61922948375076,1.0
7,103.23730100315514,-56.06043194502221,0.625
7,98.72277450094973,-21.39727708625736,0.25
7,98.63451247768762,-35.94832730458749,0.375
7,107.08638287174549,-78.15659318610618,0.8125
7,109.69422342567697,-48.930665380809536,0.5625
7,69.83229641820634,-13.419613087128244,0.125
7,136.48850837365364,-99.81016102188572,1.0
7,102.88303563828653,-49.797105514564244,0.5625
7,101.22532059648015,-42.60086807527132,0.5
7,97.19593454535938,-76.71362668700203,0.8125
7,125.12154968772893,-90.18114214058484,0.9375
7,101.34070023886473,-35.99274375725243,0.375
7,118.39156326377602,-83.76457053775233,0.875
7,105.48684322845989,-11.416225669158104,0.125
7,98.61030536526464,-51.466186587181596,0.5625
7,128.87046985264746,-99.88809060654344,1.0
7,99.72559226181743,-47.03891886606034,0.5
7,70.09866587530894,-6.914071670644675,0.0625
7,56.65097532295277,-7.357442320726371,0.0625
7,95.94963648074601,-27.697073802965665,0.3125
7,139.87600903499913,-100.06114251757265,1.0
7,114.67817938967112,-90.23378456886093,0.9375
7,115.77510065095893,-91.2917337614183,0.9375
7,103.33333144954318,-32.45260542594181,0.375
7,128.07093262405434,-92.84615425500904,0.9375
7,84.63064813526678,-59.05121083818213,0.625
7,102.08925130739411,-77.23896077111513,0.8125
7,101.09124623988434,-86.6768706987327,0.875
7,124.23011588035877,-99.77785742468261,1.0
7,90.79138871226571,-5.309737432128819,0.0625
7,79.0703805267822,-12.8876564066361,0.125
7,108.59640394349333,-69.68827027596177,0.75
7,89.69886849398434,-20.51639046183795,0.25
7,117.37702513855635,-102.7255489763635,1.0
7,161.8681774624163,-101.22988423105691,1.0
7,102.07387251948523,-55.790669515579424,0.625
7,106.82424428471575,-81.6003721103243,0.8125
7,77.72822776632663,-6.933327176895952,0.0625
7,139.3011223772771,-98.7447686449234,1.0
7,131.79946321754923,-99.23038652813837,1.0
7,133.0196188754503,-99.95126345068297,1.0
7,81.96823881985394,-5.87993147884112,0.0625
7,85.60625398743805,-31.18238930383698,0.25
7,87.06775778287644,-5.86094990072277,0.0625
7,110.27519946428437,-92.94379196788434,0.9375
7,131.6490046341982,-100.21756924389629,1.0
7,126.9122765817698,-103.85125906638633,1.0
7,92.74933016155545,-55.589952543553835,0.625
7,87.2726816314963,-24.222369567988338,0.25
7,125.53358913427937,-99.73143058368484,1.0
7,91.40759693208037,-3.0946189296191124,0.0625
7,106.1775407661033,-77.5880687948344,0.8125
7,91.9685874806295,-23.59162412339969,0.1875
7,110.99948008862907,-90.21499329806427,0.9375
7,132.55357682138091,-98.77167121626964,1.0
7,101.92669436202131,-83.42912070386544,0.875
7,106.33939715503449,-76.66908948279354,0.8125
7,140.30822794351138,-101.0382437480533,1.0
7,98.18325376782502,-9.546025472362354,0.125
7,124.40982106223481,-99.76539167663884,1.0
7,99.50501778653869,-57.95115825664061,0.625
7,141.38944971394028,-101.90708965044165,1.0
7,127.80811798853702,-99.13914780126227,1.0
7,89.42662927828843,-15.966294084858609,0.1875
7,109.64303398133704,-79.33230128000402,0.8125
7,103.47311840019675,-78.41326359305147,0.8125
7,119.8511010695589,-101.25589563734803,1.0
7,102.91104856088329,-49.39176561257237,0.5625
7,90.04980589627863,-30.0217586563767,0.3125
7,131.8589012946034,-100.0661085775143,1.0
7,134.21690748145133,-100.02922897046017,1.0
7,134.30371684753442,-99.62180347309477,1.0
7,115.66064087921879,-98.85173478426351,1.0
7,98.7191615566247,-73.25632296825133,0.75
7,86.99003177256472,-11.438867269885924,0.125
7,121.41054998557182,-91.87741204404693,0.9375
7,133.3516209754663,-101.8992815430292,1.0
7,152.60162353836793,-100.8343630361438,1.0
7,108.20441654533815,-91.44478545493672,0.9375
7,117.2007150186934,-99.0932403274885,1.0
7,97.434602459245,-21.444507109197144,0.25
7,121.49972667017757,-92.41541963783186,0.9375
7,93.46852842869683,-20.59780873841502,0.25
7,90.28529491489869,-16.899152870611942,0.1875
7,97.55301065731045,-20.401753297082962,0.25
7,113.6308528244812,-38.283093783790825,0.4375
7,92.02133046537092,-43.73624329760998,0.4375
7,137.00378141066088,-102.57322442043797,1.0
7,110.07842667910923,-79.35279038741483,0.8125
7,99.17040577623092,-57.19265532927529,0.625
7,133.5282243673401,-103.96439532305976,1.0
7,114.50124922275324,-73.54257692121733,0.75
7,144.78035080782618,-100.26981951409623,1.0
7,93.78609754276293,-43.798831894530196,0.5
7,123.28092493927049,-99.36897221739777,1.0
7,137.789779757503,-101.08789434398604,1.0
7,104.55912442987803,-50.62063627825416,0.5625
7,104.90703961283518,-66.17670382870085,0.6875
7,102.66516388426392,-63.918626594121505,0.6875
7,106.78980819659012,-98.94889100807607,1.0
7,92.51895375958786,-47.040026021840674,0.4375
7,120.4504722103469,-91.46166567446203,0.9375
7,84.48319490319734,-13.36365624592109,0.125
7,101.03535039570745,-61.81207658115901,0.6875
7,112.11793802301872,-98.764719020402,1.0
7,124.30922841074683,-98.9145072801195,1.0
7,106.88855230007664,-71.31263497175267,0.75
7,141.9164690898685,-101.34157911950616,1.0
7,121.46905124471633,-100.96449598302503,1.0
7,148.04466488445644,-100.0368446286322,1.0
7,83.40465506565397,-5.704213122486167,0.0625
7,89.42204518057503,-29.81164674812958,0.3125
7,93.38351676472203,-34.884285268403204,0.3125
7,151.21054063986742,-99.62381845182635,1.0
7,90.64664404205394,-20.716108025852034,0.25
7,130.84321465461016,-102.55388024821816,1.0
7,106.990468109153,-86.1351362442128,0.875
7,125.43189869188112,-99.82397409822903,1.0
7,114.93318517486347,-92.60852115525144,0.9375
7,104.43492021221448,-55.570117576015654,0.625
7,106.77999762657284,-78.9968582505726,0.8125
7,112.10525993080054,-82.6958287279186,0.875
7,154.6113882304691,-101.34502064409452,1.0
7,120.31417154096631,-76.62625907394401,0.8125
7,89.57505296899659,-48.510621059737566,0.5
7,111.86884836197257,-91.70586426366967,0.9375
7,97.80802230889995,-41.190705588735284,0.4375
7,109.19202068727272,-93.12362309676378,0.9375
7,117.28724560915981,-99.81935053627278,1.0
7,98.77293496048556,-74.94405744724904,0.75
7,83.07782554672704,-16.283161999158608,0.1875
7,111.31040624148338,-65.29216968162686,0.6875
7,80.06242253248075,-5.5560971180438665,0.0625
7,81.89527049880067,-5.44077933556545,0.0625
7,88.75031433180536,-6.540111238794337,0.0625
7,115.37001004224443,-92.17445302498939,0.9375
7,126.95745026823369,-99.35338242546004,1.0
7,107.5681871017303,-63.34661924612743,0.6875
7,118.75638688018893,-98.60917502617889,1.0
7,141.55002597284783,-99.31783645378499,1.0
7,105.01652314723813,-91.51655843696852,0.9375
7,145.5411595933416,-98.94121488772835,1.0
7,97.49870716565556,-56.98540294056933,0.625
7,80.62417778104393,-5.177818077454908,0.0625
7,94.87170596334244,-24.05825690683638,0.25
7,101.61295132743402,-39.585697058565465,0.4375
7,125.9180691950297,-101.0264234385854,1.0
7,119.0234654900906,-93.08604444753493,0.9375
7,122.13772777720531,-90.7815676835161,0.9375
7,111.7918224800186,-100.94377216415367,1.0
7,113.84487182077146,-79.66674219738243,0.8125
7,99.57447670824529,-56.682057035915086,0.625
7,94.84223399944989,-12.552068639622226,0.125
7,106.37076444741868,-39.11273723940815,0.4375
7,104.17540898253945,-91.76830693150053,0.9375
7,92.6757717415512,-27.2315257968393,0.3125
7,111.63580759687564,-100.00411624311961,1.0
7,93.16257770789494,-26.68557216340393,0.3125
7,141.39057600434424,-99.50380686572767,1.0
7,71.85854925858459,-14.6446155395372,0.125
7,85.04882947289606,-7.2613847375555,0.0625
7,129.23273883235623,-92.42465185644222,0.9375
7,110.78628437566584,-100.1507083360344,1.0
7,150.4286896226602,-98.96247309448269,1.0
7,105.28557387196604,-25.595137052393486,0.3125
7,121.60956133734354,-92.22768635960287,0.9375
7,88.16702202139713,-13.22588357508377,0.125
7,131.9617684559502,-100.99551002163513,1.0
7,113.28403129397596,-83.66769977418738,0.875
7,117.85783863520172,-93.3207912041872,0.9375
7,95.28558907737933,-63.247094580784854,0.6875
7,89.09911436873418,-11.54526593727253,0.125
7,126.53066902908834,-100.3437148236382,1.0
7,101.23324403204168,-30.574592746683532,0.3125
7,119.64897581214986,-93.09573457271661,0.9375
7,133.2471991299202,-98.22628655588792,1.0
7,95.23301165954413,-25.318119703572954,0.3125
7,124.4861543785084,-102.56545384818698,1.0
7,96.72784907500052,-52.028946697207964,0.5625
7,97.04677460422933,-45.91906883775417,0.5
7,105.57498215800025,-57.080929559531675,0.625
7,109.03681464868147,-63.06209768550646,0.6875
7,72.8661896559917,-5.222906624047023,0.0625
7,139.8872292588184,-99.26991515389966,1.0
7,85.6471654344974,-35.41450829995164,0.375
7,96.19533871653701,-4.783112192060182,0.0625
7,86.46572719812539,-29.438785448427453,0.3125
7,91.13380748869028,-7.463119428044072,0.0625
7,98.4639184416662,-91.20550298439558,0.9375
7,111.75336962537317,-92.64414907168613,0.9375
7,108.9171761238568,-64.46529005198828,0.6875
7,89.68621610521724,-30.467030297885827,0.3125
7,133.18636695017844,-101.66377810508583,1.0
7,99.65342561059589,-19.13608622928335,0.1875
7,92.13107249230781,-27.9154612607313,0.3125
7,100.89596646043255,-56.14537010807242,0.625
7,101.91660626308332,-39.81688055403711,0.4375
7,124.08150868287034,-83.56350541328011,0.875
7,91.12527174334872,-5.958714189835544,0.0625
7,119.75963343274367,-90.46855157608617,0.9375
7,135.85739743632885,-99.35947261778963,1.0
7,107.43695515908145,-81.21193695246467,0.8125
7,124.72776544213727,-90.72338022324713,0.9375
7,108.21946783423431,-42.6911713045581,0.5
7,125.01112551420195,-92.84486829982895,0.9375
7,123.22717779139212,-91.30852339055171,0.9375
7,108.80682097294401,-80.84445738720794,0.8125
7,84.80548303638459,-10.450730777142597,0.125
7,99.61727233918884,-14.4525728951848,0.1875
7,102.65838562068754,-49.104701570069565,0.5625
7,94.86939994640072,-92.77910687169518,0.9375
7,110.23708002705051,-76.566867917327,0.8125
7,108.83845080816678,-77.32617578926178,0.8125
7,79.78854503796357,-5.385918282888015,0.0625
7,117.08547150353384,-93.28190113391783,0.9375
7,77.17713173629723,-13.260558832647899,0.125
7,117.72840048914506,-78.23899515938116,0.8125
7,118.92330981333288,-90.70794720903385,0.9375
7,95.78005563272903,-65.86397799063641,0.6875
7,80.49139725757661,-6.294212557020272,0.0625
7,117.26369351461538,-101.54120513465725,1.0
7,158.18404066106618,-101.67633197933337,1.0
7,99.16559089345684,-20.454788114109178,0.25
7,77.04809964220539,-8.513082561082268,0.0625
7,96.91564520288823,-38.04658451376218,0.4375
7,93.2294150892421,-26.538330927609255,0.3125
7,106.35757911981673,-51.2936863355837,0.5625
7,129.99513996796713,-100.52442094630491,1.0
7,126.98075674570413,-90.79866556252185,0.9375
7,114.679599066335,-90.43554084985705,0.9375
7,152.80308748506502,-99.96142745905068,1.0
7,106.262863994137,-91.48203730644838,0.9375
7,94.34267067211117,-70.5281751390933,0.75
7,92.0638640687887,-5.612103830838848,0.0625
7,78.49248454285265,-5.353243274532909,0.0625
7,92.59570117500397,-78.5513998844804,0.8125
7,107.01010704436078,-51.38722311491749,0.5625
7,105.45332153146063,-38.394044519153155,0.4375
7,95.65652734125969,-38.766859013786046,0.4375
7,130.83169796801477,-90.297933852281,0.9375
7,100.62355351639324,-37.67632470045406,0.4375
7,95.7076515181447,-52.40566597287358,0.5625
7,113.10281306114626,-76.8555208275439,0.8125
7,103.45408366113595,-37.68280203599885,0.4375
7,85.73005327435229,-12.909991038349855,0.125
7,97.40567627326875,-24.7297634450144,0.3125
7,104.60148708983441,-70.23328543767965,0.75
7,117.70670530744609,-90.782189609359,0.9375
7,85.73770221175143,-36.11399717732045,0.4375
7,139.3438889799401,-101.8258650636642,1.0
7,85.76827942726594,-3.557873323286713,0.0625
7,143.4126080307393,-99.50254457878202,1.0
7,111.04507350364845,-85.55779734130894,0.875
7,93.70211347854482,-35.344250616115076,0.375
7,99.30839854241317,-32.76758151045824,0.375
7,148.8008365257351,-100.14822988753866,1.0
7,121.96131801763745,-99.70923341295332,1.0
7,85.41230754165667,-11.929437970236348,0.125
7,109.91621417287678,-66.2674591851293,0.6875
7,94.13368709598126,-31.629204773596072,0.375
7,82.98914138609432,-6.894309513499376,0.0625
7,118.14040551216898,-91.98511987005129,0.9375
7,75.76266296509469,0.341517722560511,0.0
7,148.6853955672589,-100.77538336769959,1.0
7,86.81436719901616,-21.1650318293294,0.25
7,126.08353429429869,-84.28450310616239,0.875
7,63.39106387118889,-7.231441133903375,0.0625
7,92.00764637371539,-28.09440749853833,0.3125
7,117.30720604887979,-80.7896160319196,0.8125
7,79.11579745501605,-8.210334460801402,0.0625
7,95.45030355796891,-80.33953310544346,0.8125
7,110.81648419889194,-91.76097854550049,0.9375
7,112.01103978664486,-69.12348999059712,0.75
7,92.13311087988674,-26.282164038053956,0.3125
7,93.98129627595456,-31.622498292243993,0.375
7,110.46370399354994,-79.94452787604796,0.8125
7,111.80968219430876,-79.21033619210633,0.8125
7,146.5140895368116,-102.09095598875122,1.0
7,116.36788165956398,-70.75067390448939,0.75
7,99.30246041628925,-28.747188500990447,0.3125
7,105.50857049807448,-91.61589625257982,0.9375
7,95.08249078118561,-33.35504905065493,0.375
7,152.93484369371913,-100.98412208179853,1.0
7,100.80218409382782,-43.41421254478858,0.5
7,123.14514516874073,-100.06517331094146,1.0
7,143.8289020836165,-99.73209363659907,1.0
7,108.24729639179478,-76.0073304684661,0.8125
7,74.32217385748632,-5.7444586226620356,0.0625
7,95.01710577924008,-30.350300121635254,0.375
7,86.96258807429528,-10.389821233981388,0.125
7,56.31374363777687,-7.912901839624361,0.0625
7,101.4285154286861,-55.73145904956404,0.625
7,143.35235358473346,-99.86320814925676,1.0
7,99.38192083376329,-10.127279566814225,0.125
7,75.46038298580196,-5.474349743978222,0.0625
7,113.23945824432917,-67.81623029068265,0.6875
7,106.79860936961292,-94.44474285582993,0.9375
7,122.7772364598541,-99.30819782411582,1.0
7,101.75525229496483,-51.31475448226622,0.5625
7,101.93260978105374,-62.74222990798931,0.6875
7,113.76416945714331,-91.16279725420407,0.9375
7,125.0541120865108,-98.32030878845781,1.0
7,95.10890156542267,-27.37982274158472,0.3125
7,86.1279296966553,-35.21576295776819,0.375
7,110.9029433329933,-70.20160994552286,0.75
7,103.4113194929825,-68.60036898246506,0.6875
7,87.99368882745742,-5.292263357588775,0.0625
7,102.31303146940152,-26.028747078340118,0.25
7,114.10440542307434,-92.32679554902752,0.9375
7,121.0331235244475,-83.33806772538344,0.875
7,99.62687497609485,-50.53161287334686,0.5625
7,101.92953503051747,-82.42118352009922,0.875
7,121.39712858156521,-99.50620857898765,1.0
7,117.3924705329853,-48.964770987164314,0.5625
7,112.12108675988952,-99.94977696566188,1.0
7,107.40334261218068,-41.341250749284434,0.4375
7,116.6356978165069,-91.98035047280291,0.9375
7,103.14417489195473,-68.92598671500606,0.75
7,81.76124484282016,-11.657159147974774,0.125
7,110.03040234491839,-76.19622273873719,0.8125
7,88.6313221338045,-6.455594256955383,0.0625
7,83.65199048009119,-31.58374198476839,0.3125
7,123.27842437631573,-91.41279526306015,0.9375
7,78.56224270454031,-11.031264645995314,0.125
7,78.12053228037638,-14.13484560097327,0.125
7,101.61105376508006,-45.21317427551339,0.5
7,66.53568971607534,-6.780573074530177,0.0625
7,131.26918197297408,-100.78906181501344,1.0
7,140.59220816627865,-101.0134761492725,1.0
7,120.24089621821989,-92.61830244072878,0.9375
7,131.4228083820079,-90.8690074315652,0.9375
7,116.06107830764205,-79.14269928539848,0.8125
7,95.82320734919705,-17.77230991010006,0.1875
7,118.21436629946437,-100.38315704029733,1.0
7,112.1826435685344,-91.52972645522931,0.9375
7,105.33805040231512,-17.9285553437844,0.1875
7,116.25698436698566,-91.893503027057,0.9375
7,121.14402932535447,-100.7766278893981,1.0
7,94.6490685726743,-21.1380082348617,0.25
7,134.64473120738313,-99.95983974008898,1.0
7,147.56150005172682,-100.0459853617184,1.0
7,84.74451613446993,-12.208500690919827,0.125
7,91.61618565094577,-41.51871386484147,0.4375
7,140.41931213155024,-99.8081480297876,1.0
7,94.69204271033944,-29.610655393149568,0.3125
7,86.74703315127587,-5.269925272892503,0.0625
7,106.01410598889703,-76.75207716385779,0.75
7,112.64781107175853,-69.93827191254584,0.75
7,119.95929063715471,-93.12386885170825,0.9375
7,113.40135638483095,-76.71180617721558,0.8125
7,99.02148904837445,-69.45564197557407,0.75
7,134.60616225300748,-91.67270348550184,0.9375
7,122.74562748295403,-94.89180524748664,0.9375
7,136.09535567982834,-101.6970964251799,1.0
7,94.43204732050003,-29.7879000424465,0.3125
7,114.10979533252224,-68.5668409463926,0.75
7,121.97440032132849,-99.40996894166098,1.0
7,126.92333752146025,-91.58557641381682,0.9375
7,119.48004748859206,-85.22981858325436,0.875
7,99.7029154181529,-63.48241103199198,0.6875
7,96.99490177616548,-50.8632767995617,0.5625
7,104.48857491095653,-72.43498773201206,0.75
7,98.52132885625221,-19.624408502740554,0.25
7,116.66915849746154,-91.361403426563,0.9375
7,94.3819027992861,-29.852452202527324,0.3125
7,101.49071870838007,-83.66313304679396,0.875
7,91.11411137818062,-5.36022558817831,0.0625
7,97.50628551182527,-62.37301518339367,0.6875
7,119.5813326858036,-99.92955762121576,1.0
7,98.94809777972367,-35.557231480459976,0.375
7,144.85555802273691,-100.25324037745693,1.0
7,101.56998449077554,-68.76351765478331,0.75
7,114.62814647551336,-76.32239150109976,0.8125
7,90.65000040858237,-78.41666547634604,0.8125
7,124.13144779248428,-90.60434241505149,0.9375
7,125.00676032752524,-84.85481875950586,0.875
7,133.05418640889877,-99.30607562125245,1.0
7,116.24862376023985,-83.22267907864995,0.875
7,120.01736390952662,-82.63772774982606,0.875
7,126.34469555473792,-76.02615841776053,0.8125
7,73.35496150115026,-7.2994964254775665,0.0625
7,110.71260613542661,-91.2703771762467,0.9375
7,133.63481099419622,-99.91014753331041,1.0
7,111.8789553783184,-35.835420318141665,0.375
7,137.1288051986747,-99.57079252739746,1.0
7,116.26651456418845,-98.58432387116405,1.0
7,106.89976862708461,-92.63013614290132,0.9375
7,105.47079973968127,-55.87113053107986,0.625
7,120.2028944894078,-84.19742433989222,0.875
7,92.34079116110752,-65.9717781229007,0.6875
7,96.753557180535,-50.81285871118151,0.5
7,98.55497849554847,-32.211922130654386,0.375
7,85.15988115651444,-11.135631080131926,0.125
7,145.3063127503784,-100.59294131610018,1.0
7,105.29428839187756,-64.20531540548222,0.6875
7,119.09731718254018,-92.31465288557318,0.9375
7,120.86031244987561,-100.69344945787631,1.0
7,125.65207466394983,-92.09789010132462,0.9375
7,136.41285836656704,-90.85455938677056,0.9375
7,97.41081754137915,-43.64013176915015,0.5
7,97.71132459176056,-43.98287773724308,0.5
7,88.39772094967596,-13.162808539908747,0.125
7,102.56662008898103,-49.4736368529877,0.5
7,89.20490632392439,-11.241230429033152,0.125
7,78.51649863936572,-6.463720447012305,0.0625
7,135.27987690567963,-98.61702596318966,1.0
7,95.35471373878535,-15.504264427906678,0.1875
7,88.952204940835,-32.41795319493787,0.375
7,105.9461308135329,-70.13279113918699,0.75
7,69.13809555397108,-7.233866120658943,0.0625
7,81.7813994050104,-7.0245216918075775,0.0625
7,108.7559248758549,-78.29533215519375,0.8125
7,97.62450095817157,-58.91896377315475,0.625
7,106.48312497674479,-70.3801123698288,0.75
7,100.44249683085333,-57.103811282914194,0.625
7,95.11004372472824,-28.670515571393473,0.3125
7,90.21183256411493,-8.892383884807414,0.125
7,89.77022316359806,-5.922417172968132,0.0625
7,97.32773167101473,-48.84720705695027,0.5
7,106.2453723509231,-49.8466723803607,0.5625
7,86.79320959958142,-13.040165625512618,0.125
7,109.18115653810733,-89.79616636201472,0.9375
7,131.66149972061248,-100.17394408350174,1.0
7,125.7876399243898,-90.55299153272028,0.9375
7,109.74835107909415,-83.8621723487013,0.875
7,98.9655290612394,-46.6650444002233,0.5
7,80.99192935225409,-7.637281729146824,0.0625
7,139.88759741186803,-99.97387524532158,1.0
7,112.87784127694135,-91.30692157196563,0.9375
7,72.74229268531329,-4.845748308118544,0.0625
7,110.52778232347464,-67.45562501952298,0.6875
7,110.32260017028572,-62.53719846487983,0.6875
7,81.29958319205525,-13.027894844761148,0.125
7,81.7092351569519,-7.076503867316424,0.0625
7,96.74489136065425,-39.16937387243188,0.4375
7,149.37230552831474,-102.5418018831996,1.0
7,74.96125121838423,-6.267717496761803,0.0625
7,80.25630440425516,-16.022460921351396,0.125
7,100.83781243892982,-44.09314023175734,0.5
7,95.61584962354159,-20.141242334223463,0.25
7,80.64938463762368,-6.025762858362634,0.0625
7,153.46434438529633,-98.31013891909446,1.0
7,89.09207273074708,-12.957653140149304,0.125
7,74.31677314734895,-0.5627720126609698,0.0
7,105.63144078418657,-75.6739284953167,0.8125
7,116.29935212030877,-101.52587248185942,1.0
7,110.43835245504509,-63.22893173424874,0.6875
7,108.16895432976985,-64.0146559490491,0.6875
7,107.39282838922321,-69.77733229973637,0.75
7,77.71234628078933,-10.99341889374457,0.125
7,105.66222007929042,-63.59815863190167,0.6875
7,113.68164647648172,-63.456600365415284,0.6875
7,113.23416802128163,-86.34761502435084,0.875
7,82.10289000028682,-6.402473968654125,0.0625
7,86.91641317191112,-5.447167012046161,0.0625
7,122.58437925850501,-93.04445053673182,0.9375
7,98.0539383234984,-40.57756000596241,0.4375
7,86.74195874238762,-4.289558368574684,0.0625
7,100.5803004854271,-79.4270750440516,0.8125
7,80.37900532732343,-3.9065418514454793,0.0625
7,87.1695813477815,-37.4267458551378,0.375
7,98.698106471756,-32.801112105141264,0.375
7,82.86053857675313,-25.158665077288955,0.25
7,90.24750178356453,-55.614351769430044,0.625
7,148.86636730346675,-99.9803776737736,1.0
7,129.33981332424688,-90.21720454834465,0.9375
7,87.0437575048244,-3.785236520474486,0.0625
7,114.5181956361481,-99.76279325418301,1.0
7,95.30188553732356,-34.497129693317035,0.375
7,99.82847892476728,-36.76268679529481,0.4375
7,120.9418188224751,-99.82423845784355,1.0
7,110.82016087653723,-92.33547152545964,0.9375
7,76.58072690706152,-10.443600376295272,0.125
7,84.55391813063848,-12.551790793106571,0.125
7,85.8754170172277,-6.4854279845678455,0.0625
7,106.5342706502902,-77.13150107934648,0.8125
7,95.28840785214278,-29.224939058847806,0.3125
7,95.24163441936122,-22.991986508738368,0.25
7,118.12700815847401,-84.83114416835187,0.875
7,93.2675341449744,-38.17722349750815,0.4375
7,84.65369440316564,-6.883742975488632,0.0625
7,89.65924764124908,-3.259633679942053,0.0625
7,116.02880565794416,-90.1184956289497,0.9375
7,133.19393138122368,-99.70082620150679,1.0
7,172.4198336200703,-103.63943897702856,1.0
7,89.04146369053625,-70.80086719841833,0.75
7,93.3217846025811,-12.80474007883856,0.125
7,89.66532129739939,-32.50473154701202,0.375
7,110.9500410774697,-99.30974545444916,1.0
7,106.19505805652776,-83.15966179671702,0.875
7,77.64187879627117,-7.008299677861194,0.0625
7,119.77009463630435,-101.93837142790697,1.0
7,121.02459027969424,-99.59020825849576,1.0
7,90.84889517903213,-11.52523903123983,0.125
7,135.06974451671826,-100.0610396503765,1.0
7,102.92975678528764,-34.81024474994296,0.375
7,110.7853252105264,-80.43875132824867,0.8125
7,188.83325239125043,-102.29576321941352,1.0
7,89.36879161848348,-10.928600556995116,0.125
7,79.74269011436625,-6.373501303398956,0.0625
7,124.92552845793116,-98.71401141114961,1.0
7,82.11845554491617,-19.612081537029777,0.1875
7,84.37183897451972,-4.9354218697085726,0.0625
7,85.2420983070163,-11.90112929659615,0.125
7,110.24365470091233,-91.47971250476469,0.9375
7,118.49291611873416,-90.64372255625071,0.9375
7,86.46103113081926,-29.006518315411345,0.3125
7,116.91761520850423,-84.98792124097935,0.875
7,118.31861924797936,-62.386908260400354,0.6875
7,95.02456540222761,-39.21350645166954,0.4375
7,113.08596350669275,-76.77989915102809,0.8125
7,120.8647551862984,-91.91141949264687,0.9375
7,107.26912488288718,-10.689870757326464,0.125
7,149.47190872134152,-99.27994197765749,1.0
7,88.11121769014451,-12.7980318579264,0.125
7,76.53869444407904,-5.533056576106197,0.0625
7,96.50145897070247,-32.68748213066949,0.375
7,127.26351276698477,-100.11688347407215,1.0
7,145.20841336051492,-100.31764071662572,1.0
7,96.10352904522166,-10.6723801850104,0.125
7,110.41362353102635,-77.22534325149921,0.8125
7,88.64898090683664,-56.01750922995299,0.625
7,80.78484752016202,-11.00919271715013,0.125
7,89.13378642253956,-10.525287784622192,0.125
7,126.79337105685877,-90.46986158766714,0.9375
7,133.89935964148458,-99.03472015302805,1.0
7,111.21239251815476,-63.133843809060274,0.6875
7,55.09366773991502,-13.917226441945914,0.125
7,133.2965801405736,-101.15524723408802,1.0
7,115.56239536308257,-88.94903904404796,0.875
7,117.99454685224424,-95.38807556920514,0.9375
7,145.11065008030303,-99.70457011109201,1.0
7,108.09314631962827,-63.4255384662153,0.6875
7,102.61884219580499,-50.60280827893177,0.5625
7,140.4824297770444,-100.25414089516103,1.0
7,91.44587558381859,-31.684107917218483,0.375
7,144.29010719260378,-99.27501637650582,1.0
7,111.54729669945563,-68.67630231517107,0.75
7,90.84450761764876,-19.29681290009419,0.1875
7,114.54054338541187,-109.45583356759776,1.0
7,96.18830284630461,-26.719290219248073,0.3125
7,83.86591557087489,-20.029633836550932,0.25
7,102.12711376878998,-49.310561029330984,0.5625
7,86.08555703496496,-10.615279272838942,0.125
7,100.33018959805146,-33.810011923663794,0.375
7,145.58559744375984,-100.50074372756119,1.0
7,112.91500737524704,-77.45357689700324,0.8125
7,102.24572944206693,-63.49681194568569,0.6875
7,116.62909970899472,-91.9688819534789,0.9375
7,139.75895992436935,-101.72576939105592,1.0
7,99.34690736095439,-59.963418824667926,0.625
7,148.38848215468624,-100.37477136807591,1.0
7,92.05485041038362,-67.7031146033971,0.6875
7,90.40000685614052,-40.27436045926348,0.4375
7,90.2270149582836,-12.431673021460696,0.125
7,118.39654555357988,-91.20164886411466,0.9375
7,125.76371812956543,-100.8980848637721,1.0
7,112.5649608025909,-70.22955858751679,0.75
7,147.9669369876471,-99.3353145842798,1.0
7,78.59006359037741,0.3412154810993967,0.0
7,79.89274632078987,-13.964715113471126,0.125
7,95.11101577171046,-38.318778708523894,0.4375
7,120.99175225156007,-90.6674980849024,0.9375
7,146.79925654145995,-99.8387000371809,1.0
7,91.40690160687784,-14.299350252445862,0.125
7,84.22683309240927,-7.4818331802401445,0.0625
7,69.81894420554927,-13.646658603312392,0.125
7,98.67288696941975,-27.439762217713234,0.3125
7,107.90924213179677,-92.77724107213828,0.9375
7,130.5432186360325,-82.69190122361032,0.875
7,78.86628248048294,-13.569872390849147,0.125
7,104.64663762841555,-70.79476832089688,0.75
7,95.86692862159137,-29.06534118277665,0.3125
7,118.50167526757136,-91.49530771458478,0.9375
7,121.72021868313531,-78.35187427625,0.8125
7,91.78142765555054,-16.559727795182564,0.1875
7,99.17065302110646,-50.49648785780484,0.5625
7,86.03460008738449,-41.55425511786745,0.4375
7,121.80794133591715,-102.52689074414842,1.0
7,101.7418581434099,-64.72534864441646,0.6875
7,110.75864047033492,-67.35006531217559,0.6875
7,97.6974333613141,-52.67696799513595,0.5625
7,104.49123832754933,-70.8065052365366,0.75
7,80.54794536354335,-5.351951154412591,0.0625
7,108.00862436074578,-68.97029377600802,0.75
7,110.0483385759925,-84.29956033461109,0.875
7,116.68800146200189,-100.15500042680554,1.0
7,117.65666717388075,-90.60022226343479,0.9375
7,112.85906429638992,-99.13757276632144,1.0
7,87.0678859671646,-6.034499939547651,0.0625
7,116.47039235726572,-77.91124919028447,0.8125
7,78.68155331427022,-7.096062752206246,0.0625
7,110.85145992808,-93.32714909368961,0.9375
7,89.2764708920557,-22.257688712923827,0.25
7,109.98782136920528,-70.08551135580963,0.75
7,193.96309692748093,-99.8937147242623,1.0
7,127.00504862526336,-94.51646964983395,0.9375
7,93.83815592797018,-58.57657078368532,0.625
7,104.0654349543078,-92.66469986781583,0.9375
7,108.6514057683204,-92.82437815579563,0.9375
7,82.57183488821113,-15.678670794729157,0.1875
7,81.68775830471023,-13.858218753946806,0.125
7,118.37037920827709,-100.0858435638018,1.0
7,72.21882395209126,-7.866598178936766,0.0625
7,108.20822682487143,-58.68944615326542,0.625
7,98.5211051168561,-9.736034408176588,0.125
7,97.23149567955662,-78.67112426443799,0.8125
7,80.96030349038276,-32.82626346780683,0.375
7,96.7905780782164,-82.72812180846941,0.875
7,117.28001154282559,-106.72412024311511,1.0
7,149.57935543633297,-100.13597016027548,1.0
7,86.20140025869719,-25.704945672383285,0.25
7,101.03113147367071,-71.67348124180964,0.75
7,85.61350562294699,-5.170845496289113,0.0625
7,103.48003878959027,-86.01840062356989,0.875
7,104.9492402574672,-92.52974313164216,0.9375
7,101.2658904121136,-41.2941935819863,0.4375
7,86.52311572530685,-4.343223701765745,0.0625
7,96.96243173248607,-11.622241239726767,0.125
7,124.46743236147633,-99.15670869295965,1.0
7,103.09965147945081,-74.07474927511922,0.75
7,84.75078558208257,-4.483958352057171,0.0625
7,116.76557826045398,-90.10652154368579,0.9375
7,100.75011749045453,-21.804103087683888,0.25
7,91.70986889978458,-50.95123783777123,0.5625
7,99.48459159660071,-51.698387090189065,0.5625
7,128.7951273310189,-99.69907365039994,1.0
7,110.71400221009755,-100.99894256517959,1.0
7,90.8354141513433,-15.9540882951629,0.1875
7,78.74534065701116,-15.356850259485768,0.1875
7,69.75804858193042,-7.848806831156375,0.0625
7,115.97659463984309,-105.930699146668,1.0
7,158.19428436686104,-100.11614511950738,1.0
7,76.28386695549061,-14.705735708650295,0.125
7,118.66299556172753,-64.5052367501156,0.6875
7,101.29564641462339,-56.45245901894236,0.625
7,108.81172085040029,-49.05500345842994,0.5
7,106.48949873384494,-72.00138344572568,0.75
7,130.53988529888494,-100.47742600159192,1.0
7,124.9000850078637,-92.40734910178523,0.9375
7,88.38227361876257,-10.023136231908934,0.125
7,100.74649581237655,-37.28219105319449,0.4375
7,139.2207126849616,-98.58569613220486,1.0
7,136.43994063947048,-101.15782250815037,1.0
7,97.89610850944214,-62.5540285050471,0.6875
7,101.85228187705981,-57.80320466514698,0.625
7,105.16815274779047,-56.20794803895064,0.625
7,114.37922167880316,-83.6745931505279,0.875
7,126.3799147656742,-93.66283145498784,0.9375
7,94.72689826447206,-39.54139219552673,0.4375
7,117.54530546087008,-90.21649197047749,0.9375
7,146.0924132709763,-100.92523721911404,1.0
7,87.68178876362784,-5.2529863539670565,0.0625
7,115.25635949933518,-97.34331711467262,0.9375
7,118.49773903238649,-86.51040854914687,0.875
7,106.71647797171633,-77.90170644500637,0.8125
7,145.5499330186646,-101.61083649603376,1.0
7,100.55272625020058,-49.97212213241177,0.5
7,120.49450970009134,-100.79688312535623,1.0
7,105.42816373008515,-72.79463088388196,0.75
7,69.53690060650666,-14.591236295955754,0.125
7,120.2194988462361,-97.93667151293205,1.0
7,107.00039064761246,-82.31040177887819,0.8125
7,89.96802740432514,-26.64937175747089,0.3125
7,90.17350750038524,-10.620276653003325,0.125
7,89.24471285757937,-9.897752559387051,0.125
7,110.55342726227708,-78.09480349086799,0.8125
7,98.72620298756328,-25.392944984168082,0.25
7,123.89201634990432,-103.65193108283665,1.0
7,93.38170497480385,-16.928808301544496,0.1875
7,87.2746128899692,-5.917471915354839,0.0625
7,101.09057978092018,-63.23667422810103,0.6875
7,73.45856711229632,-13.69460439526238,0.125
7,123.8714507736538,-100.68269735852098,1.0
7,90.05774704758426,-4.207969804766782,0.0625
7,124.59686554970777,-102.24464745328864,1.0
7,153.8423126397983,-101.00542250515154,1.0
7,87.76781030877947,-35.13607931935728,0.375
7,78.89745366141896,-6.446848616539826,0.0625
7,104.06618037112484,-39.80929206195215,0.4375
7,117.39266543068905,-99.73864202535255,1.0
7,145.81410505076556,-100.90883397124774,1.0
7,79.68290182314735,-5.901837669108215,0.0625
7,104.4210231371314,-77.73762197751833,0.8125
7,111.52048538415956,-46.69041585761284,0.5
7,114.33253327546906,-98.93414531713013,1.0
7,124.46019494962526,-39.868188121652395,0.4375
7,153.05326950425112,-101.75561508722735,1.0
7,99.93550665034348,-39.87530373319084,0.4375
7,116.30879034620199,-90.09231742254995,0.9375
7,98.7841269922515,-62.734420045391836,0.6875
7,109.23123213049249,-50.16449288063446,0.5
7,129.12752707839763,-100.89161593577491,1.0
7,60.50723129038016,-8.77189803523387,0.0625
7,101.79455954287869,-49.75849492049382,0.5625
7,79.33910002482178,-6.7878420221636855,0.0625
7,122.22584520562579,-103.64179291339005,1.0
7,97.37113605790051,-38.059433836609344,0.4375
7,79.04681966720328,-5.582935801574189,0.0625
7,116.46298543805914,-100.87555988837539,1.0
7,127.58854166116342,-100.96406959197775,1.0
7,148.56466749102196,-101.01388757472779,1.0
7,98.20122230059111,-93.41377174809875,0.9375
7,125.56586086071488,-99.74602176316483,1.0
7,139.00313992738484,-101.22226648578612,1.0
7,86.15932192277015,-56.238650765785096,0.625
7,141.21685486692576,-99.8832077053257,1.0
7,93.89512435845896,-28.556985718899057,0.3125
7,78.71302407216156,-7.422930935260503,0.0625
7,82.70272425294456,-6.546558363573292,0.0625
7,83.58328800633215,-21.39738461589517,0.25
7,120.68403831263342,-92.59771406322662,0.9375
7,95.54902858878515,-16.775145356355722,0.1875
7,92.7854599239545,-41.62380255486867,0.4375
7,119.77926028977978,-90.78038511371899,0.9375
7,103.09937686286601,-37.67879791472191,0.4375
7,123.82799299634345,-102.61059126311967,1.0
7,80.18564424539268,-5.028764014851702,0.0625
7,93.2969884667972,-50.464978804894415,0.5625
7,85.5947573211032,-31.202919631293817,0.375
7,79.63797827464983,-6.255062865932299,0.0625
7,103.97636031522165,-79.96043153049109,0.8125
7,99.52607660900085,-78.72075340126453,0.8125
7,117.22510326355034,-84.98606344381618,0.875
7,111.50262111974254,-70.26949939110287,0.75
7,149.60470165722856,-101.5048561476086,1.0
7,89.33040485926033,-29.158230687613372,0.3125
7,156.47677641300572,-102.1215147917631,1.0
7,124.02501373282009,-100.34716678781535,1.0
7,75.95383623017862,-5.308016881548662,0.0625
7,122.94186592590273,-92.46393431292492,0.9375
7,133.77445187562395,-99.16354918744815,1.0
7,76.73402507504036,-13.480269168567073,0.125
7,107.87455762183487,-77.17350653368855,0.8125
7,117.30911314916446,-98.17326587291201,1.0
7,101.25725999548014,-37.389977250796505,0.4375
7,88.09302084935004,-12.886090066131583,0.125
7,83.21644981530801,-6.100375289406644,0.0625
7,160.64979726836765,-99.63124320519402,1.0
7,68.90799380267192,-8.060457993532035,0.0625
7,94.35669923111575,-69.89766981853886,0.75
7,111.75848966454647,-91.42813363602609,0.9375
7,87.92101172948172,-10.270172093739331,0.125
7,105.28571813879948,-16.68005224953168,0.1875
7,130.88740622723364,-99.3092141194085,1.0
7,77.37173357020308,-12.005081403094001,0.125
7,147.15574633706476,-101.58085467680951,1.0
7,93.8550820290683,-43.34291872465464,0.5
7,140.13675602707966,-99.6318424613233,1.0
7,115.84945093283369,-93.17304580816963,0.9375
7,125.0324958968355,-91.29498282726098,0.9375
7,115.24739276507243,-83.49962130237056,0.875
7,112.91952362905506,-100.22866049310666,1.0
7,87.22229118334204,-4.009223080303716,0.0625
7,134.30304984261932,-103.62844605485557,1.0
7,96.62175739381948,-32.99195199511733,0.375
7,102.55464330630073,-65.96071055847214,0.6875
7,108.67390744497081,-44.70850879874053,0.5
7,138.70753138005657,-100.28752139069762,1.0
7,130.64445642231556,-98.89059565721348,1.0
7,113.56508422730481,-64.16066203247077,0.6875
7,118.74064222852108,-99.7973154823146,1.0
7,73.32340293328427,-13.288672159661543,0.125
7,87.8764331056913,-5.207631135506702,0.0625
7,102.98655181302958,-77.74038594029288,0.8125
7,98.62451136053633,-93.56698480290908,0.9375
7,132.25168915327296,-98.93743079257746,1.0
7,138.73061606778313,-99.9496616200885,1.0
7,107.11736709200537,-83.2667273751302,0.875
7,120.51787123922428,-102.5192436476141,1.0
7,97.58050438771963,-32.116512168841545,0.375
7,147.7478284478444,-103.13412431548792,1.0
7,155.2555748658811,-100.94894382901406,1.0
7,92.79740211321815,-14.087882771190452,0.125
7,104.48753128169017,-69.34604052931985,0.6875
7,95.76805864834076,-22.292110558418273,0.25
7,140.37586307833806,-99.63305730011362,1.0
7,91.93449683273907,-62.31018788721495,0.6875
7,92.10126244728073,-58.80031591105612,0.625
7,126.67854878896141,-76.07659671446295,0.8125
7,71.95700899672181,-6.085213328820558,0.0625
7,101.54847692579546,-52.08795793342638,0.5625
7,104.18372864503137,-39.813639265572846,0.4375
7,155.80241367577653,-99.62733996112185,1.0
7,89.07521229196732,-11.167637363550677,0.125
7,152.36506017236556,-100.30181073265699,1.0
7,106.30935982353711,-70.08125919272683,0.75
7,102.34624261170917,-54.987297207715,0.5625
7,105.41150363717495,-69.03068431446648,0.75
7,132.20717850466755,-99.99076870968837,1.0
7,116.43955300696346,-91.05509264878306,0.9375
7,119.20623909389141,-100.80921607072261,1.0
7,144.55631816963785,-100.89060314223917,1.0
7,107.99337509860982,-71.18077259957174,0.75
7,128.06828950595903,-100.30379113664284,1.0
7,117.79470654726583,-76.22698209319684,0.8125
7,128.48240606977294,-88.11863179500064,0.875
7,80.90975605273218,-32.802964028303414,0.3125
7,93.94334980844312,-3.754894380546744,0.0625
7,119.54735016878521,-91.15241924375087,0.9375
7,145.90179737047808,-101.19926464284819,1.0
7,129.52740103018533,-90.56823989386432,0.9375
7,86.11792095794665,-37.774346734328006,0.4375
7,143.02350302692773,-99.12035523507974,1.0
7,110.39168589857672,-75.85265970863558,0.8125
7,97.18318509973327,-39.600743999581056,0.4375
7,108.14675042237134,-93.67235978433366,0.9375
7,113.12693379853226,-91.18416882230275,0.9375
7,101.53090018485433,-51.6369483049937,0.5625
7,105.67125573663951,-42.686073261875066,0.5
7,82.29693932054464,-15.23111588846242,0.1875
7,85.73998450223979,-4.617013281412743,0.0625
7,108.20333154266757,-83.15016419505683,0.875
7,110.18576556184702,-39.53755016278381,0.4375
7,118.34360821839205,-104.29156636967694,1.0
7,106.49518504160027,-51.5880082196836,0.5625
7,119.1943639704713,-76.99189489060218,0.8125
7,129.28359720251547,-91.0009423509148,0.9375
7,121.77123806672702,-90.72034762484978,0.9375
7,99.51149655394308,-57.70312330541761,0.625
7,100.09446213986479,-63.97202048533728,0.6875
7,128.52772422925153,-99.78802923621882,1.0
7,93.77831732795295,-9.806991414518706,0.125
7,125.89560397037583,-104.84880032495246,1.0
7,106.50930403925696,-15.37677794639727,0.1875
7,107.09126986095445,-77.93911490987512,0.8125
7,109.87873196691207,-91.90837111361643,0.9375
7,116.52063408020474,-69.27831790271782,0.75
7,101.40356544009421,-65.65493151477204,0.6875
7,100.97215358168515,-70.1859797846892,0.75
7,87.26686399950448,-23.40153504391914,0.25
7,132.43530093949784,-100.27118413487129,1.0
7,100.10125404564675,-65.80452061817178,0.6875
7,105.53413712740493,-92.24957943211399,0.9375
7,91.51906307403462,-26.407242818170687,0.3125
7,126.17892696718359,-92.74133245769849,0.9375
7,77.28659385056098,-8.28751363477218,0.0625
7,109.2039409917111,-83.93241342864226,0.875
7,87.27458172338007,-19.97042238286852,0.25
7,124.72554727783101,-99.45121567748332,1.0
7,136.15772103818944,-94.55219537342178,0.9375
7,92.7855730200636,-71.51119758133255,0.75
7,100.55290402129768,-15.691393774264728,0.1875
7,105.12885775352552,-41.355969222085875,0.4375
7,91.61894748412624,-63.30369393201922,0.625
7,109.18557643638817,-21.44535890100069,0.25
7,121.93432251354534,-73.08010044983642,0.75
7,169.0425308923957,-100.61867031010371,1.0
7,83.43962263436644,-13.092900769210853,0.125
7,97.06946640813548,-48.828499439388516,0.5
7,97.59327639887577,-84.76033594708835,0.875
7,117.37299477141974,-68.8789308915985,0.75
7,129.66935763905283,-100.42563265907012,1.0
7,149.96596808465455,-102.46331471760125,1.0
7,81.28065376222958,-8.16773422074118,0.0625
7,93.31160344125871,-31.982531758638373,0.375
7,109.95733956760634,-82.93167609762848,0.875
7,147.9888063470452,-100.89778407775715,1.0
7,95.72713517894381,-48.078391983118316,0.5
7,90.14753822334986,-12.047067025005678,0.125
7,154.25936590594253,-100.06467201477867,1.0
7,73.93011171072597,-8.201875545508932,0.0625
7,122.79742038134151,-86.90080307548769,0.875
7,145.17335519466437,-99.61541926612186,1.0
7,110.45898440345748,-47.03428986459608,0.5
7,153.01286609093933,-99.85112532642198,1.0
7,96.86603152000728,-22.5768618880127,0.25
7,73.65537045909998,-8.076718843555705,0.0625
7,101.33285707057283,-56.34704250789925,0.625
7,96.45346213193284,-46.42196270394784,0.5
7,109.90402081122528,-75.87854522463923,0.8125
7,129.22939582361485,-101.42928945585336,1.0
7,92.215124488083,-13.211952732834416,0.125
7,99.39535778261101,-77.31359807704612,0.8125
7,119.82733906635762,-86.15481464221894,0.875
7,128.2686495189612,-82.60443486114511,0.875
7,99.79245552069862,-21.875766140641673,0.1875
7,135.2276790961481,-100.2976999108392,1.0
7,86.5840144427767,-10.680088369137984,0.125
7,98.14410655685761,-64.81350080351946,0.6875
7,105.47444554128069,-69.25868727126456,0.75
7,101.7890373023608,-85.43286055917297,0.875
7,122.06024518719659,-101.96770801227127,1.0
7,73.19094509924975,-8.61821578905939,0.0625
7,130.9581828104277,-101.8555443615509,1.0
7,92.62672570403295,-60.4154305160692,0.625
7,80.1271207716401,-16.033160092474947,0.125
7,93.40073758392121,-40.79489054289615,0.4375
7,77.28553025017163,-15.819487849259414,0.125
7,127.87459060677465,-99.78526765713654,1.0
7,138.08623111637672,-93.42575296363283,0.9375
7,123.41261952812074,-91.09112689703159,0.9375
7,106.45667432755077,-63.9906029475587,0.5625
7,85.51581407162581,-26.73598627208002,0.3125
7,121.88870190510576,-98.96469783440233,1.0
7,122.96920801176499,-91.38096254200808,0.9375
7,101.37906115559143,-25.484209807455873,0.3125
7,91.83372811861656,-20.42780079789634,0.1875
7,102.5956456036031,-78.93983386364407,0.8125
7,117.48963615825363,-70.98497150515334,0.75
7,105.25724837490434,-64.16937792144881,0.6875
7,99.86241849821809,-26.144222378330763,0.3125
7,105.8545796126908,-76.7645629208886,0.8125
7,116.14455878765229,-91.13731100738907,0.9375
7,136.3615567102597,-100.9740345561117,1.0
7,105.34482373981125,-68.98703754284689,0.75
7,99.18471001218032,-70.07477201321689,0.75
7,118.13661674909639,-83.23694234712248,0.875
7,91.43570255646166,-20.62197403214407,0.25
7,116.81875480266623,-90.9941978080992,0.9375
7,124.31357913272893,-99.776809612741,1.0
7,77.91708391276573,-6.476517924444946,0.0625
7,120.10968803266506,-70.2552603971024,0.75
7,106.66134640819504,-57.0296183584651,0.625
7,70.19791956665935,-5.896336943250911,0.0625
7,88.33899927456292,-26.75962104257851,0.3125
7,120.73281345526259,-100.38115825727658,1.0
7,89.97670365806249,-9.58502321613744,0.125
7,94.53827852387448,-4.322731643349388,0.0625
7,118.48802506040256,-92.81980477469159,0.9375
7,86.44512757128722,-22.467355643640538,0.25
7,113.04041307373747,-82.70364210593088,0.875
7,88.21347110651409,-14.148181326460135,0.1875
7,96.59776334055735,-64.08266462356758,0.6875
7,101.40740752665644,-63.30367018880704,0.6875
7,106.81354973723394,-53.32230891495985,0.5625
7,135.68863827959763,-99.30164389100588,1.0
7,93.40398212715162,-20.87685389957417,0.25
7,77.96477003132969,-6.046181032623999,0.0625
7,127.51352839565737,-100.93675549357167,1.0
7,118.7917656535038,-92.93085186239837,0.9375
7,144.06081460784083,-100.17932642891653,1.0
7,133.06301888962665,-104.14636153241982,1.0
7,82.69626816068914,-6.513198744664822,0.0625
7,105.63375221578184,-77.75186468717412,0.8125
7,157.10453360314818,-100.63559741611373,1.0
7,137.65122715174053,-101.39831084680159,1.0
7,108.22573254942725,-77.90376001335325,0.8125
7,95.18715713474404,-37.67222851311675,0.4375
7,148.3010406901862,-98.80260166360512,1.0
7,92.49862806659227,-27.79877406461037,0.3125
7,86.86858621958602,-11.767946381744716,0.125
7,87.52282498896247,-10.576884515159769,0.125
7,98.75777462369591,-66.64577913372501,0.6875
7,92.10852461559163,-39.93938997518356,0.4375
7,102.73932284868468,-55.78555770864061,0.625
7,127.42784518024479,-91.06288041798197,0.9375
7,137.27647570585887,-91.25820232254046,0.9375
7,93.7292127895379,-39.543253563993225,0.4375
7,108.6433616306919,-55.24707129095675,0.625
7,96.20346073399246,-24.701660387516483,0.3125
7,87.022338997313,-34.10191630331578,0.375
7,111.88726365131639,-77.02356853111081,0.8125
7,103.38049984876352,-51.34559946407538,0.5625
7,120.49422036558649,-82.77830813789214,0.875
7,103.63459801441464,-60.87251525500912,0.625
7,87.77603201689901,-61.775501923417494,0.625
7,93.75714928871967,-38.70858970881033,0.4375
7,80.14361690256828,-5.752404791929864,0.0625
7,126.91112852137074,-100.40480391622023,1.0
7,88.84885039260655,-13.136552698480527,0.1875
7,112.61745548362958,-90.89267595880916,0.9375
7,133.48710527085728,-100.38739919507469,1.0
7,90.98657832064958,-6.418361329649381,0.0625
7,130.97017930653317,-99.79908377457994,1.0
7,110.85308479265545,-65.43541174705173,0.6875
7,119.0536398575228,-99.64609982977309,1.0
7,132.3774786809476,-99.48152628039102,1.0
7,117.36372936206263,-99.30597876720563,1.0
7,93.16815967299644,-34.512216611947764,0.375
7,88.69265179962132,-27.298347732302453,0.3125
7,108.87417247962307,-90.72708010921005,0.9375
7,108.06995818092568,-56.89986273235015,0.625
7,95.46015867652012,-51.65603771347183,0.5
7,140.8810753178849,-90.36098232688677,0.9375
7,117.23497404459884,-98.67594047531416,1.0
7,81.89484145205674,-44.47242324452278,0.5
7,104.25419441158358,-28.22142248878939,0.3125
7,82.52857489407869,-13.221372632865569,0.125
7,77.0796119874625,-7.470389163057586,0.0625
7,91.79660913660399,-24.362875970589016,0.25
7,146.3554735869683,-100.08809558235771,1.0
7,129.49023661043236,-102.13859461622532,1.0
7,101.27629202460461,-27.68097303658285,0.3125
7,93.38339417075578,-10.343484888817525,0.125
7,73.71448903660126,-14.766786105615282,0.125
7,154.33355756789535,-102.02549403558261,1.0
7,108.74785808237462,-101.48436037087671,1.0
7,125.6356177755651,-94.51265198259571,0.9375
7,136.33924823466225,-100.98073572064322,1.0
7,77.0331242972871,-7.418820524229109,0.0625
7,87.501647823163,-46.42142372829917,0.5
7,187.84491640279015,-102.11800180340245,1.0
7,111.19196484794492,-78.09011675761033,0.8125
7,88.58857761604983,-42.01897585632051,0.4375
7,101.4889994410831,-76.57272360911493,0.8125
7,95.83469531491036,-31.49906294390901,0.375
7,96.30732160437569,-45.64923428358117,0.5
7,151.90750776040437,-100.38544760372756,1.0
7,141.61678770908415,-102.23854805879604,1.0
7,116.85515825809824,-90.57013736790637,0.9375
7,118.44136417718893,-91.07822111445378,0.9375
7,122.78960173760882,-100.47320846281228,1.0
7,107.1592742527154,-64.22705371970898,0.6875
7,91.37611123652445,-63.74408908649464,0.6875
7,96.40046588429175,-78.75610886138985,0.8125
7,110.12258901371126,-83.22360139423566,0.875
7,110.39174668111433,-55.499603663756766,0.625
7,103.32182986253132,-73.30574291169417,0.75
7,112.39009889872654,-95.39361770080039,0.9375
7,106.30072152777443,-78.90520922576326,0.8125
7,148.4567044219749,-100.32074058023373,1.0
7,145.0030582367922,-101.18209952759346,1.0
7,116.53926986883711,-92.94317270366693,0.9375
7,84.09063974807327,-5.789026109319932,0.0625
7,90.11694242799173,-32.54921342723688,0.375
7,107.5113479543635,-73.88924774612829,0.75
7,139.72378180738824,-99.88095511504756,1.0
7,88.00810654460491,-12.577016967824994,0.125
7,106.73789942558058,-57.59291777596293,0.625
7,98.52409919684573,-29.20901634801851,0.3125
7,75.635260372503,-7.068262556642073,0.0625
7,115.16548233226511,-93.39931030904819,0.9375
7,119.70633120006148,-85.47031160580518,0.875
7,108.43468518586559,-56.10857883332229,0.625
7,96.41068753872332,-5.691487244127006,0.0625
7,114.22644152851056,-100.42720806806722,1.0
7,111.68067450038114,-103.77825289327379,1.0
7,73.28720620700703,-7.045648193312292,0.0625
7,81.28406805927045,-6.641687581581463,0.0625
7,111.88719160628331,-93.86041394271582,0.9375
7,142.7527906150094,-100.55119609407086,1.0
7,133.75417769901568,-99.51794081149659,1.0
7,76.40973385919288,-11.917835327979038,0.125
7,116.23622142523212,-92.60141800046237,0.9375
7,82.79227485754629,-5.133424863343436,0.0625
7,85.10973245288884,-10.901345603233494,0.125
7,92.13598582900964,-57.36934486994175,0.625
7,78.57353159709875,-6.429819985614291,0.0625
7,125.07731834385021,-102.27144658020127,1.0
7,123.76342304726064,-93.39966765790743,0.9375
7,70.80928345776273,-7.7596574837320995,0.0625
7,95.58914839904116,-40.03459141637905,0.4375
7,97.79118548079406,-29.808820430418294,0.3125
7,155.4783104413713,-100.16797718136604,1.0
7,82.3676892864366,-3.8133024929533836,0.0625
7,143.81087921931274,-101.46643151432777,1.0
7,104.0838152608351,-63.81742620763257,0.6875
7,141.06498131324622,-100.11408619860737,1.0
7,98.80355288809639,-35.49592499536987,0.375
7,96.70200079768514,-27.848421764074423,0.3125
7,111.23692088126253,-70.80336250808197,0.75
7,90.9003444526677,-44.548435010400475,0.5
7,112.60729092092761,-85.24770760820032,0.875
7,109.93587314407019,-83.25153383836219,0.875
7,106.05863501305367,-61.76292762000627,0.6875
7,95.36462509791957,-45.26725234480436,0.5
7,130.66974017536066,-99.43963441401674,1.0
7,105.52037448302596,-49.1268183660593,0.5625
7,81.10955438528566,-13.131520225262676,0.125
7,123.72453894781191,-91.48703868357522,0.9375
7,78.92333935676923,-5.796886881220937,0.0625
7,97.53487034985235,-68.93495292014383,0.75
7,141.9703051447726,-100.5112288996325,1.0
7,101.56584639995478,-47.668093980840105,0.5
7,71.2537366196918,-6.30212820149315,0.0625
7,103.66898710938118,-49.71560385402991,0.5625
7,115.2628670054361,-101.09530942104638,1.0
7,97.06799025692071,-36.82011767423332,0.4375
7,136.8095992300796,-99.71723983830164,1.0
7,108.45889680855537,-69.42319576869464,0.75
7,108.42353264242244,-79.16472062507998,0.8125
7,104.61690791041369,-70.65800327905039,0.75
7,129.99469430982973,-98.94007009767151,1.0
7,94.58850040281621,-48.975221069268926,0.5625
7,105.28937447324782,-78.71170543777137,0.8125
7,118.05483861669188,-70.17029829413883,0.75
7,148.16131198693608,-103.61568738875663,1.0
7,87.1969315801152,-9.44364051350134,0.125
7,135.34313220647948,-100.17245143561678,1.0
7,80.89193217951697,-11.76140788064397,0.125
7,113.02098324181786,-78.55796505599888,0.8125
7,119.85656383426306,-100.43393822384121,1.0
7,95.9409795071996,-59.30835236194498,0.625
7,89.99447695448517,-12.804724822603808,0.125
7,108.15226921074634,-78.83318119473077,0.8125
7,154.14195472542528,-100.74243001620692,1.0
7,104.18431641553467,-86.95404209773379,0.875
7,103.51483632435108,-49.795150071482006,0.5625
7,94.92162023729693,-19.81624414416779,0.25
7,90.1878878344991,-52.106539325332115,0.5625
7,140.52519684451443,-100.06697726246712,1.0
7,136.1900324232553,-99.83443966376575,1.0
7,111.25728908289449,-91.70278855616642,0.9375
7,112.29186427556617,-89.26243654707088,0.875
7,109.05700158063276,-99.25232356149805,1.0
7,90.5386759871465,-21.40688633887156,0.25
7,105.51257830041301,-93.25034415293882,0.9375
7,103.74549990298756,-19.88640040905907,0.25
7,115.66167626191543,-91.8406274178621,0.9375
7,104.34831316951035,-8.89601839552764,0.125
7,93.81319145355343,-27.250594995721137,0.3125
7,151.02321878870464,-99.84503519522242,1.0
7,64.94295064297062,-13.807210571761706,0.125
7,146.01702454968105,-99.69470407175521,1.0
7,124.15066152773832,-90.48743823218284,0.9375
7,93.04068867124188,-45.87480321859441,0.5
7,94.48405855836836,-71.30619765749015,0.75
7,74.81970656056085,-6.704170939668567,0.0625
7,95.49072456513488,-10.42029491498832,0.125
7,96.89166401167972,-67.90758679571246,0.6875
7,92.30353784085918,-38.027941260744164,0.4375
7,110.49444754684279,-73.34565736731956,0.75
7,114.80477798639824,-77.14995959460006,0.8125
7,90.9940767536113,-38.31623433965174,0.4375
7,95.82006233984924,-30.790343413941365,0.375
7,83.50049283689195,-6.84384666596103,0.0625
7,96.93075663919998,-21.08346457644784,0.25
7,125.22186420412844,-90.71838495258261,0.9375
7,136.71598156785333,-99.1154098311377,1.0
7,119.41010100468318,-100.00470925720941,1.0
7,111.92371493911118,-91.32076235382328,0.9375
7,108.188300923503,-68.59659958333278,0.75
7,90.4165686757946,-45.70376975452391,0.5
7,85.31505041782651,-14.95654330651276,0.1875
7,118.68898722246004,-71.69270972186352,0.75
7,87.17015416070181,-51.717431935421565,0.5625
7,107.708678649116,-66.62442831984299,0.6875
7,101.41631561954887,-83.919663429329,0.875
7,99.911199757513,-50.93903176455135,0.5625
7,119.20480536094675,-102.02066359917912,1.0
7,105.4920904242892,-90.25213255591751,0.9375
7,99.56941191543088,-24.925673687086046,0.3125
7,116.71813565373732,-99.8574050298527,1.0
7,130.3042431114187,-103.36154634489928,1.0
7,113.98650900313687,-100.88764252044356,1.0
7,139.42441386913956,-99.21447742371325,1.0
7,117.72240085960466,-77.88874755051205,0.8125
7,86.41064165606208,-22.004350216940818,0.25
7,109.21476530462641,-37.708685429403594,0.4375
7,110.6320183987999,-57.124715989895165,0.625
7,85.93512722834909,-6.336474748593187,0.0625
7,94.51476986110062,-28.351571081035555,0.3125
7,129.67811361262176,-98.79379224122553,1.0
7,95.50117981409645,-9.646958262579338,0.125
7,109.06859863408562,-72.6015909713632,0.75
7,91.66052639574282,-30.995330987823525,0.3125
7,96.78909605970688,-7.99913892419308,0.125
7,107.0287553815608,-26.83789124779719,0.3125
7,103.50396783203865,-78.72539339307299,0.8125
7,106.83366053731345,-77.15791908506912,0.8125
7,118.10008361717222,-98.66605733145964,1.0
7,113.61275110921873,-93.49034633536911,0.9375
7,93.54840918931365,-50.084744497426065,0.5625
7,91.63924064892728,-51.69750857799444,0.5625
7,99.51159531477145,-69.8823347875507,0.75
7,117.9495698839892,-78.31771732748696,0.8125
7,116.48639457616186,-90.9322563458436,0.9375
7,89.13227713951383,-10.877615519500987,0.125
7,166.18601880540785,-102.30466235047619,1.0
7,79.45079306370431,-6.334665067463497,0.0625
7,106.61503339406977,-38.417436548722414,0.4375
7,117.07449332453663,-51.06886088837667,0.5625
7,123.69204484308717,-91.021241059731,0.9375
7,77.26872727866679,-6.696004326685,0.0625
7,73.22532731014397,-6.284811324317735,0.0625
7,109.41575799033438,-57.3419865664854,0.625
7,104.12968255155717,-75.99252468973954,0.8125
7,90.42257041571415,-20.57590493177195,0.25
7,104.42060030690519,-63.961677800282814,0.6875
7,98.86320986506266,-32.375120838000626,0.375
7,98.00121563584983,-23.563361491662807,0.25
7,93.10611522411094,-13.941010938233557,0.125
7,107.68634344643269,-64.60946269689235,0.6875
7,110.03294510769392,-90.4128722749725,0.9375
7,69.77420787589519,-6.72858132484479,0.0625
7,99.059591393044,-14.61547432006187,0.1875
7,127.63457501092743,-101.29876910087276,1.0
7,101.71105675888381,-75.1853388997448,0.75
7,111.05954685879517,-77.6165687877994,0.8125
7,89.11988681113652,-38.34684010905873,0.4375
7,77.80693145313181,-26.926026167667708,0.25
7,119.01515888242986,-90.41022644273683,0.9375
7,84.2772314006066,-4.216713620749366,0.0625
7,135.36310698599306,-101.24915993703328,1.0
7,133.17581999218768,-99.53616688372344,1.0
7,86.85755581901749,-5.565010856825425,0.0625
7,99.12506630469147,-59.4343239921042,0.625
7,113.43357343518343,-100.70393149102075,1.0
7,149.31817072071235,-100.16085283190957,1.0
7,100.35038511742182,-64.26571536446959,0.6875
7,84.48041251062925,-4.496197164103642,0.0625
7,103.21775752998322,-60.349853805824196,0.625
7,69.10088441920293,-6.147246545960515,0.0625
7,110.06134811290505,-94.39256359940606,0.9375
7,89.24915869955066,-22.876744666907687,0.25
7,112.59734244154393,-84.19564806969765,0.875
7,115.59275427451547,-91.963494967071,0.9375
7,89.08740276302267,-11.070657918687232,0.125
7,105.89518438442214,-56.65251025724795,0.625
7,103.01750769940541,-78.7623688524778,0.8125
7,101.0368693931453,-78.03455845567439,0.8125
7,134.93268037035872,-100.38057843392065,1.0
7,121.7829645540055,-99.83157483358276,1.0
7,107.3042262471557,-84.16581006798008,0.875
7,129.3412951093737,-99.8104916474958,1.0
7,92.86450743536425,-65.46261753448135,0.6875
7,78.98458493444572,-4.562258030190085,0.0625
7,164.4664984537466,-101.14726918837188,1.0
7,94.70812475159659,-33.22020670114869,0.375
7,98.10061402230694,-46.54018665097825,0.5
7,146.3886369593303,-100.62458322335998,1.0
7,87.24667073157157,-16.940571397710368,0.1875
7,141.29090065673486,-100.7253272080228,1.0
7,74.95963218556851,-6.558494520375928,0.0625
7,92.07753836081527,-16.467865771787036,0.1875
7,132.20215416412887,-100.32283148454313,1.0
7,133.6071471971082,-100.28884841576392,1.0
7,108.11880754001224,-74.09922288736853,0.75
7,96.75621591954827,-47.07432773417812,0.5
7,95.44888308759953,-76.73467708694385,0.8125
7,126.70237761369647,-91.29796442069642,0.9375
7,113.33147674825825,-70.53184304170406,0.75
7,133.3461942275038,-102.54824485511101,1.0
7,117.11439754789062,-101.95226049645463,1.0
7,92.99990407564309,-64.76939108236647,0.6875
7,88.47096716529695,-8.555905411859051,0.125
7,100.72772317051242,-9.38135915682983,0.125
7,126.35430113246161,-101.00693860423408,1.0
7,114.79769656941198,-99.96915130312507,1.0
7,133.6224615618878,-100.99385987798313,1.0
7,99.98564129213202,-71.09982824661624,0.75
7,147.89236715945924,-101.67531352353944,1.0
7,115.47718350175134,-70.27337444460898,0.75
7,78.89604683883726,-5.992176587260464,0.0625
7,139.85377125027068,-100.0551972462054,1.0
7,85.44611905471832,-49.535929131498236,0.5
7,108.52251498579815,-71.12459126096195,0.75
7,121.44444250567767,-91.35572343082927,0.9375
7,83.26161955281877,-6.532309059632643,0.0625
7,92.25433616355897,-58.57868268109943,0.625
7,104.68022735870748,-58.25548387552035,0.625
7,123.06874414560963,-77.17931772717371,0.8125
7,168.66301258180278,-102.13307131427999,1.0
7,114.21989615872843,-98.99146308542876,1.0
7,91.74444300805449,-34.44306050376013,0.375
7,95.42294702132756,-11.403871820865444,0.125
7,119.37321174868308,-91.08347436319,0.9375
7,112.33777666698337,-90.2174505138001,0.9375
7,123.29009185462363,-91.26215471624593,0.9375
7,103.8191814682837,-49.15647943517443,0.5625
7,116.35191575167568,-71.19862718140128,0.75
7,123.07909069481428,-90.52468255238938,0.9375
7,74.26870798282992,-6.62176275457659,0.0625
7,108.42020417025253,-51.075819711146394,0.5625
7,81.37097642008948,-7.220052158984605,0.0625
7,105.36161960036661,-77.17903804797112,0.8125
7,107.29895803458591,-70.22169870958243,0.75
7,82.99984705481603,-5.930628849811301,0.0625
7,129.1529808439584,-99.80160225904746,1.0
7,96.4232555939733,-77.47269408681426,0.8125
7,95.53218070290609,-19.972959340086845,0.25
7,94.85417547879021,-26.72674395967693,0.3125
7,110.38602052142299,-90.15172838770818,0.9375
7,114.00840068316114,-93.41695742033176,0.9375
7,79.35137367571953,-5.933914527680367,0.0625
7,104.34993495775365,-63.66559365336168,0.6875
7,111.91761945942844,-55.23235035218158,0.625
7,112.50794951443488,-101.84320531580255,1.0
7,102.52925080002572,-55.76653302304874,0.625
7,130.03713296006703,-99.56861200257978,1.0
7,118.00638737741549,-101.4008508974817,1.0
7,95.1288445692806,-39.53068936434764,0.4375
7,77.24813582614746,-10.528740177744757,0.125
7,144.52134033136198,-103.14009686647495,1.0
7,103.95929616806907,-77.12903456633617,0.8125
7,101.66341312448093,-56.43856109238216,0.625
7,169.88449638036298,-101.24356832309245,1.0
7,133.8912913307832,-100.14654623591609,1.0
7,112.28927546601035,-69.27521918396569,0.75
7,79.69556951295814,-11.043492532048312,0.125
7,76.8987395699839,-6.879944226469398,0.0625
7,99.69866124629799,-19.975845209242635,0.25
7,144.01994256990395,-100.48350818487962,1.0
7,81.47246903676871,-5.467703947921492,0.0625
7,105.4215873355048,-71.24926494005683,0.75
7,98.84583678287488,-77.08440057680124,0.8125
7,105.72657089039821,-95.37547191368024,0.9375
7,124.80231800848425,-102.27284164346018,1.0
7,82.25281733144939,-6.609401488965647,0.0625
7,83.21757046285968,-6.601335299264996,0.0625
7,113.55698606545856,-85.56452227717568,0.875
7,128.70390281189515,-91.14944011192453,0.9375
7,120.29985345411689,-75.6486581733834,0.8125
7,98.65430293282809,-39.813674551980576,0.4375
7,90.72947025187361,-33.906666165201024,0.375
7,80.49584729325512,-41.2073415802651,0.4375
7,123.74038233020738,-99.60226213217813,1.0
7,92.32350730380601,-41.32442466969872,0.4375
7,108.45699597782126,-51.80684364460143,0.5625
7,83.31029404191334,-4.837360082800316,0.0625
7,66.05449149959237,-6.594580461396764,0.0625
7,102.0742778327374,-20.890225064819028,0.25
7,91.96907327336726,-39.59492469752704,0.4375
7,95.0655805879199,-45.567448487526306,0.5
7,95.8683493099117,-31.883548235169197,0.375
7,102.37550584455768,-51.03117933278121,0.5625
7,121.41772852095562,-99.44258751317955,1.0
7,117.7143727078702,-92.42716311026169,0.9375
7,92.03918144587516,-23.478854518771264,0.25
7,82.23180263329492,-28.5859436629184,0.3125
7,94.87019976571784,-26.404358355697774,0.3125
7,114.32379529760249,-76.33441587239817,0.8125
7,125.73250264860678,-101.59343498152178,1.0
7,92.70920500782374,-51.264745407324405,0.5625
7,148.78716156460365,-101.19962761375287,1.0
7,81.51872150951156,-6.158136400614105,0.0625
7,90.81557713951157,-5.475897274842931,0.0625
7,115.05151115406483,-90.74704139611498,0.9375
7,93.41609455357568,-47.33122848221314,0.5
7,96.88532948076667,-15.42339220018165,0.1875
7,142.65795963024362,-99.80801380235067,1.0
7,92.01854501608808,-45.426639111929966,0.5
7,101.71449377696979,-85.37303930746546,0.875
7,102.027935900895,-64.91680906151262,0.6875
7,131.4140153327778,-103.24335285581391,1.0
7,83.8685578720839,-9.076173878633822,0.125
7,115.11394775661823,-91.39597818199871,0.9375
7,93.11373229941972,-57.07703909730572,0.625
7,89.72551288049189,-10.586611521074529,0.125
7,132.68771920325372,-100.91163516368844,1.0
7,141.80425788172434,-100.84846062611345,1.0
7,123.95603577772792,-92.58196490061368,0.9375
7,111.7962049057649,-100.26213846149187,1.0
7,102.75607584522588,-51.55174457237078,0.5625
7,92.7732721725969,-47.28743553067714,0.5
7,86.3723110820293,-4.903806760554939,0.0625
7,74.5787636897908,-7.259522304323378,0.0625
7,82.0121763564529,-11.34827783871866,0.125
7,107.01634345834397,-63.004179028990194,0.6875
7,129.79396700207204,-99.12869740742998,1.0
7,78.50602767649352,-5.176122335259065,0.0625
7,110.78273751366325,-84.26809238058144,0.8125
7,117.87500150768331,-69.77816074884551,0.75
7,120.70737145986617,-90.72848992203744,0.9375
7,110.23950625401827,-92.38705130119898,0.9375
7,169.0720258305436,-101.47797258012976,1.0
7,80.18276203002166,-16.34831019858551,0.125
7,79.79409497257863,-5.124636320302552,0.0625
7,127.42186770242385,-91.75380724350902,0.9375
7,116.44164510137726,-69.97944174444163,0.75
7,91.60982194814011,-37.1378791517511,0.4375
7,87.32377935241456,-29.10208941686879,0.3125
7,79.35253915057348,-5.944380500052757,0.0625
7,81.55565526913328,-14.072114228440654,0.125
7,114.53840566945183,-90.64885444006548,0.9375
7,98.38937440056007,-38.799123944563455,0.4375
7,144.0120966622628,-101.41661167961286,1.0
7,86.5898709581274,-5.896559034873116,0.0625
7,105.59783307045838,-78.9204739989086,0.8125
7,204.598946594374,-102.76347525402396,1.0
7,126.6031286643153,-102.59548244484544,1.0
7,109.324867689469,-92.22585124300474,0.9375
7,110.58342333399969,-87.53564067522792,0.875
7,100.66873626803567,-49.25747605644099,0.5625
7,124.85120639067058,-91.29751597340825,0.9375
7,121.64623537296568,-99.66503765543477,1.0
7,151.60826314820105,-100.49841250261427,1.0
7,108.71334290035621,-50.558007577378795,0.5625
7,86.84710448984102,-4.937290619057452,0.0625
7,104.42841866999598,-9.732739984123613,0.125
7,126.88554507941674,-99.92327323812948,1.0
7,103.32593571691564,-69.49165748639155,0.75
7,95.5305613053643,-29.842884912383656,0.3125
7,121.54081309296984,-91.36017731257304,0.9375
7,102.03881835007877,-50.63445473351993,0.5625
7,96.72748430898783,-49.059488020352966,0.5625
7,93.48788146782533,-62.66676280409816,0.6875
7,95.32927136252253,-28.204404712046415,0.3125
7,125.46010245679796,-98.96798721107056,1.0
7,105.0615009547786,-73.39904091040744,0.75
7,108.16871578313734,-49.098824197387465,0.5625
7,109.32969464730976,-76.50284589851198,0.8125
7,135.5576637416331,-101.62318712984857,1.0
7,102.09284786056713,-53.324202908285976,0.5625
7,115.00634839154552,-85.30028778089198,0.875
7,85.38276302348169,-11.625794883655848,0.125
7,96.12748635366806,-49.93998129968769,0.5625
7,95.84667962202988,-41.109989738850146,0.4375
7,85.94527066559007,-21.07336656719347,0.25
7,82.71284254210791,-13.785803525873353,0.125
7,104.6141070063473,-68.15052670791184,0.75
7,118.06216040838886,-94.0800264587073,0.9375
7,99.05684961872224,-56.651609471453,0.625
7,137.77175873232548,-99.03766037697798,1.0
7,96.594068322997,-39.63375662669969,0.4375
7,116.34781273473355,-98.9165578895836,1.0
7,74.02400056723913,-7.410672383742315,0.0625
7,113.45820073607764,-52.02540322341938,0.5625
7,90.48997858651711,-11.486478552911857,0.125
7,110.99818619045361,-99.32518336978565,1.0
7,105.4697233193699,-77.29420052033241,0.8125
7,146.78685512571693,-101.12954074737578,1.0
7,79.79308355927176,-19.831850932580412,0.25
7,110.94621082185367,-63.728366078963916,0.6875
7,116.24360146126749,-49.47512935382599,0.5625
7,121.20132134246934,-80.01999346181,0.8125
7,102.5667153523819,-48.61995235939566,0.5625
7,116.168602290085,-91.68906834679312,0.9375
7,166.19123887623434,-100.78472447141402,1.0
7,140.3545029636791,-99.68964572027417,1.0
7,129.81724018275403,-100.10084408301556,1.0
7,112.2028813086209,-100.17273634811784,1.0
7,81.98681953195035,-7.622600960787998,0.0625
7,103.12034227560403,-43.95704598557318,0.5
7,152.21328549508394,-100.26105810923117,1.0
7,89.58401175972527,-19.9256904724201,0.1875
7,111.77646184759793,-76.21254424693089,0.8125
7,101.14874392268216,-59.2703274714324,0.625
7,103.69851307832698,-79.63733158327678,0.8125
7,89.76393197309798,-34.22837692690056,0.375
7,131.45062055703406,-103.06654122777472,1.0
7,110.50875744867929,-92.09108515015089,0.9375
7,99.77047470969651,-51.15263478040637,0.5625
7,96.92243904901791,-51.78087233668106,0.5625
7,104.52711806023368,-76.88601676322024,0.8125
7,93.87947386555628,-10.89961671961759,0.125
7,148.35306831766718,-100.01581824076602,1.0
7,140.95477089614502,-100.0168606015897,1.0
7,96.07619874250489,-46.16993101649029,0.5
7,110.32647657483044,-92.62932807891092,0.9375
7,112.18900147304407,-98.8620010791965,1.0
7,91.11622826044811,-24.00718557961707,0.25
7,110.79458589651911,-77.93039754133565,0.8125
7,91.42837725557058,-25.5241150042146,0.3125
7,93.17193169600809,-51.69816814394695,0.5625
7,100.62773121652302,-32.32014698838604,0.3125
7,127.95391531981488,-100.3233007383271,1.0
7,130.74138603860214,-100.27784764392936,1.0
7,127.1801473448007,-91.41218280295848,0.9375
7,81.81352134748245,-5.929921329382617,0.0625
7,92.35086817637563,-41.182662925006554,0.4375
7,106.75808213402529,-68.66733554581214,0.75
7,133.7334645201635,-99.99165534959143,1.0
7,103.75520082671787,-50.3454043407085,0.5625
7,91.0373218753426,-35.16489577385495,0.375
7,68.52547818184433,-6.360515347738486,0.0625
7,116.50126156064545,-63.61215969690348,0.6875
7,77.20281645972015,-12.889531731623382,0.125
7,103.2335981250007,-43.37098486629293,0.5
7,108.44383434213944,-90.51216978618031,0.9375
7,110.94770105492185,-39.66447621399276,0.4375
7,111.89276473144676,-80.78224586226669,0.8125
7,98.64507271131136,-33.747172012978,0.375
7,115.25239061434995,-91.50173232478387,0.9375
7,113.75914393379335,-90.80591005339608,0.9375
7,76.76153007266223,-6.737352593210299,0.0625
7,131.8608748284765,-99.29670989086564,1.0
7,68.35718029784381,-15.637664865389128,0.125
7,102.1646307453741,-71.78913146729377,0.75
7,72.81865704618859,-5.958114354647047,0.0625
7,117.24379925180355,-90.6075394758348,0.9375
7,123.0846444850432,-103.0829004940055,1.0
7,115.63798719437999,-91.50373268227669,0.9375
7,87.80886822629726,-3.8911424809034365,0.0625
7,86.51762902363332,-37.016675835203,0.4375
7,80.13689879328633,-0.49062155609874625,0.0
7,104.72285126476856,-70.68965376844318,0.75
7,106.7769751940726,-83.87014457191081,0.875
7,127.0065677942315,-102.01465543805693,1.0
7,115.94694798954161,-32.077724440713396,0.375
7,66.23543162338235,-6.797575613175944,0.0625
7,107.14367160041347,-47.56606148139363,0.5
7,86.09619786764313,-29.296088363116695,0.3125
7,107.41014827261388,-59.53004432002829,0.625
7,98.30568289968349,-39.078737681800604,0.4375
7,125.75714976880026,-71.15166800765999,0.75
7,115.75484398713152,-71.30993021780245,0.75
7,88.27815793174393,-37.925616974322075,0.4375
7,116.43382545884148,-98.72083701552673,1.0
7,82.42699585117238,-13.717451843970112,0.1875
7,126.73995910153413,-100.76690824584126,1.0
7,91.52154183099235,-9.443277052266817,0.125
7,108.03097193335871,-11.968000748753084,0.125
7,97.28939581949032,-32.81660032145917,0.375
7,88.5525092317136,-20.838795299843152,0.25
7,104.37874214628668,-86.17900847276462,0.875
7,118.57526719819236,-91.98551647754651,0.9375
7,119.45290021725718,-86.16482440650508,0.875
7,96.94851664914398,-16.888938354870447,0.1875
7,123.48246287319353,-93.17722269317551,0.9375
7,98.54806922544147,-62.1706148703558,0.625
7,94.32260338232481,-29.86341085959787,0.3125
7,126.27284488790708,-69.11332360385225,0.75
7,104.89786618280755,-57.38333813541743,0.625
7,124.4011551599615,-100.61178452663074,1.0
7,68.55268663521107,-9.157892996867789,0.0625
7,98.70319594991808,-44.54757266189078,0.5
7,102.7691257727482,-91.00251830375973,0.9375
7,99.2751742180815,-21.232078090822075,0.25
7,100.14390665518977,-45.67048756262877,0.5
7,105.58627880700821,-68.93423119904182,0.75
7,105.51811752582259,-37.400237834730234,0.4375
7,119.62361678468767,-83.98966022377772,0.875
7,134.4682390337507,-99.74418356029555,1.0
7,109.23124643677147,-68.41003572304125,0.75
7,84.89619759594177,-4.302569027593793,0.0625
7,91.15265822379753,-21.12668539667015,0.1875
7,95.44327149359515,-40.789609769284084,0.4375
7,150.59318970153242,-103.02797881769462,1.0
7,152.361860219912,-100.54491629210658,1.0
7,131.78238459780044,-101.57575939049978,1.0
7,114.81669123849333,-63.07600882299719,0.6875
7,116.88528727416083,-69.22828549908284,0.75
7,141.30811506876196,-100.51541846262293,1.0
7,80.03852059608143,-6.376559845588274,0.0625
7,103.22823262932843,-75.15824312884922,0.8125
7,81.5738418465026,-6.739216282745533,0.0625
7,112.32835574049386,-101.35612582005412,1.0
7,132.9831332532665,-100.65998463751639,1.0
7,117.43913919940401,-101.42580785195499,1.0
7,103.60360391709243,-93.80814056850252,0.9375
7,132.1429624860187,-100.35157437720481,1.0
7,102.41023621071275,-18.229680779260782,0.1875
7,96.03747731148462,-12.368391952294363,0.125
7,79.76472839214843,-29.277564708445507,0.3125
7,104.63759426792872,-84.35879746372132,0.875
7,145.8290919314358,-99.95981437373665,1.0
7,82.0784110563475,-4.5859540688772045,0.0625
7,126.76038138682601,-91.93732025636668,0.9375
7,110.30039936735032,-100.67705729408672,1.0
7,101.74508977870076,-40.08699001210192,0.4375
7,86.4056681495212,-4.45906184649973,0.0625
7,131.00064537000367,-99.08643009290982,1.0
7,128.65528472665048,-99.5592225412652,1.0
7,105.69723326498664,-92.74868403117902,0.9375
7,133.7041088243163,-98.14562326781473,1.0
7,94.9991317193625,-10.397027861395964,0.125
7,90.95981494718222,-47.71960384888586,0.5
7,109.00503801062791,-90.73636305983106,0.9375
7,152.86513623152473,-102.50801946269902,1.0
7,120.10757659192438,-87.86980924465769,0.875
7,108.35586095348746,-78.76975531769595,0.8125
7,99.61128235720801,-83.31686832858972,0.875
7,67.36827266883839,-13.431692992750298,0.125
7,94.26855215627288,-34.076871500081005,0.375
7,78.54485249623502,-12.912527679040144,0.125
7,111.71725667045382,-99.4099611732309,1.0
7,127.41404373011338,-101.07412678542491,1.0
7,117.1639163940243,-100.1167788343194,1.0
7,87.24120424165183,-19.794648193033435,0.25
7,107.23846394656908,-38.75674974488991,0.4375
7,118.93387110490794,-93.09303894325436,0.9375
7,108.82460464205468,-78.8843630660334,0.8125
7,115.60613390983198,-91.96920929667478,0.9375
7,99.16256497860822,-75.93714269145154,0.8125
7,86.78871220743883,-3.825301949698737,0.0625
7,91.31309247490564,-24.993189632137263,0.3125
7,124.49511996538163,-99.69113651882155,1.0
7,113.0849655424473,-75.46060090527115,0.8125
7,113.25565695723681,-79.0198548173888,0.8125
7,94.17377847861385,-10.090539560709667,0.125
7,127.00934089095529,-90.67989489224772,0.9375
7,104.58621196575517,-49.68421425939042,0.5625
7,97.32469370896581,-46.26180498818815,0.5
7,103.31429710920214,-28.064252856858992,0.3125
7,89.74258693697425,-14.297627805409093,0.1875
7,88.67312341902498,-60.88705118409546,0.625
7,93.86390041635393,-53.721298513963696,0.5625
7,115.28435553216269,-78.23324054799411,0.8125
7,124.23674175089666,-91.92336360864083,0.9375
7,137.92709820619865,-99.5343560672128,1.0
7,101.39020937851902,-79.74180918602401,0.8125
7,141.80296867742362,-99.57804718772029,1.0
7,109.25510072866086,-51.0863029700707,0.5625
7,87.68282998495582,-26.72927298743804,0.3125
7,127.95073832097323,-101.91934019962186,1.0
7,118.08521254663624,-93.32595733638169,0.9375
7,116.1550627339087,-104.0087423312344,1.0
7,88.23301992152085,-10.929759412914956,0.125
7,117.75270416633555,-63.27974883715813,0.6875
7,129.3380574249884,-90.90847527800615,0.9375
7,116.2830180848474,-90.60496787903587,0.9375
7,69.83430856822386,-6.174951130623623,0.0625
7,69.03890195927639,-13.409862248633488,0.125
7,121.73257962631645,-102.99820770184172,1.0
7,117.45407583381005,-71.98379912840274,0.75
7,111.56887941304564,-100.17609962682965,1.0
7,95.60763002657697,-44.02190724360259,0.4375
7,103.83391477561833,-63.73614764386773,0.6875
7,107.51847708223575,-102.34778487881982,1.0
7,92.54181480541503,-58.63003174865688,0.625
7,85.34120807315095,-6.099073394606778,0.0625
7,108.70920087745372,-92.304540871832,0.9375
7,89.15261887645913,-28.738637783646663,0.3125
7,92.51646815528413,-10.220700566462403,0.125
7,128.67847864945,-99.51022538454255,1.0
7,138.62559513710653,-100.53225643433763,1.0
7,65.05417569823462,-14.798769400834102,0.125
7,99.90101570798,-31.51391777193445,0.375
7,149.42674106877033,-101.79852772030864,1.0
7,137.24850522662643,-92.71947817864353,0.9375
7,122.6256898292916,-92.79674903892763,0.9375
7,116.4885764696991,-91.34612160078993,0.9375
7,96.78028107053748,-92.42911214115315,0.9375
7,98.70915544848022,-45.747596326731426,0.5
7,117.6938608848703,-91.26511421628366,0.9375
7,123.9274076225402,-99.4487937490114,1.0
7,93.5586846750753,-20.106053841610276,0.25
7,110.93327852538914,-77.01997872786978,0.8125
7,108.52085228599995,-70.34645523384991,0.75
7,127.47180498739618,-99.49267242610377,1.0
7,79.09953230740024,-12.744191330445064,0.125
7,106.33293981798869,-76.21830236854163,0.75
7,87.25483769829266,-6.807588150433678,0.0625
7,101.28663344925519,-49.86704214782244,0.5625
7,80.8016701299914,-8.205208588787846,0.0625
7,134.30882384650405,-100.72846338766612,1.0
7,106.83780491574646,-84.91129437154213,0.875
7,99.84685898046801,-66.3039021316048,0.6875
7,145.0757368342258,-102.85744324590227,1.0
7,100.0514711628759,-85.81615726437182,0.875
7,86.37370767488784,-16.628776764902533,0.1875
7,64.95776362472414,-7.639322201075379,0.0625
7,116.40403375908606,-84.40070428162267,0.875
7,97.39768835892157,-85.37877684578076,0.875
7,109.93910724354528,-101.11913891015935,1.0
7,74.53053086226066,-5.591746016175524,0.0625
7,128.35295152611837,-100.55888553090433,1.0
7,103.47137418713035,-84.02615713669628,0.875
7,89.87514125700972,-16.05861062476773,0.1875
7,152.50144139321944,-101.19922885435334,1.0
7,120.72080990822494,-99.43735945307934,1.0
7,119.75522480861605,-99.75681605010509,1.0
7,115.02343117825404,-84.99230627204373,0.875
7,102.33073009121965,-40.508042782384535,0.4375
7,106.31538345313956,-76.72672353412135,0.8125
7,114.40216805330499,-92.28353646696128,0.9375
7,93.69168166119604,-21.16208020477937,0.25
7,120.97581029950139,-90.78197589018045,0.9375
7,98.99541768789123,-37.78997880383164,0.4375
7,78.14708938623711,-10.134479987791744,0.125
7,87.29730426301235,-3.489042663139784,0.0625
7,118.46718197724213,-91.30362215598436,0.9375
7,88.15866755884227,-5.142596050535924,0.0625
7,106.56934973165886,-82.98486353125973,0.875
7,173.77125206249067,-103.62905562860968,1.0
7,108.17641158080578,-82.70135582924203,0.875
7,76.20410179247689,-5.711236753992,0.0625
7,105.47145972813854,-47.078662503221686,0.5
7,84.34591338476059,-5.9938018176542345,0.0625
7,121.14581480309894,-98.72193321028512,1.0
7,107.5998300400147,-71.31790845969229,0.75
7,104.63153249026777,-76.71888228252047,0.8125
7,116.62140954276974,-70.10329708719138,0.75
7,103.34707358796148,-70.90099260984775,0.75
7,85.34836294257192,-33.418527929238714,0.375
7,118.6253748946781,-90.99050831273644,0.9375
7,91.26582018187673,-9.865976240596595,0.125
7,123.9864505667857,-100.35418594561139,1.0
7,115.3320912496851,-93.95866751711075,0.9375
7,71.92826579765675,-14.593922059865532,0.125
7,120.55741943550373,-92.22201407652108,0.9375
7,95.61462701597723,-32.42759507375777,0.375
7,99.78341242169678,-39.8041167500112,0.4375
7,94.17815698314446,-51.358938382975545,0.5625
7,114.32881414433955,-100.21215329566192,1.0
7,121.44016348406497,-91.01354124419159,0.9375
7,106.70840543850562,-82.9093051320037,0.875
7,131.26244581597388,-99.11228821450487,1.0
7,131.61008002534885,-102.70636121089365,1.0
7,118.31940747646415,-83.79312162626503,0.875
7,71.17806947894613,-8.67303412729267,0.0625
7,90.90394081321797,-20.545446362165748,0.25
7,134.50713412933214,-100.5451719807358,1.0
7,125.35742656729919,-76.67999908448341,0.8125
7,77.1202237956968,-9.681060486269002,0.125
7,94.06426191926357,-76.48367689157593,0.8125
7,82.07086985071973,-20.622672161091064,0.25
7,109.87704626205968,-51.441947579942166,0.5625
7,94.9453180897502,-50.35676598455591,0.5625
7,98.16437541273187,-33.10777302168443,0.375
7,123.42780728763552,-100.01995365145656,1.0
7,81.03113667708757,-4.123535825251549,0.0625
7,98.79704642826363,-34.32443986189249,0.375
7,104.15804011888505,-26.12239025878836,0.3125
7,111.66871300997927,-64.80331476789786,0.6875
7,111.33573413718274,-91.97472301616092,0.9375
7,94.1867879707955,-31.348370461585013,0.375
7,121.00414256523652,-99.25436105141,1.0
7,113.57216361135363,-69.17982955566359,0.75
7,82.5533048066774,-5.652550419551155,0.0625
7,110.77110274051488,-100.5523329983527,1.0
7,147.13882201341337,-99.48558225915068,1.0
7,115.14657777120006,-93.57066817140507,0.9375
7,81.71891242543255,-10.410860111010798,0.125
7,115.49707899255135,-93.0283757188484,0.9375
7,72.72863352057722,-7.137483576597621,0.0625
7,141.87562045440535,-100.27493480308132,1.0
7,78.9184189415586,-5.566029336269876,0.0625
7,110.37524390362996,-90.64530237106631,0.9375
7,102.54402009038417,-45.93944522188338,0.5
7,135.56169643656588,-99.80527434031592,1.0
7,109.42840470207398,-91.0500488114487,0.9375
7,102.33546674329203,-71.95934701124011,0.75
7,103.17781061227534,-69.85166676518836,0.75
7,137.2618420713082,-99.85943610191937,1.0
7,139.9292795616804,-100.45970333203165,1.0
7,85.25531728775833,-11.608758422042524,0.125
7,101.41648379607236,-77.22727823290761,0.8125
7,122.54833152068254,-100.77053508629646,1.0
7,156.9073502696531,-100.48206705033544,1.0
7,104.43425128239969,-47.053623856996914,0.5
7,143.40855929191747,-103.01430652430105,1.0
7,151.5717505679074,-99.438967276404,1.0
7,101.27562309078473,-70.1882356350013,0.75
7,103.90171986864453,-25.793573953029064,0.3125
7,119.53734459943594,-91.28856791984728,0.9375
7,111.8162858537125,-101.59409376639985,1.0
7,152.00015087171087,-100.6049537187886,1.0
7,94.68068163215018,1.2517719973123302,0.0
7,158.03529927327156,-102.13494935800533,1.0
7,105.71481764824667,-101.32625493714121,1.0
7,120.72889165827787,-99.84524504009423,1.0
7,103.81941176358755,-13.876240124553798,0.1875
7,118.94068045255844,-92.52027140083302,0.9375
7,109.06621767597848,-65.1417835840448,0.6875
7,107.52156160449773,-75.76222207377566,0.8125
7,102.11603123880573,-49.378598502604646,0.5625
7,98.62148286711027,-49.682162234430656,0.5625
7,89.5639682177088,-37.20615529310354,0.4375
7,112.89726590471128,-100.31827894099833,1.0
7,86.22370080406353,-10.659148314175205,0.125
7,116.91131655432463,-93.16878503509466,0.9375
7,138.92904398499374,-101.04087587181277,1.0
7,92.81224504707912,-24.234951059789932,0.25
7,83.715201369086,-26.27138662009628,0.25
7,98.31029229605684,-64.115632636545,0.6875
7,111.58902909582761,-81.44347880670348,0.8125
7,127.99473137349449,-100.63885660665126,1.0
7,119.40145614246109,-92.31401130719037,0.9375
7,127.92047542617252,-98.83667215694305,1.0
